CustomerID,Recency,Frequency,Monetary,TotalUnits,UniqueSKUs,AvgUnitPrice,Tenure,AOV,AvgBasketSize,CancelledOrders,CancellationRate
12346,326,1,77183.6,74215,1,1.04,0,77183.6,74215.0,1,0.5
12347,2,7,4310.0,2458,103,2.644010989010989,365,615.7142857142857,351.14285714285717,0,0.0
12348,75,4,1437.24,2332,21,0.692962962962963,282,359.31,583.0,0,0.0
12349,19,1,1457.55,630,72,4.237500000000001,0,1457.55,630.0,0,0.0
12350,310,1,294.4,196,16,1.58125,0,294.4,196.0,0,0.0
12352,36,7,1385.74,526,57,4.075454545454545,260,197.96285714285713,75.14285714285714,1,0.125
12353,204,1,89.0,20,4,6.074999999999999,0,89.0,20.0,0,0.0
12354,232,1,1079.4,530,58,4.5037931034482765,0,1079.4,530.0,0,0.0
12355,214,1,459.4,240,13,4.203846153846154,0,459.4,240.0,0,0.0
12356,23,3,2487.43,1573,52,2.9460344827586207,302,829.1433333333333,524.3333333333334,0,0.0
12357,33,1,6207.67,2708,131,3.3486259541984733,0,6207.67,2708.0,0,0.0
12358,2,2,928.0600000000001,242,12,4.541764705882353,149,464.03000000000003,121.0,0,0.0
12359,58,4,6310.03,1609,214,8.664530612244898,274,1577.5075,402.25,2,0.3333333333333333
12360,52,3,2302.06,1156,104,2.681825396825397,148,767.3533333333334,385.3333333333333,0,0.0
12361,287,1,174.9,90,9,2.038888888888889,0,174.9,90.0,0,0.0
12362,3,10,4737.23,2197,200,3.4972265625,292,473.72299999999996,219.7,3,0.23076923076923078
12363,110,2,552.0,408,23,2.3117391304347827,132,276.0,204.0,0,0.0
12364,8,4,1208.1,1499,69,1.2638271604938272,104,302.025,374.75,0,0.0
12365,291,1,320.69,173,21,2.6961904761904765,0,320.69,173.0,0,0.0
12367,4,1,150.9,172,10,1.72,0,150.9,172.0,0,0.0
12370,51,4,3421.94,2349,142,2.569090909090909,309,855.485,587.25,0,0.0
12371,60,1,1527.96,582,62,3.291612903225807,0,1527.96,582.0,0,0.0
12372,72,3,1196.04,788,33,2.1442857142857146,224,398.68,262.6666666666667,0,0.0
12373,311,1,324.6,196,13,1.8576923076923075,0,324.6,196.0,0,0.0
12374,25,1,622.93,339,32,3.1015625,0,622.93,339.0,0,0.0
12375,11,2,377.5,176,13,2.5013333333333336,87,188.75,88.0,1,0.3333333333333333
12377,315,2,1548.12,942,71,2.2282894736842103,39,774.06,471.0,0,0.0
12378,130,1,4008.62,2529,219,2.9974429223744297,0,4008.62,2529.0,0,0.0
12379,82,2,777.24,402,38,2.2276315789473684,88,388.62,201.0,1,0.3333333333333333
12380,22,4,2427.81,1110,76,2.8238,164,606.9525,277.5,1,0.2
12381,5,3,1474.81,797,69,3.377317073170732,115,491.6033333333333,265.6666666666667,1,0.25
12383,185,5,1628.56,1518,83,2.421382978723404,167,325.712,303.6,1,0.16666666666666666
12384,29,2,425.27000000000004,122,25,5.3096000000000005,92,212.63500000000002,61.0,1,0.3333333333333333
12386,338,2,401.9,354,10,2.391,29,200.95,177.0,0,0.0
12388,16,6,2780.66,1462,57,2.7777,311,463.4433333333333,243.66666666666666,0,0.0
12390,80,1,504.84000000000003,350,31,3.641935483870968,0,504.84000000000003,350.0,0,0.0
12391,22,1,439.66,293,92,2.416774193548387,0,439.66,293.0,0,0.0
12393,72,4,1582.6000000000001,816,47,2.2796875,260,395.65000000000003,204.0,0,0.0
12394,64,2,1080.48,808,25,2.3204,153,540.24,404.0,0,0.0
12395,19,12,2682.63,2097,90,2.987083333333333,351,223.5525,174.75,3,0.2
12397,36,2,2214.9,1250,109,3.282258064516129,99,1107.45,625.0,0,0.0
12398,46,1,1435.66,1389,84,1.5402380952380952,0,1435.66,1389.0,0,0.0
12399,119,4,1033.65,1173,46,1.1774545454545455,142,258.4125,293.25,0,0.0
12401,303,1,69.3,10,4,8.35,0,69.3,10.0,0,0.0
12402,323,1,195.6,92,10,2.12,0,195.6,92.0,0,0.0
12403,50,1,391.7,94,4,4.3500000000000005,0,391.7,94.0,0,0.0
12405,149,1,1390.39,849,53,2.856415094339623,0,1390.39,849.0,0,0.0
12406,22,2,3415.3,1818,92,2.487047619047619,161,1707.65,909.0,1,0.3333333333333333
12407,50,5,1507.1200000000001,1403,56,2.410972222222222,214,301.42400000000004,280.6,0,0.0
12408,33,5,2618.55,1391,80,2.548514851485148,227,523.71,278.2,3,0.375
12409,79,3,11072.67,5551,91,3.574495412844037,103,3690.89,1850.3333333333333,4,0.5714285714285714
12410,309,2,533.33,207,25,4.9888,0,266.665,103.5,1,0.3333333333333333
12412,75,3,1142.88,824,42,1.9748275862068967,94,380.96000000000004,274.6666666666667,0,0.0
12413,67,3,686.1,282,28,4.065,270,228.70000000000002,94.0,1,0.25
12414,217,3,442.41,297,15,2.284,93,147.47,99.0,0,0.0
12415,24,20,124564.53,77373,443,2.450322580645161,313,6228.2265,3868.65,4,0.16666666666666666
12417,3,9,3226.1,1527,157,4.775300546448087,354,358.4555555555555,169.66666666666666,3,0.25
12418,113,1,668.58,407,34,3.5644117647058824,0,668.58,407.0,0,0.0
12420,64,1,600.39,345,29,4.707241379310345,0,600.39,345.0,0,0.0
12421,16,4,639.04,478,31,2.229512195121951,303,159.76,119.5,0,0.0
12422,96,3,683.5600000000001,367,38,2.293421052631579,229,227.85333333333335,122.33333333333333,0,0.0
12423,1,8,1634.31,1324,96,2.087179487179487,352,204.28875,165.5,1,0.1111111111111111
12424,163,2,1760.96,740,30,2.780666666666667,0,880.48,370.0,0,0.0
12425,78,1,777.2,496,36,2.5644444444444443,0,777.2,496.0,0,0.0
12426,195,1,510.73,254,29,3.451379310344828,0,510.73,254.0,0,0.0
12427,22,3,699.8,526,25,3.152142857142857,349,233.26666666666665,175.33333333333334,2,0.4
12428,26,8,6405.26,3509,256,2.9437630662020906,257,800.6575,438.625,3,0.2727272727272727
12429,9,4,3388.4,1538,81,3.065744680851064,356,847.1,384.5,0,0.0
12430,43,1,216.4,116,10,2.848,0,216.4,116.0,0,0.0
12431,36,15,6314.95,2889,162,3.675603448275862,338,420.99666666666667,192.6,3,0.16666666666666666
12432,43,4,4359.32,1800,106,4.107383177570093,129,1089.83,450.0,0,0.0
12433,1,7,13375.87,11071,219,2.1927380952380955,372,1910.8385714285716,1581.5714285714287,0,0.0
12434,85,2,806.14,394,46,3.6726,175,403.07,197.0,2,0.5
12435,80,2,7829.89,2055,31,5.479166666666667,188,3914.945,1027.5,0,0.0
12436,100,1,429.01000000000005,209,15,2.952,0,429.01000000000005,209.0,0,0.0
12437,2,18,4447.41,2894,117,2.8722826086956523,329,247.07833333333332,160.77777777777777,1,0.05263157894736842
12438,14,2,2466.85,1169,83,3.142708333333333,125,1233.425,584.5,0,0.0
12441,367,1,155.55,120,10,2.271,0,155.55,120.0,0,0.0
12442,3,1,144.06,181,11,1.0981818181818181,0,144.06,181.0,0,0.0
12444,21,5,4085.46,1130,137,5.576337209302325,149,817.092,226.0,0,0.0
12445,22,1,77.4,60,3,1.3166666666666667,0,77.4,60.0,0,0.0
12446,58,1,1002.3100000000001,351,57,4.352631578947368,0,1002.3100000000001,351.0,0,0.0
12447,243,1,431.49,187,25,3.1172000000000004,0,431.49,187.0,0,0.0
12448,44,1,365.45,240,21,4.901904761904762,0,365.45,240.0,0,0.0
12449,22,4,3596.29,1523,117,3.4368449197860964,164,899.0725,380.75,0,0.0
12450,156,2,197.88,128,7,1.6175,17,98.94,64.0,0,0.0
12451,11,5,8995.52,6574,264,2.3437110481586405,313,1799.104,1314.8,1,0.16666666666666666
12452,17,1,348.57,181,20,2.8835,0,348.57,181.0,0,0.0
12453,134,1,707.09,473,43,2.393255813953488,0,707.09,473.0,0,0.0
12454,56,1,3528.34,1006,15,7.282,0,3528.34,1006.0,1,0.5
12455,73,5,2339.86,2084,84,1.8658823529411763,223,467.97200000000004,416.8,0,0.0
12456,44,3,2581.04,1618,104,2.7300819672131147,210,860.3466666666667,539.3333333333334,1,0.25
12457,66,6,2043.23,835,52,3.595593220338983,172,340.53833333333336,139.16666666666666,5,0.45454545454545453
12458,71,2,787.4,502,34,2.3444444444444446,213,393.7,251.0,0,0.0
12461,155,1,626.88,282,34,3.2076470588235293,0,626.88,282.0,0,0.0
12462,19,2,937.59,527,50,3.9125,284,468.795,263.5,2,0.5
12463,53,4,1200.78,768,64,2.2862025316455696,188,300.195,192.0,2,0.3333333333333333
12464,10,8,957.05,95,5,10.825000000000001,299,119.63125,11.875,0,0.0
12465,17,2,682.1899999999999,475,45,2.216,152,341.09499999999997,237.5,1,0.3333333333333333
12468,188,2,657.54,362,35,2.710277777777778,128,328.77,181.0,1,0.3333333333333333
12471,2,27,17388.649999999998,8092,148,2.605525114155251,362,644.024074074074,299.7037037037037,18,0.4
12472,32,7,6068.11,4120,218,2.0687048192771083,336,866.8728571428571,588.5714285714286,6,0.46153846153846156
12473,54,3,2585.73,2394,138,1.8105,138,861.91,798.0,1,0.25
12474,17,18,6694.09,4798,252,2.265615763546798,312,371.8938888888889,266.55555555555554,12,0.4
12475,54,1,669.38,532,35,2.5108571428571427,0,669.38,532.0,0,0.0
12476,16,11,5898.42,2357,176,4.3019196428571425,345,536.22,214.27272727272728,9,0.45
12477,23,6,13219.74,3653,191,4.3832,278,2203.29,608.8333333333334,3,0.3333333333333333
12478,4,1,545.99,233,35,3.3817142857142857,0,545.99,233.0,0,0.0
12479,11,1,473.2,382,30,2.1576666666666666,0,473.2,382.0,2,0.6666666666666666
12480,28,4,2885.63,1685,128,2.738,307,721.4075,421.25,0,0.0
12481,23,10,5003.82,3262,149,2.8625,342,500.38199999999995,326.2,1,0.09090909090909091
12483,17,8,1910.98,1094,45,2.2626470588235295,322,238.8725,136.75,3,0.2727272727272727
12484,35,4,3939.32,2166,255,2.8323893805309734,301,984.83,541.5,2,0.3333333333333333
12488,10,3,1244.66,526,45,3.4705555555555554,65,414.8866666666667,175.33333333333334,0,0.0
12489,336,1,298.93,103,14,5.0442857142857145,0,298.93,103.0,0,0.0
12490,5,10,4859.93,3033,130,2.0414893617021277,324,485.99300000000005,303.3,0,0.0
12491,39,1,424.40000000000003,258,24,2.792,0,424.40000000000003,258.0,0,0.0
12492,63,2,227.21,190,18,1.7194444444444443,42,113.605,95.0,0,0.0
12493,166,2,415.74,206,19,3.657142857142857,31,207.87,103.0,1,0.3333333333333333
12494,16,7,1084.1000000000001,698,62,2.6674647887323943,349,154.8714285714286,99.71428571428571,6,0.46153846153846156
12497,82,1,953.1,1231,13,0.8338461538461538,0,953.1,1231.0,0,0.0
12498,21,3,349.70000000000005,156,20,2.8833333333333333,36,116.56666666666668,52.0,0,0.0
12500,23,11,4059.82,2667,33,3.4971153846153844,310,369.07454545454544,242.45454545454547,2,0.15384615384615385
12501,337,1,2025.39,1775,148,2.307364864864865,0,2025.39,1775.0,1,0.5
12502,96,5,2995.87,794,101,5.66556338028169,214,599.174,158.8,0,0.0
12504,18,2,428.04999999999995,87,5,7.887499999999999,12,214.02499999999998,43.5,2,0.5
12506,233,1,73.5,23,23,3.1956521739130435,0,73.5,23.0,0,0.0
12507,134,3,1052.81,885,18,2.4273684210526314,164,350.93666666666667,295.0,1,0.25
12508,26,2,397.88,271,57,1.7400000000000002,2,198.94,135.5,0,0.0
12509,284,1,158.5,54,6,3.491666666666667,0,158.5,54.0,0,0.0
12510,143,2,814.5699999999999,347,28,2.7319354838709677,182,407.28499999999997,173.5,0,0.0
12512,66,2,132.18,96,31,2.640322580645161,0,66.09,48.0,0,0.0
12513,113,1,558.29,459,34,1.7152941176470589,0,558.29,459.0,1,0.5
12514,267,1,1017.68,440,51,3.296862745098039,0,1017.68,440.0,0,0.0
12515,353,1,278.7,128,15,4.9,0,278.7,128.0,0,0.0
12516,78,2,1186.06,868,19,1.4529166666666666,102,593.03,434.0,0,0.0
12517,28,4,2301.6,1351,231,2.1956159420289856,161,575.4,337.75,1,0.2
12518,1,5,1840.89,1306,83,2.2000840336134453,109,368.178,261.2,0,0.0
12519,64,1,276.84,172,16,2.161875,0,276.84,172.0,0,0.0
12520,79,5,2346.2599999999998,1423,120,2.7880272108843536,194,469.25199999999995,284.6,1,0.16666666666666666
12521,143,1,545.68,306,37,2.5902702702702705,0,545.68,306.0,0,0.0
12522,39,2,156.72,192,10,2.4010000000000002,12,78.36,96.0,0,0.0
12523,19,11,1699.77,860,83,4.423137254901961,312,154.52454545454546,78.18181818181819,2,0.15384615384615385
12524,9,8,3945.72,3669,112,2.0298529411764705,324,493.215,458.625,0,0.0
12526,1,3,1172.66,624,63,2.7076470588235293,93,390.8866666666667,208.0,0,0.0
12527,82,3,330.71000000000004,233,17,2.0429411764705883,243,110.23666666666668,77.66666666666667,0,0.0
12528,9,6,1645.48,740,49,4.615,303,274.24666666666667,123.33333333333333,2,0.25
12530,60,4,1500.28,904,50,2.974838709677419,277,375.07,226.0,1,0.2
12531,15,1,125.22,45,17,3.8094117647058825,0,125.22,45.0,0,0.0
12532,30,1,313.83000000000004,151,15,2.744666666666667,0,313.83000000000004,151.0,0,0.0
12534,131,1,981.18,645,62,2.794032258064516,0,981.18,645.0,0,0.0
12535,92,2,716.35,219,28,4.451470588235294,94,358.175,109.5,0,0.0
12536,59,1,4279.71,2801,259,2.891158301158301,0,4279.71,2801.0,1,0.5
12538,29,1,363.95,191,21,3.6433333333333335,0,363.95,191.0,0,0.0
12539,22,4,5568.35,2067,157,4.176520146520147,311,1392.0875,516.75,0,0.0
12540,20,17,11580.24,6620,276,2.956377440347072,342,681.1905882352941,389.4117647058824,2,0.10526315789473684
12541,30,3,841.18,675,45,2.1228571428571428,251,280.3933333333333,225.0,0,0.0
12544,36,1,316.7,134,18,2.778888888888889,0,316.7,134.0,1,0.5
12545,75,2,832.39,517,41,3.0247916666666668,184,416.195,258.5,0,0.0
12546,47,2,1021.5,628,58,2.458955223880597,31,510.75,314.0,1,0.3333333333333333
12547,198,2,151.79999999999998,132,6,1.2666666666666666,82,75.89999999999999,66.0,0,0.0
12548,166,1,67.19999999999999,48,4,1.4,0,67.19999999999999,48.0,0,0.0
12550,79,1,824.83,564,56,2.6455357142857143,0,824.83,564.0,0,0.0
12551,358,1,168.0,100,10,1.6800000000000002,0,168.0,100.0,0,0.0
12552,40,1,317.82,85,19,7.49,0,317.82,85.0,0,0.0
12553,8,10,3278.28,1942,94,2.4677472527472526,321,327.82800000000003,194.2,4,0.2857142857142857
12556,50,2,599.56,355,100,2.6860504201680673,100,299.78,177.5,0,0.0
12557,16,5,11990.960000000001,4384,15,2.1766666666666667,355,2398.192,876.8,0,0.0
12558,8,1,269.96,196,11,1.25,0,269.96,196.0,1,0.5
12559,311,2,525.71,281,20,2.8265000000000002,8,262.855,140.5,1,0.3333333333333333
12560,5,2,1918.01,1098,90,2.5622330097087382,137,959.005,549.0,1,0.3333333333333333
12561,303,1,238.85,177,16,2.964375,0,238.85,177.0,0,0.0
12562,8,7,3385.7400000000002,1757,98,2.544223602484472,190,483.6771428571429,251.0,0,0.0
12564,261,1,402.9,130,20,4.955,0,402.9,130.0,0,0.0
12565,289,1,145.92,80,9,2.351111111111111,0,145.92,80.0,1,0.5
12566,86,1,297.65,262,18,3.1205555555555557,0,297.65,262.0,1,0.5
12567,23,10,8609.28,4261,322,3.141963470319635,346,860.9280000000001,426.1,1,0.09090909090909091
12569,2,32,3152.69,1747,91,2.9535031847133757,250,98.5215625,54.59375,1,0.030303030303030304
12571,40,2,519.61,523,31,1.3205882352941176,81,259.805,261.5,0,0.0
12572,9,2,912.42,446,52,3.752931034482759,43,456.21,223.0,1,0.3333333333333333
12573,227,1,160.54000000000002,84,26,2.0964285714285715,0,160.54000000000002,84.0,0,0.0
12574,316,1,182.45000000000002,59,10,3.9200000000000004,0,182.45000000000002,59.0,0,0.0
12576,36,5,1315.83,967,72,2.4045454545454543,268,263.166,193.4,1,0.16666666666666666
12577,35,3,622.65,468,136,1.7208275862068967,323,207.54999999999998,156.0,1,0.25
12578,21,2,2402.51,1182,110,2.713392857142857,308,1201.255,591.0,2,0.5
12579,78,1,386.42,282,28,2.815,0,386.42,282.0,1,0.5
12580,247,1,379.7,236,23,1.9382608695652173,0,379.7,236.0,0,0.0
12581,40,1,179.71,160,14,1.8135714285714286,0,179.71,160.0,0,0.0
12582,239,2,351.36,296,20,1.7550000000000001,49,175.68,148.0,0,0.0
12583,3,15,6705.38,5028,114,2.1404741379310344,370,447.0253333333333,335.2,2,0.11764705882352941
12584,4,9,2254.15,413,43,7.268421052631579,276,250.4611111111111,45.888888888888886,9,0.5
12585,234,2,1824.1,1267,76,3.1218823529411766,117,912.05,633.5,2,0.5
12586,17,1,196.94000000000003,79,11,4.190909090909091,0,196.94000000000003,79.0,1,0.5
12587,8,1,104.0,50,3,2.08,0,104.0,50.0,0,0.0
12588,39,1,174.89999999999998,52,9,6.199999999999999,0,174.89999999999998,52.0,0,0.0
12589,29,2,574.68,302,28,3.6848484848484846,115,287.34,151.0,0,0.0
12590,211,1,9341.26,4282,67,2.8988059701492537,0,9341.26,4282.0,1,0.5
12591,317,1,368.85,225,25,2.812,0,368.85,225.0,0,0.0
12592,92,2,401.6,288,10,1.4749999999999999,121,200.8,144.0,0,0.0
12593,109,3,382.09999999999997,204,13,1.8849999999999998,110,127.36666666666666,68.0,0,0.0
12594,38,9,3208.2200000000003,1772,49,2.2344736842105264,285,356.4688888888889,196.88888888888889,0,0.0
12596,51,2,450.27,468,24,2.5180000000000002,190,225.135,234.0,0,0.0
12597,19,4,3195.22,2214,183,3.4656930693069308,248,798.805,553.5,1,0.2
12598,10,7,2807.08,1952,83,2.2458267716535434,275,401.01142857142855,278.85714285714283,1,0.125
12599,29,7,888.58,948,31,1.0867272727272728,275,126.94000000000001,135.42857142857142,0,0.0
12600,29,10,2311.04,758,31,3.154074074074074,342,231.10399999999998,75.8,0,0.0
12601,190,5,487.06,240,20,4.013478260869565,142,97.412,48.0,1,0.16666666666666666
12602,59,1,153.12,162,12,1.9708333333333332,0,153.12,162.0,0,0.0
12603,22,1,613.1999999999999,56,1,10.95,0,613.1999999999999,56.0,0,0.0
12604,79,2,236.18,200,14,1.564,182,118.09,100.0,0,0.0
12607,60,1,1579.51,1228,101,2.1577227722772276,0,1579.51,1228.0,1,0.5
12609,78,3,964.85,639,56,2.755614035087719,240,321.6166666666667,213.0,0,0.0
12610,23,4,1747.54,1039,84,3.7707843137254904,103,436.885,259.75,2,0.3333333333333333
12611,52,1,1193.32,846,65,2.675076923076923,0,1193.32,846.0,0,0.0
12612,74,1,668.0400000000001,260,18,3.6855555555555557,0,668.0400000000001,260.0,1,0.5
12613,57,4,3092.38,1630,123,2.466510067114094,204,773.095,407.5,1,0.2
12614,278,1,315.6,76,20,5.61,0,315.6,76.0,0,0.0
12615,2,4,2093.19,1365,81,2.499108910891089,166,523.2975,341.25,0,0.0
12616,95,2,641.3,280,24,2.875,202,320.65,140.0,3,0.6
12617,29,1,352.98,210,39,1.928780487804878,0,352.98,210.0,0,0.0
12618,22,1,137.31,95,10,3.3020000000000005,0,137.31,95.0,0,0.0
12619,16,8,2945.56,3360,48,1.4562195121951218,237,368.195,420.0,3,0.2727272727272727
12620,15,3,1303.41,1179,88,1.9736263736263735,189,434.47,393.0,0,0.0
12621,2,20,12411.67,7369,260,2.2866369710467707,364,620.5835,368.45,3,0.13043478260869565
12622,232,1,162.1,68,10,4.513,0,162.1,68.0,0,0.0
12623,276,1,269.1,189,17,1.724705882352941,0,269.1,189.0,0,0.0
12624,106,2,569.13,351,35,3.087222222222222,71,284.565,175.5,0,0.0
12625,212,2,2413.82,1597,72,1.7945238095238096,107,1206.91,798.5,1,0.3333333333333333
12626,23,9,5954.48,3416,231,2.341719298245614,303,661.6088888888888,379.55555555555554,4,0.3076923076923077
12627,11,6,4082.53,2730,161,2.534464285714286,129,680.4216666666667,455.0,0,0.0
12628,4,3,732.46,445,33,2.453684210526316,60,244.15333333333334,148.33333333333334,1,0.25
12630,10,2,1030.88,542,59,3.3408064516129032,34,515.44,271.0,0,0.0
12631,57,1,480.5,232,30,3.355,0,480.5,232.0,0,0.0
12633,59,4,1929.98,1149,72,2.6015463917525774,229,482.495,287.25,1,0.2
12635,90,2,1509.18,1162,95,2.2093939393939395,65,754.59,581.0,0,0.0
12637,67,8,5804.9,2983,204,2.5428496042216358,256,725.6125,372.875,1,0.1111111111111111
12638,33,1,511.69,573,38,1.5747368421052632,0,511.69,573.0,0,0.0
12639,239,1,366.1,198,21,3.2476190476190476,0,366.1,198.0,0,0.0
12640,24,3,994.58,301,46,4.98,57,331.5266666666667,100.33333333333333,0,0.0
12641,115,1,145.9,71,9,3.2944444444444443,0,145.9,71.0,0,0.0
12642,25,3,905.26,546,38,2.608181818181818,82,301.75333333333333,182.0,0,0.0
12643,128,6,3041.64,1788,10,1.9172222222222222,204,506.94,298.0,0,0.0
12644,130,1,477.91,325,31,2.8045161290322578,0,477.91,325.0,0,0.0
12645,34,4,1631.18,1076,57,1.7189855072463769,282,407.795,269.0,1,0.2
12646,5,2,1346.97,897,43,2.387111111111111,44,673.485,448.5,0,0.0
12647,22,12,3146.82,1399,77,4.12256880733945,346,262.235,116.58333333333333,1,0.07692307692307693
12648,155,1,300.05,159,20,2.431,0,300.05,159.0,0,0.0
12649,107,3,569.51,583,27,1.6417241379310346,105,189.83666666666667,194.33333333333334,1,0.25
12650,3,1,242.44000000000003,250,19,1.0889473684210527,0,242.44000000000003,250.0,0,0.0
12651,335,1,114.0,78,9,2.244444444444445,0,114.0,78.0,0,0.0
12652,331,1,793.98,498,47,2.5759574468085105,0,793.98,498.0,1,0.5
12653,149,2,2209.85,919,37,2.5909302325581396,147,1104.925,459.5,0,0.0
12654,11,5,529.98,260,30,2.8229411764705885,284,105.99600000000001,52.0,0,0.0
12656,17,5,3619.17,1699,88,3.889504132231405,216,723.8340000000001,339.8,3,0.375
12657,11,4,1427.18,1032,34,4.16159090909091,67,356.795,258.0,1,0.2
12658,19,1,632.05,317,35,3.717714285714286,0,632.05,317.0,0,0.0
12659,30,1,73.68,104,4,2.135,0,73.68,104.0,0,0.0
12660,11,1,227.1,126,12,2.6875,0,227.1,126.0,0,0.0
12662,1,11,3543.78,2041,128,2.5340454545454545,372,322.1618181818182,185.54545454545453,1,0.08333333333333333
12664,8,9,4391.88,1188,9,3.362142857142857,314,487.9866666666667,132.0,0,0.0
12665,325,1,45.0,36,2,1.25,0,45.0,36.0,1,0.5
12667,58,1,460.13,391,32,2.4875,0,460.13,391.0,0,0.0
12668,12,4,3177.15,1599,114,3.0880254777070064,343,794.2875,399.75,2,0.3333333333333333
12669,151,2,1427.73,1104,96,2.1997959183673466,105,713.865,552.0,0,0.0
12670,10,5,2744.05,1383,57,2.3873563218390803,222,548.8100000000001,276.6,1,0.16666666666666666
12672,330,1,225.89999999999998,78,10,3.79,0,225.89999999999998,78.0,0,0.0
12673,5,2,574.52,349,41,2.560731707317073,321,287.26,174.5,0,0.0
12674,39,4,1844.6,1126,51,2.4827848101265824,169,461.15,281.5,3,0.42857142857142855
12676,25,6,1091.39,664,32,1.9556410256410255,286,181.89833333333334,110.66666666666667,0,0.0
12678,42,10,16481.46,10901,104,2.8058598726114647,311,1648.146,1090.1,1,0.09090909090909091
12679,59,4,951.02,545,42,2.731818181818182,225,237.755,136.25,5,0.5555555555555556
12680,1,4,790.81,439,32,2.7585714285714285,112,197.7025,109.75,0,0.0
12681,15,22,12365.54,7457,266,2.6226623376623377,353,562.07,338.95454545454544,4,0.15384615384615385
12682,4,31,11019.82,5485,208,2.922040404040404,367,355.478064516129,176.93548387096774,0,0.0
12683,4,14,7612.57,4934,176,2.173383685800604,361,543.755,352.42857142857144,5,0.2631578947368421
12684,8,6,2073.63,1973,59,1.4620408163265306,205,345.605,328.8333333333333,0,0.0
12685,28,6,2575.08,1507,116,2.4778145695364238,65,429.18,251.16666666666666,0,0.0
12686,372,1,71.14,106,6,0.8016666666666666,0,71.14,106.0,0,0.0
12688,114,1,4873.8099999999995,3028,171,4.124736842105263,0,4873.8099999999995,3028.0,0,0.0
12689,26,2,1139.61,622,56,2.419142857142857,101,569.805,311.0,0,0.0
12690,206,1,335.01,103,15,4.695333333333334,0,335.01,103.0,0,0.0
12691,28,5,927.8,388,20,2.6351851851851853,329,185.56,77.6,0,0.0
12693,127,4,711.91,247,34,4.0048571428571424,192,177.9775,61.75,2,0.3333333333333333
12694,70,2,761.67,503,31,3.096,112,380.835,251.5,0,0.0
12695,7,4,582.1,220,23,4.785555555555556,203,145.525,55.0,0,0.0
12697,29,3,757.59,503,36,2.266578947368421,140,252.53,167.66666666666666,2,0.4
12700,8,4,4525.99,2944,192,2.3868560606060605,207,1131.4975,736.0,0,0.0
12701,80,2,725.71,674,49,2.5060784313725493,162,362.855,337.0,0,0.0
12702,20,1,201.0,52,11,4.3,0,201.0,52.0,0,0.0
12703,71,1,265.55,163,20,1.8699999999999999,0,265.55,163.0,1,0.5
12704,7,8,1740.84,991,63,3.5271604938271603,162,217.605,123.875,0,0.0
12705,15,8,6382.29,3970,227,2.5840853658536584,341,797.78625,496.25,5,0.38461538461538464
12707,292,1,603.42,256,33,3.236666666666667,0,603.42,256.0,0,0.0
12708,30,10,2442.91,1292,85,3.385578231292517,338,244.291,129.2,6,0.375
12709,15,15,9400.52,3895,92,2.971089108910891,351,626.7013333333333,259.6666666666667,11,0.4230769230769231
12710,97,3,1023.02,844,74,2.098918918918919,104,341.00666666666666,281.3333333333333,1,0.25
12712,29,13,3928.13,1036,57,5.121083333333333,342,302.1638461538462,79.6923076923077,4,0.23529411764705882
12713,1,1,794.55,505,37,2.0845945945945945,0,794.55,505.0,0,0.0
12714,9,5,4294.86,3046,215,2.0846456692913384,285,858.972,609.2,0,0.0
12715,106,1,263.36,190,19,1.5442105263157895,0,263.36,190.0,0,0.0
12716,4,2,963.49,703,59,2.2080597014925374,129,481.745,351.5,0,0.0
12717,151,2,830.98,502,48,2.959433962264151,94,415.49,251.0,0,0.0
12718,71,1,202.25,201,18,1.8733333333333333,0,202.25,201.0,0,0.0
12719,5,2,572.95,370,33,2.868918918918919,59,286.475,185.0,1,0.3333333333333333
12720,3,25,5115.7300000000005,4635,210,2.164795321637427,366,204.62920000000003,185.4,3,0.10714285714285714
12721,32,6,2386.13,1944,132,2.4918064516129035,323,397.68833333333333,324.0,1,0.14285714285714285
12722,85,4,979.63,565,49,3.3436538461538463,65,244.9075,141.25,2,0.3333333333333333
12723,4,5,707.07,433,52,2.9847058823529413,61,141.41400000000002,86.6,0,0.0
12724,5,4,923.41,439,46,2.5555102040816324,327,230.8525,109.75,0,0.0
12725,371,1,371.8,162,23,3.0652173913043477,0,371.8,162.0,0,0.0
12726,28,7,2411.1,3132,56,1.1558119658119657,329,344.4428571428571,447.42857142857144,0,0.0
12727,11,7,3440.7,2068,108,2.433181818181818,309,491.5285714285714,295.42857142857144,1,0.125
12728,71,4,728.33,413,37,3.3997619047619048,261,182.0825,103.25,0,0.0
12729,114,1,417.01,231,25,3.1296,0,417.01,231.0,0,0.0
12731,24,12,18751.91,8429,108,3.292490842490843,341,1562.6591666666666,702.4166666666666,2,0.14285714285714285
12732,180,1,218.26000000000002,110,11,2.2063636363636365,0,218.26000000000002,110.0,0,0.0
12733,234,1,383.95,137,22,3.372727272727273,0,383.95,137.0,0,0.0
12734,353,1,110.39999999999999,88,4,1.185,0,110.39999999999999,88.0,0,0.0
12735,315,2,689.5699999999999,363,37,4.802439024390243,21,344.78499999999997,181.5,0,0.0
12736,333,1,144.0,168,3,1.4400000000000002,0,144.0,168.0,0,0.0
12738,372,1,137.35,147,10,2.545,0,137.35,147.0,0,0.0
12739,99,1,975.54,485,37,3.103243243243243,0,975.54,485.0,0,0.0
12740,64,1,427.6,342,27,2.074074074074074,0,427.6,342.0,0,0.0
12743,134,2,540.13,315,114,3.069618320610687,0,270.065,157.5,0,0.0
12744,56,4,9120.39,5234,177,3.6794883720930236,262,2280.0975,1308.5,0,0.0
12747,2,11,4196.01,1275,42,4.3678640776699025,366,381.4554545454546,115.9090909090909,0,0.0
12748,1,206,31650.78,25051,1766,2.379563338639982,372,153.6445631067961,121.60679611650485,11,0.05069124423963134
12749,4,5,4090.88,1471,160,4.999949748743719,209,818.176,294.2,3,0.375
12750,129,1,275.88,137,15,4.62,0,275.88,137.0,0,0.0
12752,81,1,4366.78,2262,53,2.2941509433962266,0,4366.78,2262.0,0,0.0
12753,23,6,21429.39,11421,132,2.3373604060913706,339,3571.565,1903.5,5,0.45454545454545453
12754,236,3,3010.74,6481,49,1.125079365079365,72,1003.5799999999999,2160.3333333333335,0,0.0
12755,281,2,3811.95,1491,4,5.0249999999999995,85,1905.975,745.5,1,0.3333333333333333
12756,87,1,112.07999999999998,144,4,0.7424999999999999,0,112.07999999999998,144.0,0,0.0
12757,16,9,4176.75,2387,235,2.1466201117318437,195,464.0833333333333,265.22222222222223,1,0.1
12758,117,2,2791.59,2135,84,1.700618556701031,159,1395.795,1067.5,0,0.0
12759,52,3,1411.44,894,80,2.8311956521739132,223,470.48,298.0,0,0.0
12762,8,2,1702.52,1220,61,1.9819402985074626,17,851.26,610.0,0,0.0
12763,138,2,494.08,316,16,1.7716666666666667,230,247.04,158.0,0,0.0
12764,317,1,1693.88,386,45,5.387555555555555,0,1693.88,386.0,0,0.0
12766,4,7,6457.63,3627,204,2.744934640522876,362,922.5185714285715,518.1428571428571,0,0.0
12769,239,1,1143.6,356,32,4.45625,0,1143.6,356.0,0,0.0
12770,211,1,1351.45,743,12,2.625,0,1351.45,743.0,0,0.0
12772,60,1,752.47,551,54,3.2507407407407407,0,752.47,551.0,0,0.0
12775,17,5,1281.04,870,46,2.9691803278688527,294,256.20799999999997,174.0,1,0.16666666666666666
12778,20,6,693.23,817,39,1.8743181818181818,292,115.53833333333334,136.16666666666666,0,0.0
12779,38,8,3981.36,2024,88,3.6543624161073827,333,497.67,253.0,4,0.3333333333333333
12781,64,2,786.74,670,24,1.5945833333333332,221,393.37,335.0,2,0.5
12782,5,5,1938.92,1072,80,2.5710204081632653,352,387.784,214.4,1,0.16666666666666666
12783,2,4,1295.87,611,74,3.758461538461539,73,323.9675,152.75,0,0.0
12784,15,1,476.82,278,53,2.3773214285714284,0,476.82,278.0,0,0.0
12785,364,1,255.95,129,13,3.0461538461538455,0,255.95,129.0,1,0.5
12787,10,3,418.66,258,16,2.0564705882352943,182,139.55333333333334,86.0,0,0.0
12789,65,1,76.85,3,3,25.616666666666664,0,76.85,3.0,0,0.0
12790,192,1,294.92,164,20,3.396,0,294.92,164.0,0,0.0
12791,374,1,177.60000000000002,96,1,1.85,0,177.60000000000002,96.0,0,0.0
12792,257,1,344.53999999999996,215,24,2.4891666666666663,0,344.53999999999996,215.0,0,0.0
12793,335,2,461.48,292,20,1.7199999999999998,36,230.74,146.0,0,0.0
12794,53,2,860.41,592,43,2.077111111111111,45,430.205,296.0,0,0.0
12795,19,1,318.48,64,13,6.133076923076923,0,318.48,64.0,0,0.0
12797,366,1,226.03,117,12,3.2391666666666663,0,226.03,117.0,2,0.6666666666666666
12798,10,3,6977.04,5256,6,1.0474999999999999,160,2325.68,1752.0,0,0.0
12802,187,1,397.58,312,24,2.0,0,397.58,312.0,1,0.5
12808,37,3,455.65000000000003,187,26,3.1588888888888893,331,151.88333333333335,62.333333333333336,0,0.0
12809,178,1,405.31,217,24,3.42625,0,405.31,217.0,1,0.5
12811,262,2,458.85,227,26,2.564285714285714,22,229.425,113.5,0,0.0
12812,45,1,229.64000000000001,164,15,2.0686666666666667,0,229.64000000000001,164.0,0,0.0
12814,102,1,85.92,48,1,1.79,0,85.92,48.0,0,0.0
12815,148,2,863.46,374,37,3.863777777777778,50,431.73,187.0,0,0.0
12816,96,2,452.20000000000005,125,26,6.524074074074075,80,226.10000000000002,62.5,0,0.0
12817,281,1,126.03999999999999,52,3,2.7633333333333336,0,126.03999999999999,52.0,0,0.0
12818,262,1,1182.0800000000002,920,13,4.197692307692308,0,1182.0800000000002,920.0,1,0.5
12820,3,4,942.34,722,55,1.9047457627118642,323,235.585,180.5,0,0.0
12821,214,1,92.72,70,6,2.4983333333333335,0,92.72,70.0,0,0.0
12822,71,2,948.88,550,41,2.692608695652174,16,474.44,275.0,1,0.3333333333333333
12823,75,5,1759.5,230,1,7.65,221,351.9,46.0,0,0.0
12824,60,1,397.12,232,25,2.5356,0,397.12,232.0,0,0.0
12826,3,7,1474.72,1058,58,1.9276923076923078,362,210.67428571428573,151.14285714285714,1,0.125
12827,6,3,430.15000000000003,197,19,2.8680000000000003,38,143.38333333333335,65.66666666666667,0,0.0
12828,3,6,1018.71,494,46,3.09,127,169.785,82.33333333333333,0,0.0
12829,337,2,293.0,376,9,10.368181818181817,23,146.5,188.0,1,0.3333333333333333
12830,38,6,6814.64,9848,13,1.0863157894736843,134,1135.7733333333333,1641.3333333333333,0,0.0
12831,262,1,215.05,135,9,3.066666666666667,0,215.05,135.0,0,0.0
12832,32,2,383.03,195,27,2.928888888888889,65,191.515,97.5,0,0.0
12833,145,1,417.38,156,24,5.44125,0,417.38,156.0,0,0.0
12834,283,1,312.38,110,18,4.893888888888889,0,312.38,110.0,0,0.0
12836,59,4,2610.36,1062,148,4.3052873563218395,252,652.59,265.5,0,0.0
12837,173,1,134.1,24,12,6.745833333333334,0,134.1,24.0,0,0.0
12838,34,2,671.95,355,115,2.305333333333333,340,335.975,177.5,0,0.0
12839,3,14,5591.42,3807,95,1.9202229299363058,364,399.38714285714286,271.92857142857144,1,0.06666666666666667
12840,144,4,2726.77,1511,67,2.035486725663717,82,681.6925,377.75,2,0.3333333333333333
12841,5,25,3991.58,2720,229,2.4166425120772947,367,159.6632,108.8,1,0.038461538461538464
12842,70,2,1118.99,547,34,4.3302941176470595,238,559.495,273.5,0,0.0
12843,66,8,1702.26,781,69,3.513203883495146,198,212.7825,97.625,1,0.1111111111111111
12844,29,2,325.96000000000004,125,47,2.631153846153846,101,162.98000000000002,62.5,0,0.0
12845,267,4,354.09,204,26,2.7903703703703706,22,88.5225,51.0,0,0.0
12847,22,1,843.64,873,72,1.3659523809523808,0,843.64,873.0,0,0.0
12849,31,2,992.65,579,46,2.9967391304347823,237,496.325,289.5,0,0.0
12851,97,1,131.81,106,43,1.9991489361702126,0,131.81,106.0,0,0.0
12852,295,1,311.55,149,17,3.65,0,311.55,149.0,1,0.5
12853,135,6,1957.1000000000001,800,66,4.250512820512821,181,326.18333333333334,133.33333333333334,3,0.3333333333333333
12854,79,3,1316.25,626,95,2.7244036697247704,239,438.75,208.66666666666666,2,0.4
12855,373,1,38.1,30,3,1.55,0,38.1,30.0,0,0.0
12856,8,6,2170.78,1076,155,2.5385209003215436,55,361.7966666666667,179.33333333333334,2,0.25
12857,211,2,1106.4,343,37,4.142391304347826,91,553.2,171.5,0,0.0
12863,52,1,521.2,188,5,3.374,0,521.2,188.0,1,0.5
12864,138,1,147.12,216,3,0.6566666666666666,0,147.12,216.0,0,0.0
12865,26,2,1568.23,925,86,3.119157894736842,97,784.115,462.5,1,0.3333333333333333
12866,283,1,499.12,167,25,3.9924,0,499.12,167.0,0,0.0
12867,26,7,4009.34,4284,240,1.3291760299625468,333,572.7628571428571,612.0,3,0.3
12868,186,6,1607.0600000000002,928,72,2.611682242990654,187,267.84333333333336,154.66666666666666,0,0.0
12871,84,2,380.64,200,8,2.110909090909091,123,190.32,100.0,0,0.0
12872,327,2,599.97,319,58,2.4956060606060606,38,299.985,159.5,0,0.0
12873,282,1,374.0,128,4,4.0375,0,374.0,128.0,0,0.0
12875,143,2,343.2300000000001,2019,1,0.17,219,171.61500000000004,1009.5,0,0.0
12876,58,2,2053.02,1930,66,1.9473493975903613,138,1026.51,965.0,0,0.0
12877,4,12,1535.77,1178,100,1.8988961038961039,354,127.98083333333334,98.16666666666667,0,0.0
12878,236,2,854.99,547,38,2.0325531914893618,29,427.495,273.5,1,0.3333333333333333
12879,45,3,573.22,370,7,1.832,47,191.07333333333335,123.33333333333333,1,0.25
12881,276,1,298.0,21,7,32.971428571428575,0,298.0,21.0,0,0.0
12882,9,2,1463.04,246,12,6.437692307692307,24,731.52,123.0,0,0.0
12883,25,4,703.47,196,39,5.926904761904762,64,175.8675,49.0,0,0.0
12884,88,1,309.05,43,7,15.984285714285715,0,309.05,43.0,0,0.0
12885,63,3,1175.22,655,66,3.5930985915492957,60,391.74,218.33333333333334,1,0.25
12886,68,2,1378.4,770,75,3.7206097560975615,151,689.2,385.0,1,0.3333333333333333
12888,214,2,354.12,76,4,5.896,41,177.06,38.0,2,0.5
12890,24,1,376.71999999999997,256,78,1.8343037974683545,0,376.71999999999997,256.0,0,0.0
12891,186,3,331.0,950,2,0.3666666666666667,107,110.33333333333333,316.6666666666667,0,0.0
12893,31,1,176.55,90,27,2.2106451612903224,0,176.55,90.0,0,0.0
12895,42,2,372.8,210,22,3.222727272727273,44,186.4,105.0,1,0.3333333333333333
12897,205,2,216.5,110,3,2.7,97,108.25,55.0,0,0.0
12901,9,28,17654.54,23075,30,1.4663793103448275,261,630.5192857142857,824.1071428571429,6,0.17647058823529413
12902,265,1,138.68,66,10,5.619,0,138.68,66.0,0,0.0
12904,18,2,496.06,294,59,3.1046478873239436,154,248.03,147.0,0,0.0
12906,12,5,2919.81,1749,55,2.551904761904762,66,583.962,349.8,0,0.0
12908,176,2,750.0,1200,1,0.625,136,375.0,600.0,1,0.3333333333333333
12909,40,5,2178.67,1280,78,6.7639560439560436,213,435.73400000000004,256.0,3,0.375
12910,23,8,3075.04,1692,48,2.0928,218,384.38,211.5,0,0.0
12912,3,5,1662.3,670,17,2.7191666666666667,37,332.46,134.0,0,0.0
12913,5,5,2483.63,1419,37,2.9248000000000003,363,496.726,283.8,0,0.0
12915,149,2,363.65,93,19,6.788636363636363,223,181.825,46.5,0,0.0
12916,139,4,2944.95,1083,53,4.12378640776699,181,736.2375,270.75,1,0.2
12917,128,1,594.0,120,2,4.95,0,594.0,120.0,0,0.0
12919,8,6,1335.19,673,34,2.6044,161,222.53166666666667,112.16666666666667,2,0.25
12920,17,1,162.78,128,27,3.9296296296296296,0,162.78,128.0,0,0.0
12921,9,37,16587.09,9526,233,2.3401944444444447,364,448.29972972972973,257.4594594594595,13,0.26
12922,161,1,405.38,370,28,1.627857142857143,0,405.38,370.0,0,0.0
12923,64,1,171.57,67,27,2.9540740740740743,0,171.57,67.0,0,0.0
12924,88,4,925.75,480,21,3.024137931034483,239,231.4375,120.0,1,0.2
12925,5,2,694.05,541,42,2.310222222222222,70,347.025,270.5,0,0.0
12928,35,5,2062.7000000000003,1472,59,1.9426190476190477,323,412.5400000000001,294.4,0,0.0
12929,312,1,117.85,37,8,7.11875,0,117.85,37.0,1,0.5
12930,78,2,415.8,252,20,2.9948,93,207.9,126.0,2,0.5
12931,22,15,42055.96,28004,28,1.7017073170731707,336,2803.730666666667,1866.9333333333334,4,0.21052631578947367
12933,24,3,607.53,499,102,2.6469811320754717,259,202.51,166.33333333333334,1,0.25
12935,2,7,2160.7,1853,80,2.032325581395349,317,308.6714285714285,264.7142857142857,1,0.125
12936,17,4,1063.9,559,56,2.033225806451613,61,265.975,139.75,1,0.2
12937,15,4,1504.27,1007,81,2.371666666666667,252,376.0675,251.75,0,0.0
12938,26,1,114.14,140,9,1.271111111111111,0,114.14,140.0,0,0.0
12939,64,8,11581.8,4876,21,2.403404255319149,270,1447.725,609.5,0,0.0
12940,55,2,899.69,404,87,3.8833333333333333,33,449.845,202.0,2,0.5
12942,131,3,675.6,198,68,4.314857142857143,234,225.20000000000002,66.0,0,0.0
12944,36,2,604.51,289,29,3.1886666666666668,319,302.255,144.5,0,0.0
12945,288,1,462.95,165,23,4.95,0,462.95,165.0,0,0.0
12947,144,6,1603.99,1165,83,3.270309278350515,229,267.33166666666665,194.16666666666666,5,0.45454545454545453
12948,16,7,2064.95,1080,82,2.932758620689655,248,294.99285714285713,154.28571428571428,1,0.125
12949,31,8,4167.22,2381,166,2.8786511627906974,221,520.9025,297.625,2,0.2
12950,2,3,1843.0,1380,13,1.3891304347826086,21,614.3333333333334,460.0,0,0.0
12951,9,6,1064.07,503,53,3.006031746031746,322,177.345,83.83333333333333,2,0.25
12952,6,4,1387.79,653,64,4.062658227848101,72,346.9475,163.25,1,0.2
12953,10,1,329.85,84,17,6.647058823529412,0,329.85,84.0,0,0.0
12955,1,11,4757.16,3664,81,1.6899444444444445,266,432.4690909090909,333.09090909090907,3,0.21428571428571427
12956,306,1,108.07,34,19,4.365263157894737,0,108.07,34.0,0,0.0
12957,10,8,4017.54,2549,208,2.817563025210084,329,502.1925,318.625,4,0.3333333333333333
12962,7,2,266.39,129,15,2.985625,106,133.195,64.5,0,0.0
12963,8,8,1856.63,881,75,3.294842105263158,357,232.07875,110.125,0,0.0
12965,89,1,769.8100000000001,282,108,3.6783333333333332,0,769.8100000000001,282.0,0,0.0
12966,10,1,160.18,75,10,3.4230000000000005,0,160.18,75.0,0,0.0
12967,358,2,1660.9,438,19,6.476315789473684,13,830.45,219.0,2,0.5
12968,112,1,135.95,73,5,3.29,0,135.95,73.0,0,0.0
12970,7,4,405.47,268,116,2.153798449612403,315,101.3675,67.0,0,0.0
12971,4,86,11189.91,9289,94,2.310327868852459,368,130.11523255813952,108.01162790697674,2,0.022727272727272728
12974,198,1,144.8,24,8,7.7,0,144.8,24.0,0,0.0
12976,212,1,738.6,561,22,1.5345454545454544,0,738.6,561.0,0,0.0
12977,156,1,39.239999999999995,12,9,4.23,0,39.239999999999995,12.0,0,0.0
12980,158,9,7374.900000000001,886,6,15.904500000000002,200,819.4333333333334,98.44444444444444,3,0.25
12981,30,2,372.21999999999997,242,12,1.6235,103,186.10999999999999,121.0,0,0.0
12982,243,1,390.54,288,28,1.8478571428571429,0,390.54,288.0,1,0.5
12984,19,1,97.5,26,4,3.85,0,97.5,26.0,0,0.0
12985,1,2,1239.38,1533,73,1.914342105263158,27,619.69,766.5,1,0.3333333333333333
12987,74,2,558.7,219,27,6.110714285714286,124,279.35,109.5,1,0.3333333333333333
12988,292,1,505.82,126,75,4.281807228915662,0,505.82,126.0,0,0.0
12989,3,15,6924.110000000001,2943,41,3.1915625,361,461.6073333333334,196.2,4,0.21052631578947367
12990,31,3,409.5,200,8,2.05,278,136.5,66.66666666666667,0,0.0
12991,23,2,503.76,405,31,2.3067741935483874,89,251.88,202.5,0,0.0
12993,23,4,414.76,240,26,2.1377777777777776,275,103.69,60.0,0,0.0
12994,4,3,974.4200000000001,459,52,4.212459016393442,264,324.8066666666667,153.0,2,0.4
12995,85,1,211.32,108,3,1.9566666666666668,0,211.32,108.0,1,0.5
12997,22,4,1226.89,664,45,3.2942372881355935,294,306.7225,166.0,3,0.42857142857142855
12999,196,3,455.88,342,25,2.549285714285714,49,151.96,114.0,0,0.0
13000,107,3,534.85,379,30,3.0125806451612904,258,178.28333333333333,126.33333333333333,0,0.0
13001,4,13,9785.970000000001,5490,166,2.4128783382789316,322,752.7669230769231,422.3076923076923,2,0.13333333333333333
13002,318,1,120.94999999999999,73,7,2.8214285714285716,0,120.94999999999999,73.0,0,0.0
13003,106,3,149.05,103,4,2.25,109,49.68333333333334,34.333333333333336,0,0.0
13004,12,18,5655.91,4822,277,2.0111633663366337,346,314.21722222222223,267.8888888888889,4,0.18181818181818182
13005,174,2,513.7,172,21,5.117307692307692,72,256.85,86.0,1,0.3333333333333333
13006,56,1,81.57,55,4,5.295,0,81.57,55.0,0,0.0
13008,323,1,229.46999999999997,175,14,1.7342857142857144,0,229.46999999999997,175.0,1,0.5
13011,372,1,50.550000000000004,13,3,4.216666666666667,0,50.550000000000004,13.0,0,0.0
13012,9,8,1646.8400000000001,820,67,3.2260227272727273,285,205.85500000000002,102.5,2,0.2
13013,1,13,4810.9400000000005,2224,155,3.163470319634703,370,370.07230769230773,171.07692307692307,2,0.13333333333333333
13014,11,10,3466.2799999999997,905,67,5.255229357798165,270,346.628,90.5,6,0.375
13015,53,5,3339.64,1609,156,5.0596000000000005,195,667.928,321.8,0,0.0
13016,73,3,789.89,527,39,3.173191489361702,49,263.2966666666667,175.66666666666666,0,0.0
13017,7,1,204.0,48,1,4.25,0,204.0,48.0,0,0.0
13018,16,28,7277.7,5435,313,2.1802183406113538,279,259.91785714285714,194.10714285714286,1,0.034482758620689655
13021,4,9,2616.38,1352,101,3.812290076335878,354,290.7088888888889,150.22222222222223,3,0.25
13023,64,2,599.9,280,35,4.002631578947368,65,299.95,140.0,0,0.0
13026,1,5,975.36,1620,32,0.6757500000000001,274,195.072,324.0,2,0.2857142857142857
13027,114,6,6912.0,17280,6,0.4,240,1152.0,2880.0,0,0.0
13028,23,2,661.3199999999999,798,40,1.014,22,330.65999999999997,399.0,1,0.3333333333333333
13029,31,3,1247.5,134,8,7.388,322,415.8333333333333,44.666666666666664,0,0.0
13030,11,2,752.4399999999999,348,76,3.3126086956521736,356,376.21999999999997,174.0,0,0.0
13032,52,2,1010.18,375,55,3.81943661971831,34,505.09,187.5,1,0.3333333333333333
13033,357,1,190.55,83,11,2.640909090909091,0,190.55,83.0,0,0.0
13034,55,2,642.77,369,37,2.3721621621621622,314,321.385,184.5,0,0.0
13035,74,2,921.88,644,23,1.8218518518518518,186,460.94,322.0,1,0.3333333333333333
13037,138,3,881.07,431,44,3.8214583333333336,118,293.69,143.66666666666666,0,0.0
13038,80,3,908.46,360,24,2.7582142857142857,210,302.82,120.0,0,0.0
13040,9,2,676.99,355,38,2.8039534883720934,24,338.495,177.5,0,0.0
13043,273,1,516.42,254,13,5.680000000000001,0,516.42,254.0,1,0.5
13044,291,1,560.47,429,33,3.258787878787879,0,560.47,429.0,0,0.0
13045,99,1,305.28000000000003,221,18,1.5705555555555555,0,305.28000000000003,221.0,0,0.0
13046,31,2,629.31,264,33,6.142857142857143,235,314.655,132.0,0,0.0
13047,57,9,3232.59,1390,105,3.9260818713450294,317,359.1766666666667,154.44444444444446,7,0.4375
13048,14,4,1819.41,1228,77,1.8335555555555556,312,454.8525,307.0,1,0.2
13049,64,2,656.6800000000001,268,14,3.9335714285714287,253,328.34000000000003,134.0,0,0.0
13050,15,17,5833.11,3747,245,2.9869900497512436,351,343.1241176470588,220.41176470588235,11,0.39285714285714285
13052,212,1,348.15000000000003,222,18,3.2938888888888886,0,348.15000000000003,222.0,0,0.0
13055,78,3,1214.41,894,74,2.4710526315789476,135,404.80333333333334,298.0,1,0.25
13058,25,3,271.40000000000003,52,5,5.825,127,90.46666666666668,17.333333333333332,0,0.0
13059,250,1,183.4,35,8,5.21875,0,183.4,35.0,0,0.0
13060,254,1,307.53,123,15,3.982666666666667,0,307.53,123.0,0,0.0
13061,72,1,248.61,107,10,3.403,0,248.61,107.0,0,0.0
13062,191,1,346.98,343,11,6.819090909090908,0,346.98,343.0,0,0.0
13064,13,4,1105.59,514,51,3.5052941176470584,314,276.3975,128.5,0,0.0
13065,373,1,205.86,74,14,5.222142857142857,0,205.86,74.0,0,0.0
13066,24,2,470.8,322,48,3.1733333333333333,7,235.4,161.0,1,0.3333333333333333
13067,82,1,115.46000000000001,32,14,3.86,0,115.46000000000001,32.0,0,0.0
13068,10,2,344.0,200,1,1.72,309,172.0,100.0,0,0.0
13069,1,24,4431.44,5873,281,1.7088679245283018,368,184.64333333333332,244.70833333333334,3,0.1111111111111111
13070,192,1,228.8,110,9,2.08,0,228.8,110.0,0,0.0
13072,267,1,177.15,69,7,3.3500000000000005,0,177.15,69.0,0,0.0
13075,130,1,919.61,485,22,2.0395454545454546,0,919.61,485.0,0,0.0
13077,1,4,728.02,862,99,1.7603603603603604,365,182.005,215.5,0,0.0
13078,3,26,12627.94,5630,95,3.9574301675977654,363,485.69,216.53846153846155,17,0.3953488372093023
13079,4,5,220.10000000000002,62,2,4.166666666666667,136,44.02,12.4,0,0.0
13080,179,1,58.08,120,6,0.5783333333333333,0,58.08,120.0,0,0.0
13081,12,11,28337.38,19068,503,2.3001953125,359,2576.1254545454544,1733.4545454545455,9,0.45
13082,126,9,3613.63,4324,63,2.9687671232876713,212,401.51444444444445,480.44444444444446,1,0.1
13083,4,2,303.75,187,15,3.4066666666666667,71,151.875,93.5,0,0.0
13085,158,2,416.08000000000004,216,17,4.003636363636364,137,208.04000000000002,108.0,1,0.3333333333333333
13089,3,97,58762.08,31025,636,2.7379547960308708,366,605.7946391752578,319.8453608247423,21,0.17796610169491525
13090,9,13,8895.82,2262,97,4.466558441558441,364,684.2938461538462,174.0,4,0.23529411764705882
13091,28,1,345.82,466,21,0.9933333333333333,0,345.82,466.0,1,0.5
13092,71,5,477.83,279,19,5.018,288,95.566,55.8,1,0.16666666666666666
13093,276,8,7832.47,3961,97,3.273647798742138,97,979.05875,495.125,5,0.38461538461538464
13094,21,12,1927.3200000000002,1716,4,1.2525000000000002,347,160.61,143.0,4,0.25
13095,71,1,74.39999999999999,144,6,0.6933333333333334,0,74.39999999999999,144.0,0,0.0
13097,33,10,6003.22,2360,214,4.253230403800475,327,600.322,236.0,4,0.2857142857142857
13098,1,28,28882.44,15968,156,2.7601223776223778,316,1031.5157142857142,570.2857142857143,13,0.3170731707317073
13099,99,1,207.35999999999999,288,1,0.72,0,207.35999999999999,288.0,0,0.0
13101,234,1,101.19,113,8,2.9675,0,101.19,113.0,0,0.0
13102,1,24,6424.09,4204,140,2.5820394736842105,363,267.67041666666665,175.16666666666666,3,0.1111111111111111
13103,40,1,243.94,82,8,3.9675,0,243.94,82.0,0,0.0
13104,3,6,1098.48,504,14,2.1715,351,183.08,84.0,0,0.0
13106,133,1,76.5,18,1,4.25,0,76.5,18.0,1,0.5
13107,44,4,1531.6200000000001,1293,54,1.7613793103448274,289,382.90500000000003,323.25,1,0.2
13108,373,1,350.06,298,10,1.752,0,350.06,298.0,0,0.0
13109,60,2,786.54,520,41,2.6465957446808512,97,393.27,260.0,3,0.6
13110,31,7,1488.67,388,109,4.7364137931034485,279,212.66714285714286,55.42857142857143,1,0.125
13113,1,24,12245.960000000001,3045,95,3.45205,365,510.2483333333334,126.875,15,0.38461538461538464
13115,12,4,2294.78,1567,88,2.5444999999999998,172,573.695,391.75,10,0.7142857142857143
13116,138,1,501.14,291,30,4.5216666666666665,0,501.14,291.0,1,0.5
13117,22,8,984.91,945,66,2.4343421052631578,350,123.11375,118.125,0,0.0
13118,20,5,1197.81,410,68,3.588354430379747,269,239.56199999999998,82.0,2,0.2857142857142857
13120,239,1,30.599999999999998,12,1,2.55,0,30.599999999999998,12.0,0,0.0
13121,269,1,283.73,252,50,1.6887999999999999,0,283.73,252.0,1,0.5
13122,94,2,922.39,585,54,2.6365454545454545,146,461.195,292.5,0,0.0
13124,90,3,3756.33,2119,185,3.145585585585586,269,1252.11,706.3333333333334,0,0.0
13126,5,8,2099.64,2143,124,2.100142857142857,361,262.455,267.875,2,0.2
13127,78,1,259.17,127,15,2.8853333333333335,0,259.17,127.0,0,0.0
13130,94,1,64.0,32,2,2.25,0,64.0,32.0,0,0.0
13131,23,3,1073.3,447,30,3.1161363636363633,164,357.76666666666665,149.0,1,0.25
13132,262,1,77.3,20,3,4.933333333333334,0,77.3,20.0,0,0.0
13133,274,2,109.8,32,7,5.3428571428571425,30,54.9,16.0,0,0.0
13134,86,4,1793.58,1059,94,3.113163265306122,154,448.395,264.75,3,0.42857142857142855
13135,197,1,3096.0,4300,1,0.72,0,3096.0,4300.0,0,0.0
13136,56,5,2607.61,1328,94,2.8439370078740156,156,521.522,265.6,6,0.5454545454545454
13137,11,8,3603.29,2204,345,1.9146724890829696,298,450.41125,275.5,0,0.0
13138,22,6,962.39,473,31,2.8215873015873014,350,160.39833333333334,78.83333333333333,0,0.0
13139,16,7,5064.94,2425,132,3.541235294117647,243,723.5628571428571,346.42857142857144,1,0.125
13140,108,3,422.47,185,40,2.986444444444445,258,140.82333333333335,61.666666666666664,0,0.0
13141,85,5,2388.75,1548,113,2.202444444444444,230,477.75,309.6,1,0.16666666666666666
13142,19,1,307.09,258,23,2.9969565217391305,0,307.09,258.0,0,0.0
13144,333,1,110.95,21,3,6.216666666666666,0,110.95,21.0,0,0.0
13145,40,4,618.52,145,5,51.71,332,154.63,36.25,1,0.2
13146,26,1,228.91,154,16,2.027058823529412,0,228.91,154.0,0,0.0
13147,10,4,712.8000000000001,144,1,4.95,89,178.20000000000002,36.0,0,0.0
13148,29,12,3683.26,1965,231,3.4928846153846154,335,306.93833333333333,163.75,5,0.29411764705882354
13149,14,4,1676.06,1280,76,2.881860465116279,274,419.015,320.0,0,0.0
13151,296,1,1257.8700000000001,363,73,5.689324324324324,0,1257.8700000000001,363.0,1,0.5
13153,6,1,486.22,418,15,1.278,0,486.22,418.0,0,0.0
13155,33,4,971.76,497,67,2.912,335,242.94,124.25,0,0.0
13157,49,4,1741.22,1439,69,1.8683908045977013,248,435.305,359.75,1,0.2
13158,95,4,1201.06,784,59,2.0106329113924053,224,300.265,196.0,0,0.0
13159,9,4,1429.35,1058,114,2.684083333333333,106,357.3375,264.5,1,0.2
13160,22,1,91.8,56,4,3.025,0,91.8,56.0,0,0.0
13161,313,1,112.75,29,8,4.8625,0,112.75,29.0,0,0.0
13162,122,4,1688.29,1713,74,1.4626582278481013,212,422.0725,428.25,1,0.2
13165,46,2,1021.48,1376,40,0.800952380952381,305,510.74,688.0,0,0.0
13166,283,1,417.2,216,39,2.3914634146341465,0,417.2,216.0,1,0.5
13167,19,4,779.33,773,50,2.97875,125,194.8325,193.25,0,0.0
13168,36,4,1299.59,670,102,3.1714285714285717,281,324.8975,167.5,1,0.2
13169,64,2,712.88,272,11,3.7823076923076924,188,356.44,136.0,0,0.0
13170,27,1,108.81,141,29,1.576,0,108.81,141.0,0,0.0
13171,22,3,468.41,229,37,4.0445652173913045,277,156.13666666666668,76.33333333333333,2,0.4
13173,4,2,353.65,277,41,2.6467441860465115,363,176.825,138.5,0,0.0
13174,16,3,2738.82,1351,227,3.495205479452055,352,912.94,450.3333333333333,0,0.0
13176,46,1,481.49,448,66,2.8153731343283583,0,481.49,448.0,0,0.0
13177,65,1,282.45,91,17,3.514705882352941,0,282.45,91.0,0,0.0
13178,26,11,5725.47,3570,95,2.046566037735849,334,520.4972727272727,324.54545454545456,0,0.0
13182,45,1,121.18,201,11,0.6854545454545454,0,121.18,201.0,0,0.0
13183,8,9,3957.78,2208,51,2.032659574468085,326,439.75333333333333,245.33333333333334,0,0.0
13184,15,10,1667.95,1661,137,1.8555617977528092,275,166.79500000000002,166.1,2,0.16666666666666666
13185,268,1,71.4,12,1,5.95,0,71.4,12.0,0,0.0
13186,40,3,1575.89,820,69,3.2486075949367086,89,525.2966666666667,273.3333333333333,2,0.4
13187,337,1,236.02,95,37,3.765405405405405,0,236.02,95.0,0,0.0
13188,11,1,114.60000000000001,25,2,9.575,0,114.60000000000001,25.0,0,0.0
13189,19,2,260.68,842,29,0.39172413793103444,96,130.34,421.0,0,0.0
13192,95,2,911.94,595,57,2.6287301587301584,109,455.97,297.5,0,0.0
13193,61,1,112.08,46,22,3.0976,0,112.08,46.0,0,0.0
13194,136,1,60.7,26,3,2.65,0,60.7,26.0,0,0.0
13196,11,4,1797.78,1224,97,2.5078181818181817,250,449.445,306.0,0,0.0
13198,10,6,3401.2400000000002,2648,199,2.379336283185841,351,566.8733333333333,441.3333333333333,2,0.25
13199,4,37,9802.12,6175,47,2.5250847457627117,363,264.9221621621622,166.8918918918919,1,0.02631578947368421
13200,19,4,870.09,516,42,3.3756521739130436,107,217.5225,129.0,0,0.0
13203,10,4,869.46,800,56,2.3040350877192983,232,217.365,200.0,0,0.0
13207,15,2,250.26000000000002,130,7,2.2912500000000002,135,125.13000000000001,65.0,0,0.0
13208,59,5,1193.17,767,123,2.3343835616438358,249,238.63400000000001,153.4,0,0.0
13209,30,8,5891.61,4253,255,2.2679127725856696,331,736.45125,531.625,3,0.2727272727272727
13210,94,1,353.48,316,22,1.5118181818181817,0,353.48,316.0,0,0.0
13211,10,3,1095.42,834,45,1.4194545454545453,350,365.14000000000004,278.0,0,0.0
13212,20,3,786.83,309,128,3.7629078014184403,41,262.2766666666667,103.0,1,0.25
13213,57,5,1520.58,1360,82,2.7209999999999996,142,304.116,272.0,1,0.16666666666666666
13216,268,1,333.74,297,5,1.448,0,333.74,297.0,0,0.0
13217,122,3,533.98,262,3,2.38,34,177.99333333333334,87.33333333333333,2,0.4
13218,127,1,62.63999999999999,88,5,0.9299999999999999,0,62.63999999999999,88.0,0,0.0
13220,78,4,819.2900000000001,196,18,4.531904761904762,158,204.82250000000002,49.0,0,0.0
13221,240,2,844.86,243,61,5.052307692307692,119,422.43,121.5,0,0.0
13223,200,2,163.20000000000002,88,5,1.9600000000000002,31,81.60000000000001,44.0,0,0.0
13224,60,2,2152.95,1515,100,2.3265420560747665,91,1076.475,757.5,1,0.3333333333333333
13225,3,7,6463.84,3416,23,2.3603125,358,923.4057142857143,488.0,1,0.125
13226,273,1,108.21000000000001,80,16,2.711875,0,108.21000000000001,80.0,0,0.0
13227,202,1,257.7,99,9,2.5999999999999996,0,257.7,99.0,0,0.0
13228,81,1,358.0,200,2,1.79,0,358.0,200.0,0,0.0
13229,226,1,160.95,63,10,4.0600000000000005,0,160.95,63.0,0,0.0
13230,4,14,2755.63,1638,393,2.4167461669505963,360,196.8307142857143,117.0,1,0.06666666666666667
13232,13,7,1327.75,771,146,3.227860696517413,230,189.67857142857142,110.14285714285714,0,0.0
13233,74,2,605.12,1004,43,0.737906976744186,261,302.56,502.0,0,0.0
13235,212,1,1031.07,441,53,2.7143103448275863,0,1031.07,441.0,0,0.0
13236,25,2,744.85,416,34,4.0344444444444445,82,372.425,208.0,1,0.3333333333333333
13238,17,4,700.73,298,20,4.110645161290323,343,175.1825,74.5,1,0.2
13239,262,1,329.56,327,21,1.590952380952381,0,329.56,327.0,0,0.0
13240,96,4,648.7,297,58,3.1369696969696967,269,162.175,74.25,0,0.0
13242,112,3,270.40000000000003,130,12,2.08,101,90.13333333333334,43.333333333333336,0,0.0
13243,203,1,585.12,232,56,3.4185964912280706,0,585.12,232.0,0,0.0
13244,93,1,121.74000000000001,38,27,3.747777777777778,0,121.74000000000001,38.0,0,0.0
13245,51,1,430.5,125,16,6.23125,0,430.5,125.0,0,0.0
13246,18,6,1961.52,1587,110,1.8534558823529412,312,326.92,264.5,1,0.14285714285714285
13247,18,4,501.12,328,18,2.1075999999999997,64,125.28,82.0,0,0.0
13248,125,2,465.68,305,25,2.6873076923076926,64,232.84,152.5,0,0.0
13249,92,3,711.41,546,21,3.430869565217391,168,237.13666666666666,182.0,0,0.0
13253,157,2,1030.4,1572,35,1.1419444444444444,182,515.2,786.0,0,0.0
13255,9,2,399.51,177,13,4.96,364,199.755,88.5,1,0.3333333333333333
13258,12,3,672.83,282,28,3.5644444444444443,193,224.27666666666667,94.0,0,0.0
13259,62,1,283.18,126,77,2.3665432098765433,0,283.18,126.0,0,0.0
13260,61,1,557.62,142,8,4.9675,0,557.62,142.0,0,0.0
13261,269,2,944.1,210,8,5.488888888888889,17,472.05,105.0,0,0.0
13262,263,1,200.29,125,11,3.092727272727273,0,200.29,125.0,0,0.0
13263,1,34,7411.71,4761,448,2.2416425992779785,323,217.9914705882353,140.02941176470588,0,0.0
13265,53,5,2092.66,1740,66,2.385111111111111,220,418.532,348.0,0,0.0
13266,11,12,3834.2599999999998,4428,82,1.9028877005347595,245,319.52166666666665,369.0,7,0.3684210526315789
13267,3,19,4521.49,1969,88,3.5107582938388626,364,237.97315789473683,103.63157894736842,8,0.2962962962962963
13268,18,10,3152.71,3548,256,1.5558101851851853,249,315.271,354.8,4,0.2857142857142857
13269,1,15,5343.28,3513,177,2.544190476190476,368,356.21866666666665,234.2,2,0.11764705882352941
13270,366,1,590.0,200,1,2.95,0,590.0,200.0,0,0.0
13271,37,1,211.49,240,79,1.2660919540229885,0,211.49,240.0,1,0.5
13272,31,2,276.56,96,15,5.339333333333333,58,138.28,48.0,0,0.0
13273,113,1,138.98,153,16,1.298125,0,138.98,153.0,0,0.0
13276,64,2,590.9300000000001,161,30,5.097666666666667,36,295.46500000000003,80.5,0,0.0
13277,16,4,258.4,176,5,1.45,117,64.6,44.0,0,0.0
13278,41,1,542.73,537,46,1.9269565217391305,0,542.73,537.0,0,0.0
13279,78,1,137.75,73,9,2.6033333333333335,0,137.75,73.0,1,0.5
13280,122,3,798.46,518,67,2.568048780487805,214,266.15333333333336,172.66666666666666,0,0.0
13282,18,3,1132.14,307,29,4.676216216216217,202,377.38000000000005,102.33333333333333,3,0.5
13283,60,2,93.66,90,7,1.3071428571428572,125,46.83,45.0,0,0.0
13284,331,1,201.19,91,13,4.397692307692308,0,201.19,91.0,1,0.5
13285,23,4,2709.12,2051,157,2.1348663101604277,266,677.28,512.75,0,0.0
13291,156,1,361.11,233,41,2.6642857142857146,0,361.11,233.0,0,0.0
13292,39,2,578.9399999999999,347,29,3.7332258064516126,245,289.46999999999997,173.5,0,0.0
13294,190,2,873.74,453,48,3.6888888888888887,59,436.87,226.5,0,0.0
13295,360,1,201.20000000000002,82,10,3.4899999999999998,0,201.20000000000002,82.0,1,0.5
13296,137,1,87.4,78,5,2.408,0,87.4,78.0,0,0.0
13297,8,4,2089.85,963,52,2.977966101694915,59,522.4625,240.75,0,0.0
13298,1,1,360.0,96,2,3.75,0,360.0,96.0,0,0.0
13299,268,1,142.5,30,5,4.75,0,142.5,30.0,0,0.0
13300,169,1,371.89,203,20,2.3865,0,371.89,203.0,1,0.5
13301,104,4,600.19,343,74,2.55875,188,150.0475,85.75,0,0.0
13302,155,1,63.75,5,1,12.75,0,63.75,5.0,0,0.0
13304,351,1,300.42,238,21,3.161904761904762,0,300.42,238.0,0,0.0
13305,4,10,2000.86,1232,50,3.3620987654320986,368,200.08599999999998,123.2,0,0.0
13307,120,1,15.0,4,1,3.75,0,15.0,4.0,0,0.0
13308,23,3,1385.51,843,49,3.0190740740740742,180,461.83666666666664,281.0,1,0.25
13309,7,5,1456.79,1544,82,1.6181308411214952,301,291.358,308.8,0,0.0
13310,28,3,1132.03,587,65,3.2480555555555557,296,377.3433333333333,195.66666666666666,3,0.5
13311,4,2,598.57,305,25,4.1207692307692305,145,299.285,152.5,0,0.0
13313,22,5,1555.32,851,47,2.132307692307692,317,311.06399999999996,170.2,0,0.0
13314,2,3,775.94,560,55,3.1879032258064517,72,258.6466666666667,186.66666666666666,1,0.25
13316,37,4,5732.93,5508,66,2.5311627906976746,217,1433.2325,1377.0,0,0.0
13317,66,6,2273.68,1035,100,4.001209677419355,292,378.94666666666666,172.5,3,0.3333333333333333
13318,1,3,640.76,304,14,2.857,36,213.58666666666667,101.33333333333333,0,0.0
13319,5,26,10845.550000000001,4724,209,3.273970588235294,360,417.1365384615385,181.69230769230768,10,0.2777777777777778
13320,78,4,1532.2,1086,77,1.8146666666666667,135,383.05,271.5,2,0.3333333333333333
13321,72,2,567.36,372,10,2.1245454545454545,14,283.68,186.0,0,0.0
13322,17,1,199.48000000000002,117,25,2.7704000000000004,0,199.48000000000002,117.0,0,0.0
13323,3,5,787.85,175,6,4.55,81,157.57,35.0,0,0.0
13324,36,10,7121.95,5205,25,2.7862666666666667,324,712.1949999999999,520.5,2,0.16666666666666666
13325,82,1,675.3,240,12,3.0283333333333338,0,675.3,240.0,0,0.0
13327,39,8,3627.77,1600,74,2.772222222222222,326,453.47125,200.0,1,0.1111111111111111
13328,316,1,1308.48,680,17,1.8776470588235292,0,1308.48,680.0,0,0.0
13329,32,2,789.0,463,16,2.2535294117647062,335,394.5,231.5,2,0.5
13330,93,3,1140.93,751,37,2.020377358490566,223,380.31,250.33333333333334,0,0.0
13332,14,1,350.9,179,21,3.0352380952380953,0,350.9,179.0,0,0.0
13334,82,3,3502.32,1764,207,2.9054716981132076,223,1167.44,588.0,0,0.0
13336,77,1,795.12,559,51,2.5023529411764707,0,795.12,559.0,0,0.0
13338,158,1,487.02,256,19,6.575263157894737,0,487.02,256.0,2,0.6666666666666666
13339,201,1,860.12,326,54,5.235555555555556,0,860.12,326.0,0,0.0
13340,45,7,10736.48,5770,128,2.760223880597015,231,1533.782857142857,824.2857142857143,0,0.0
13341,261,1,775.85,301,42,4.182142857142857,0,775.85,301.0,0,0.0
13343,178,1,353.43,135,19,6.25421052631579,0,353.43,135.0,1,0.5
13344,68,3,2511.69,952,115,5.069827586206896,209,837.23,317.3333333333333,0,0.0
13345,288,1,389.5,141,20,5.6450000000000005,0,389.5,141.0,1,0.5
13347,70,1,341.36,205,8,7.52,0,341.36,205.0,0,0.0
13348,64,1,233.76,136,14,2.2057142857142855,0,233.76,136.0,0,0.0
13349,11,1,247.32,225,16,4.02625,0,247.32,225.0,0,0.0
13350,16,2,979.12,287,36,8.31575,63,489.56,143.5,1,0.3333333333333333
13351,66,1,373.94,117,16,6.498125,0,373.94,117.0,0,0.0
13352,60,1,397.97999999999996,321,24,3.779583333333333,0,397.97999999999996,321.0,1,0.5
13354,71,1,743.53,604,51,1.8486274509803922,0,743.53,604.0,0,0.0
13355,122,1,674.7,314,32,2.7259375,0,674.7,314.0,0,0.0
13356,80,1,768.24,325,42,4.316190476190476,0,768.24,325.0,0,0.0
13357,257,1,609.4,321,85,2.9440449438202245,0,609.4,321.0,0,0.0
13358,269,1,439.03,285,29,5.006551724137931,0,439.03,285.0,0,0.0
13359,64,1,439.56,161,23,5.8,0,439.56,161.0,1,0.5
13362,9,4,3090.7400000000002,1382,128,3.499277108433735,278,772.6850000000001,345.5,1,0.2
13363,18,2,992.5,710,47,3.8373333333333335,26,496.25,355.0,0,0.0
13364,71,1,134.95999999999998,71,10,2.598,0,134.95999999999998,71.0,1,0.5
13365,34,2,2225.37,1247,122,3.115703125,184,1112.685,623.5,1,0.3333333333333333
13366,50,1,56.160000000000004,144,1,0.39,0,56.160000000000004,144.0,0,0.0
13368,257,2,623.4,327,29,4.917586206896552,80,311.7,163.5,0,0.0
13369,366,1,308.28000000000003,149,14,6.5442857142857145,0,308.28000000000003,149.0,1,0.5
13370,372,1,754.87,343,39,3.7279487179487183,0,754.87,343.0,1,0.5
13372,90,1,378.64,159,23,6.020434782608696,0,378.64,159.0,0,0.0
13373,61,3,3312.25,1651,135,3.27006329113924,215,1104.0833333333333,550.3333333333334,0,0.0
13375,89,1,778.65,442,37,3.137567567567568,0,778.65,442.0,1,0.5
13376,99,3,1019.76,493,45,5.379811320754717,135,339.92,164.33333333333334,0,0.0
13379,26,3,572.56,601,85,1.7503092783505154,110,190.85333333333332,200.33333333333334,0,0.0
13381,32,6,3639.31,2029,77,3.0504069767441857,267,606.5516666666666,338.1666666666667,1,0.14285714285714285
13382,281,1,222.99,131,15,2.7520000000000002,0,222.99,131.0,0,0.0
13384,31,7,4151.93,2422,123,3.173223684210526,147,593.1328571428572,346.0,2,0.2222222222222222
13385,330,1,534.57,281,35,4.533142857142857,0,534.57,281.0,0,0.0
13388,131,2,677.1,282,35,4.5608571428571425,0,338.55,141.0,1,0.3333333333333333
13389,11,3,797.96,429,50,3.844901960784314,221,265.9866666666667,143.0,0,0.0
13390,75,1,544.08,224,13,3.060769230769231,0,544.08,224.0,0,0.0
13391,204,1,59.8,4,1,14.95,0,59.8,4.0,0,0.0
13394,2,8,2520.02,2392,124,1.6380000000000001,308,315.0025,299.0,1,0.1111111111111111
13395,185,1,307.72,336,21,2.7238095238095235,0,307.72,336.0,0,0.0
13396,29,2,1360.99,600,42,3.8948837209302325,290,680.495,300.0,2,0.5
13397,73,5,1544.13,430,28,4.0,266,308.826,86.0,1,0.16666666666666666
13398,192,1,457.34,281,26,3.4296153846153845,0,457.34,281.0,0,0.0
13402,127,2,621.23,479,32,1.97974358974359,244,310.615,239.5,0,0.0
13403,18,1,75.0,44,3,2.9166666666666665,0,75.0,44.0,0,0.0
13404,1,2,252.49,111,11,2.900909090909091,211,126.245,55.5,0,0.0
13405,204,2,557.45,163,24,5.2620000000000005,113,278.725,81.5,0,0.0
13408,2,62,28117.04,16232,234,2.439100418410042,371,453.5006451612903,261.80645161290323,13,0.17333333333333334
13410,24,5,1003.06,518,15,2.440714285714286,267,200.612,103.6,2,0.2857142857142857
13411,107,1,213.55,72,17,3.263888888888889,0,213.55,72.0,0,0.0
13414,134,3,1390.5,1574,23,1.8404166666666668,162,463.5,524.6666666666666,0,0.0
13416,44,2,712.5,142,11,5.455263157894737,37,356.25,71.0,0,0.0
13417,5,2,640.83,162,26,6.356428571428571,200,320.415,81.0,0,0.0
13418,12,18,6127.43,3918,223,2.9381578947368423,360,340.4127777777778,217.66666666666666,5,0.21739130434782608
13419,64,1,221.06,275,16,1.011875,0,221.06,275.0,0,0.0
13420,150,2,159.85,101,8,3.5425,20,79.925,50.5,2,0.5
13421,40,2,1823.21,1103,87,2.1281188118811882,249,911.605,551.5,1,0.3333333333333333
13422,64,1,2626.3,1326,127,3.0306299212598424,0,2626.3,1326.0,1,0.5
13425,108,3,1624.21,1123,66,2.634102564102564,186,541.4033333333333,374.3333333333333,0,0.0
13426,1,10,3641.32,2245,103,1.8858598726114648,358,364.132,224.5,1,0.09090909090909091
13427,19,3,582.6,545,25,1.6500000000000001,195,194.20000000000002,181.66666666666666,0,0.0
13428,10,1,201.78,151,70,1.8792957746478873,0,201.78,151.0,0,0.0
13429,11,4,1006.8,1390,55,1.2207462686567165,64,251.7,347.5,0,0.0
13430,19,2,679.45,751,48,1.6575510204081632,67,339.725,375.5,2,0.5
13431,67,2,1269.1,672,44,3.2167391304347825,21,634.55,336.0,0,0.0
13434,74,2,534.24,300,9,1.652,22,267.12,150.0,0,0.0
13435,5,7,3809.8900000000003,2129,68,2.935247524752475,183,544.2700000000001,304.14285714285717,2,0.2222222222222222
13436,2,1,196.89,76,12,5.829999999999999,0,196.89,76.0,0,0.0
13437,14,7,3408.06,1283,143,4.8889820359281435,175,486.86571428571426,183.28571428571428,0,0.0
13439,255,1,283.71,242,54,1.7253703703703704,0,283.71,242.0,0,0.0
13441,92,1,296.64,204,13,1.926153846153846,0,296.64,204.0,0,0.0
13447,23,3,1129.14,584,55,3.139830508474576,12,376.38000000000005,194.66666666666666,1,0.25
13448,17,6,3534.69,1648,137,3.19659793814433,357,589.115,274.6666666666667,4,0.4
13449,24,1,291.88,222,19,1.924736842105263,0,291.88,222.0,0,0.0
13450,27,6,2043.7199999999998,1982,32,1.5401408450704224,191,340.61999999999995,330.3333333333333,0,0.0
13451,26,5,2898.2599999999998,2128,315,2.0481986143187068,308,579.6519999999999,425.6,1,0.16666666666666666
13452,259,2,590.0,2,1,295.0,11,295.0,1.0,0,0.0
13453,166,2,356.97999999999996,134,16,4.546470588235294,123,178.48999999999998,67.0,0,0.0
13455,25,2,1058.34,354,42,4.624347826086956,341,529.17,177.0,2,0.5
13456,18,6,1766.72,765,43,3.458730158730159,189,294.4533333333333,127.5,1,0.14285714285714285
13458,7,14,9646.57,5508,242,2.4352356020942407,352,689.0407142857142,393.42857142857144,8,0.36363636363636365
13460,29,2,183.44,286,16,1.06,20,91.72,143.0,0,0.0
13461,39,3,1445.0,1170,14,1.5685185185185186,124,481.6666666666667,390.0,0,0.0
13462,253,1,151.5,62,9,3.388888888888889,0,151.5,62.0,1,0.5
13464,58,1,674.68,403,41,3.205609756097561,0,674.68,403.0,0,0.0
13466,184,1,307.9,259,17,2.841764705882353,0,307.9,259.0,1,0.5
13467,11,2,1071.91,580,89,2.729591836734694,25,535.955,290.0,0,0.0
13468,2,37,5704.97,2589,184,4.103245033112583,371,154.1883783783784,69.97297297297297,4,0.0975609756097561
13470,99,2,165.0,100,7,1.65,15,82.5,50.0,0,0.0
13471,1,4,2501.84,1583,214,2.4573622047244092,46,625.46,395.75,0,0.0
13473,61,2,422.64,266,21,3.728095238095238,272,211.32,133.0,1,0.3333333333333333
13474,236,1,226.84,129,59,2.362096774193548,0,226.84,129.0,0,0.0
13475,191,4,1431.78,1012,64,2.8886046511627907,107,357.945,253.0,0,0.0
13476,179,2,1238.47,417,56,8.79551724137931,102,619.235,208.5,2,0.5
13477,38,6,1454.58,1021,57,2.530886075949367,253,242.42999999999998,170.16666666666666,2,0.25
13479,201,2,300.95,134,14,4.6466666666666665,33,150.475,67.0,1,0.3333333333333333
13481,46,5,1804.56,1142,98,2.2855963302752293,211,360.912,228.4,3,0.375
13482,232,1,184.64,116,11,2.439090909090909,0,184.64,116.0,0,0.0
13483,66,1,140.34,160,10,1.0559999999999998,0,140.34,160.0,0,0.0
13484,241,1,313.8,44,8,7.5,0,313.8,44.0,0,0.0
13485,233,1,454.24,277,23,2.425217391304348,0,454.24,277.0,0,0.0
13486,78,3,1122.41,669,69,2.9099999999999997,76,374.1366666666667,223.0,0,0.0
13487,58,3,575.4,265,26,4.451176470588235,295,191.79999999999998,88.33333333333333,0,0.0
13488,17,13,8968.31,4518,271,3.4669194312796208,350,689.87,347.53846153846155,4,0.23529411764705882
13489,105,4,449.52,560,11,1.417142857142857,189,112.38,140.0,0,0.0
13491,52,10,1215.82,903,73,3.372093023255814,320,121.582,90.3,0,0.0
13492,136,3,1269.84,408,38,4.5016,78,423.28,136.0,0,0.0
13493,275,2,498.63,377,5,3.8616666666666664,11,249.315,188.5,0,0.0
13494,312,1,316.26000000000005,162,18,3.665,0,316.26000000000005,162.0,0,0.0
13495,8,5,2044.8700000000001,829,34,2.5783333333333336,360,408.97400000000005,165.8,1,0.16666666666666666
13496,11,2,653.33,341,28,3.108285714285714,349,326.665,170.5,1,0.3333333333333333
13497,283,2,348.05,163,19,2.973684210526316,85,174.025,81.5,1,0.3333333333333333
13499,18,5,1159.11,1365,31,2.131666666666667,252,231.82199999999997,273.0,2,0.2857142857142857
13500,23,3,1166.77,609,60,3.627076923076923,99,388.92333333333335,203.0,1,0.25
13501,288,1,1340.32,560,52,3.7321153846153843,0,1340.32,560.0,1,0.5
13502,17,3,292.0,264,17,1.7977777777777777,307,97.33333333333333,88.0,0,0.0
13503,71,1,216.85,248,17,2.1811764705882353,0,216.85,248.0,0,0.0
13504,64,1,295.93,178,22,3.7018181818181817,0,295.93,178.0,0,0.0
13505,73,4,3633.63,2467,181,2.601232227488152,159,908.4075,616.75,4,0.5
13506,316,2,458.52,324,26,2.8611538461538464,53,229.26,162.0,1,0.3333333333333333
13507,3,4,2479.16,1597,146,3.3541975308641976,142,619.79,399.25,0,0.0
13508,244,1,110.97,24,12,5.1925,0,110.97,24.0,0,0.0
13509,9,6,964.72,1105,26,1.0472093023255815,275,160.78666666666666,184.16666666666666,0,0.0
13510,1,4,1791.56,1386,86,2.385913043478261,182,447.89,346.5,1,0.2
13512,261,1,251.21,143,15,4.1353333333333335,0,251.21,143.0,0,0.0
13513,127,1,205.1,109,10,3.685,0,205.1,109.0,0,0.0
13514,74,1,152.20000000000002,40,4,4.175000000000001,0,152.20000000000002,40.0,0,0.0
13515,73,4,891.12,681,50,2.1654237288135594,175,222.78,170.25,0,0.0
13516,21,3,1389.41,985,43,2.9477272727272723,217,463.1366666666667,328.3333333333333,0,0.0
13517,60,3,2128.42,1369,125,2.921631205673759,120,709.4733333333334,456.3333333333333,2,0.4
13518,86,1,627.16,382,36,2.7094444444444443,0,627.16,382.0,0,0.0
13519,78,1,122.75,23,8,6.34375,0,122.75,23.0,1,0.5
13520,59,6,2984.35,1633,48,2.1045977011494252,312,497.39166666666665,272.1666666666667,1,0.14285714285714285
13521,1,3,1070.47,715,312,1.8432613908872901,8,356.8233333333333,238.33333333333334,0,0.0
13522,30,1,125.80000000000001,44,5,3.2700000000000005,0,125.80000000000001,44.0,0,0.0
13523,33,5,3964.88,1752,157,6.2013372093023245,333,792.976,350.4,1,0.16666666666666666
13524,41,5,680.1800000000001,324,17,3.4651851851851854,179,136.036,64.8,0,0.0
13525,15,2,628.78,394,5,3.901666666666667,233,314.39,197.0,0,0.0
13527,34,7,2242.36,1683,153,2.811566820276498,293,320.33714285714285,240.42857142857142,1,0.125
13529,79,2,307.76,74,15,5.598666666666667,125,153.88,37.0,0,0.0
13531,205,2,483.8,174,17,4.539545454545455,161,241.9,87.0,0,0.0
13532,34,1,210.31,129,66,2.223181818181818,0,210.31,129.0,0,0.0
13533,183,3,269.09,202,61,1.9477333333333335,84,89.69666666666666,67.33333333333333,0,0.0
13534,2,25,5870.08,2961,119,2.811013513513514,355,234.8032,118.44,18,0.4186046511627907
13536,1,7,3444.39,2126,91,3.234157303370787,74,492.05571428571426,303.7142857142857,0,0.0
13538,43,7,1280.85,175,10,7.4764,272,182.97857142857143,25.0,0,0.0
13539,86,3,631.34,320,35,4.195135135135135,223,210.4466666666667,106.66666666666667,1,0.25
13544,40,2,276.06,112,76,3.1382051282051284,200,138.03,56.0,0,0.0
13546,12,3,621.09,357,72,2.19659793814433,188,207.03,119.0,0,0.0
13548,96,2,678.16,436,114,2.830894308943089,147,339.08,218.0,0,0.0
13549,26,7,918.2,458,37,3.5321568627450985,216,131.17142857142858,65.42857142857143,1,0.125
13551,319,1,91.80000000000001,12,4,7.65,0,91.80000000000001,12.0,0,0.0
13552,66,12,3740.07,1417,82,3.9112844036697245,249,311.6725,118.08333333333333,4,0.25
13555,74,4,4098.88,2636,128,2.3903703703703703,128,1024.72,659.0,0,0.0
13557,28,2,584.06,546,31,1.4773529411764705,252,292.03,273.0,0,0.0
13558,6,4,594.52,338,123,2.225562130177515,62,148.63,84.5,0,0.0
13560,7,1,171.42000000000002,63,32,2.9865625000000002,0,171.42000000000002,63.0,0,0.0
13561,216,1,141.85999999999999,83,14,3.5464285714285713,0,141.85999999999999,83.0,0,0.0
13562,82,3,1799.33,757,50,3.83719512195122,163,599.7766666666666,252.33333333333334,0,0.0
13563,84,2,777.53,209,49,8.512857142857143,55,388.765,104.5,0,0.0
13564,354,2,1174.03,635,67,3.6901249999999997,13,587.015,317.5,0,0.0
13565,19,2,240.22,172,35,1.7186842105263158,315,120.11,86.0,0,0.0
13566,41,2,856.84,567,134,1.8757988165680473,41,428.42,283.5,0,0.0
13568,173,1,187.05,66,41,3.0372093023255813,0,187.05,66.0,0,0.0
13569,17,2,337.12,155,72,3.062692307692308,350,168.56,77.5,0,0.0
13570,243,1,239.49,161,27,2.102592592592593,0,239.49,161.0,0,0.0
13571,13,12,2088.94,1757,157,1.7268823529411765,240,174.07833333333335,146.41666666666666,0,0.0
13572,206,1,1384.25,534,32,4.502424242424243,0,1384.25,534.0,0,0.0
13573,50,2,290.25,302,24,3.5232,202,145.125,151.0,0,0.0
13575,23,5,732.0699999999999,449,41,2.1478260869565218,152,146.414,89.8,0,0.0
13576,10,18,6717.34,2646,78,3.223492063492064,362,373.18555555555554,147.0,2,0.1
13577,25,4,1687.6000000000001,791,61,3.086987951807229,216,421.90000000000003,197.75,1,0.2
13579,15,2,467.04,176,19,4.260434782608695,354,233.52,88.0,0,0.0
13581,309,1,118.0,30,10,4.48,0,118.0,30.0,0,0.0
13583,156,1,781.03,725,53,2.0120754716981133,0,781.03,725.0,0,0.0
13584,307,1,142.4,37,24,4.164583333333333,0,142.4,37.0,0,0.0
13587,64,1,712.4,180,8,6.63625,0,712.4,180.0,2,0.6666666666666666
13588,16,9,2478.95,2606,131,1.376494252873563,239,275.43888888888887,289.55555555555554,3,0.25
13589,15,2,379.65,114,21,6.701428571428571,164,189.825,57.0,0,0.0
13590,11,6,1981.92,1848,70,1.8458620689655172,291,330.32,308.0,1,0.14285714285714285
13591,65,3,1117.13,485,56,3.979310344827586,202,372.3766666666667,161.66666666666666,0,0.0
13592,36,4,247.95999999999998,84,15,6.26,228,61.989999999999995,21.0,0,0.0
13593,108,5,2011.88,719,77,4.391417322834646,227,402.37600000000003,143.8,1,0.16666666666666666
13594,53,1,396.97,359,26,1.5953846153846152,0,396.97,359.0,0,0.0
13596,6,2,664.11,384,133,2.3843835616438356,7,332.055,192.0,0,0.0
13598,47,1,160.04,52,33,3.378857142857143,0,160.04,52.0,1,0.5
13599,1,21,5149.92,3293,171,2.793292682926829,365,245.2342857142857,156.8095238095238,12,0.36363636363636365
13600,312,1,219.52,324,19,3.0642105263157893,0,219.52,324.0,0,0.0
13601,45,2,693.32,548,90,1.8624242424242423,166,346.66,274.0,0,0.0
13602,65,1,428.89,267,23,2.0608695652173914,0,428.89,267.0,0,0.0
13603,26,1,164.34,164,27,2.111851851851852,0,164.34,164.0,0,0.0
13606,29,3,276.75,276,40,2.3442499999999997,282,92.25,92.0,0,0.0
13607,40,1,675.51,288,93,3.17020618556701,0,675.51,288.0,0,0.0
13610,12,7,1082.33,488,165,2.902093023255814,273,154.6185714285714,69.71428571428571,2,0.2222222222222222
13611,89,3,1154.4,754,67,2.379861111111111,270,384.8,251.33333333333334,1,0.25
13614,24,4,1585.46,564,171,3.7628205128205128,306,396.365,141.0,0,0.0
13615,319,1,417.69,189,23,3.387391304347826,0,417.69,189.0,1,0.5
13617,40,3,544.18,300,31,2.789772727272727,140,181.39333333333332,100.0,0,0.0
13618,174,1,177.34,246,13,1.0353846153846153,0,177.34,246.0,0,0.0
13621,117,1,213.85,343,19,1.1289473684210527,0,213.85,343.0,0,0.0
13623,31,5,727.74,286,75,3.500769230769231,266,145.548,57.2,2,0.2857142857142857
13626,253,1,257.23,209,19,2.1405263157894736,0,257.23,209.0,0,0.0
13627,59,5,1638.47,1269,84,2.9745652173913046,298,327.694,253.8,2,0.2857142857142857
13629,23,11,7792.36,4372,28,2.3242372881355933,315,708.3963636363636,397.45454545454544,0,0.0
13630,5,7,2031.78,1391,51,2.003098591549296,280,290.2542857142857,198.71428571428572,4,0.36363636363636365
13631,100,11,3070.42,467,6,6.16090909090909,167,279.1290909090909,42.45454545454545,1,0.08333333333333333
13632,25,5,2118.93,1031,121,3.192758620689655,218,423.78599999999994,206.2,1,0.16666666666666666
13634,33,5,1547.3600000000001,700,156,3.2916666666666665,293,309.47200000000004,140.0,0,0.0
13635,68,1,1071.03,677,62,2.405806451612903,0,1071.03,677.0,0,0.0
13636,37,5,949.12,592,57,3.785396825396825,248,189.824,118.4,1,0.16666666666666666
13637,52,3,803.05,404,78,2.3938775510204082,174,267.68333333333334,134.66666666666666,0,0.0
13638,16,1,122.64,93,8,2.9925,0,122.64,93.0,0,0.0
13639,74,1,1033.34,800,39,1.443,0,1033.34,800.0,0,0.0
13642,216,1,312.28,151,57,3.3484210526315787,0,312.28,151.0,0,0.0
13643,31,3,519.44,273,24,2.394642857142857,154,173.14666666666668,91.0,0,0.0
13644,16,4,2624.26,2067,144,3.043013698630137,89,656.065,516.75,1,0.2
13645,120,1,252.1,158,5,3.3699999999999997,0,252.1,158.0,0,0.0
13647,10,4,1648.1200000000001,887,65,3.3148717948717947,225,412.03000000000003,221.75,1,0.2
13649,257,2,346.6,139,23,3.191304347826087,109,173.3,69.5,0,0.0
13650,17,6,1836.34,922,79,3.1525,250,306.0566666666667,153.66666666666666,1,0.14285714285714285
13651,40,1,79.2,32,5,4.2700000000000005,0,79.2,32.0,0,0.0
13652,46,3,1095.08,578,48,3.1233333333333335,322,365.02666666666664,192.66666666666666,0,0.0
13654,43,6,2707.33,2182,157,2.5266867469879517,230,451.22166666666664,363.6666666666667,0,0.0
13655,114,2,932.97,605,52,3.3296428571428573,127,466.485,302.5,0,0.0
13656,165,2,379.65,490,49,1.7189795918367348,172,189.825,245.0,0,0.0
13657,11,2,382.14,209,16,2.993125,190,191.07,104.5,0,0.0
13658,10,5,2639.17,1019,91,4.0226851851851855,194,527.8340000000001,203.8,2,0.2857142857142857
13659,206,2,1563.0,882,92,3.8580582524271843,115,781.5,441.0,1,0.3333333333333333
13662,86,3,881.26,533,50,3.311346153846154,173,293.75333333333333,177.66666666666666,4,0.5714285714285714
13663,179,1,189.47,91,13,4.5,0,189.47,91.0,0,0.0
13666,60,3,84.65,41,12,3.7416666666666667,227,28.21666666666667,13.666666666666666,0,0.0
13667,149,1,299.05,149,82,2.4897590361445783,0,299.05,149.0,0,0.0
13668,3,21,6309.83,3722,284,2.9760691144708424,359,300.46809523809526,177.23809523809524,8,0.27586206896551724
13669,51,2,218.55,237,9,2.7511111111111113,98,109.275,118.5,0,0.0
13670,75,1,349.7,282,25,1.8768,0,349.7,282.0,0,0.0
13672,301,2,186.39000000000001,57,4,4.463333333333334,30,93.19500000000001,28.5,3,0.6
13673,19,2,387.44,114,47,3.4189999999999996,13,193.72,57.0,0,0.0
13675,151,2,486.82000000000005,330,25,1.9028,133,243.41000000000003,165.0,0,0.0
13678,152,1,232.6,924,16,0.39375,0,232.6,924.0,0,0.0
13680,1,4,3719.12,1934,164,2.2080927835051547,337,929.78,483.5,1,0.2
13681,18,4,827.83,360,37,2.902456140350877,137,206.9575,90.0,0,0.0
13682,187,1,59.5,10,3,7.083333333333333,0,59.5,10.0,0,0.0
13684,286,1,65.13,38,29,1.7324137931034485,0,65.13,38.0,1,0.5
13685,3,7,3119.44,5056,29,0.7007692307692308,57,445.63428571428574,722.2857142857143,0,0.0
13686,183,1,72.0,70,8,1.1625,0,72.0,70.0,0,0.0
13689,63,1,910.0,512,6,1.7,0,910.0,512.0,0,0.0
13690,59,1,172.25,67,9,5.972222222222222,0,172.25,67.0,0,0.0
13692,25,3,1488.32,1226,48,2.5984905660377358,211,496.1066666666666,408.6666666666667,1,0.25
13694,4,50,65039.62,63312,366,1.5689964788732396,369,1300.7924,1266.24,7,0.12280701754385964
13695,31,15,2504.13,1603,46,2.646888888888889,228,166.942,106.86666666666666,0,0.0
13697,39,1,151.29999999999998,177,12,1.3933333333333333,0,151.29999999999998,177.0,0,0.0
13699,155,1,308.58000000000004,66,14,6.3064285714285715,0,308.58000000000004,66.0,0,0.0
13700,26,10,2248.63,2281,139,1.5885051546391753,300,224.863,228.1,0,0.0
13703,318,1,99.5,10,1,9.95,0,99.5,10.0,0,0.0
13704,5,9,2308.06,1531,111,3.328805970149254,83,256.4511111111111,170.11111111111111,1,0.1
13705,8,3,711.86,363,25,7.6085714285714285,366,237.28666666666666,121.0,0,0.0
13706,303,1,330.79,189,20,2.774,0,330.79,189.0,0,0.0
13707,267,2,806.41,351,48,4.463333333333334,48,403.205,175.5,0,0.0
13708,271,1,283.33,300,48,2.006875,0,283.33,300.0,0,0.0
13709,4,13,6307.650000000001,3508,244,3.554059701492537,311,485.2038461538462,269.84615384615387,4,0.23529411764705882
13710,32,1,180.48,176,8,1.16625,0,180.48,176.0,0,0.0
13711,219,2,252.06,140,11,3.7800000000000002,0,126.03,70.0,0,0.0
13712,247,1,228.84,352,10,1.2349999999999999,0,228.84,352.0,0,0.0
13715,281,5,1077.39,562,89,2.287980769230769,91,215.478,112.4,3,0.375
13716,269,1,138.28,138,21,1.4195238095238094,0,138.28,138.0,0,0.0
13717,32,6,1445.01,1959,92,2.0434313725490196,266,240.835,326.5,1,0.14285714285714285
13718,246,2,306.55,173,9,5.529166666666666,49,153.275,86.5,0,0.0
13719,15,5,1041.68,609,56,3.266,219,208.336,121.8,0,0.0
13720,117,4,799.9,501,42,3.17906976744186,138,199.975,125.25,0,0.0
13721,36,1,524.14,316,28,2.8510714285714287,0,524.14,316.0,0,0.0
13722,132,3,2375.41,1401,75,2.8843529411764703,151,791.8033333333333,467.0,1,0.25
13723,217,1,199.85000000000002,43,6,5.283333333333333,0,199.85000000000002,43.0,0,0.0
13725,50,8,1980.56,806,95,4.336057692307692,258,247.57,100.75,3,0.2727272727272727
13726,39,2,1079.6599999999999,1054,39,1.0761904761904761,61,539.8299999999999,527.0,0,0.0
13727,29,2,333.48,162,19,2.941,4,166.74,81.0,0,0.0
13728,37,6,1016.14,458,38,5.451746031746032,273,169.35666666666665,76.33333333333333,0,0.0
13730,136,2,752.6,488,38,3.238139534883721,25,376.3,244.0,0,0.0
13731,219,2,610.59,278,36,4.2894736842105265,27,305.295,139.0,0,0.0
13732,28,1,491.86,498,33,1.58,0,491.86,498.0,0,0.0
13735,25,4,2883.54,1128,158,4.052717948717949,209,720.885,282.0,4,0.5
13736,5,2,729.8,496,166,2.1781052631578945,255,364.9,248.0,1,0.3333333333333333
13737,200,1,339.59999999999997,125,29,3.848666666666667,0,339.59999999999997,125.0,0,0.0
13739,18,1,216.9,54,3,5.483333333333333,0,216.9,54.0,0,0.0
13740,241,1,350.75,425,23,1.5960869565217393,0,350.75,425.0,0,0.0
13741,72,3,668.4300000000001,218,34,5.225588235294118,145,222.81000000000003,72.66666666666667,1,0.25
13742,17,12,3107.87,1115,200,4.137188498402556,303,258.9891666666667,92.91666666666667,2,0.14285714285714285
13743,3,7,1341.6,1776,8,1.1202439024390243,256,191.65714285714284,253.71428571428572,1,0.125
13744,95,2,1080.52,1153,54,1.8309523809523809,197,540.26,576.5,0,0.0
13745,162,1,300.04,496,25,0.6456000000000001,0,300.04,496.0,1,0.5
13747,374,1,79.6,8,1,9.95,0,79.6,8.0,0,0.0
13748,96,5,948.25,439,24,3.9964285714285714,278,189.65,87.8,0,0.0
13750,54,5,1647.26,516,20,5.020416666666667,283,329.452,103.2,0,0.0
13751,288,1,296.25,152,9,3.5300000000000002,0,296.25,152.0,0,0.0
13752,124,6,1175.38,874,64,3.0383999999999998,122,195.89666666666668,145.66666666666666,0,0.0
13753,288,1,741.26,512,35,1.7942857142857143,0,741.26,512.0,0,0.0
13754,152,2,282.59999999999997,214,11,2.3375,165,141.29999999999998,107.0,0,0.0
13755,4,9,2108.06,1242,232,3.1130529595015575,59,234.2288888888889,138.0,1,0.1
13756,2,14,5189.52,3188,66,2.7371126760563382,365,370.68,227.71428571428572,1,0.06666666666666667
13758,12,7,3190.55,1844,104,3.287948717948718,361,455.79285714285714,263.42857142857144,0,0.0
13759,33,2,659.4100000000001,287,24,3.3627999999999996,37,329.70500000000004,143.5,0,0.0
13760,54,2,286.79,197,50,1.984561403508772,202,143.395,98.5,0,0.0
13761,50,2,1070.65,642,68,2.9494285714285717,129,535.325,321.0,0,0.0
13762,219,1,306.72,272,7,1.26,0,306.72,272.0,1,0.5
13763,63,1,1714.96,728,15,2.598,0,1714.96,728.0,2,0.6666666666666666
13764,71,3,1516.42,923,182,2.74368932038835,266,505.47333333333336,307.6666666666667,0,0.0
13767,2,37,17220.36,7322,55,3.713532608695652,371,465.41513513513513,197.8918918918919,15,0.28846153846153844
13769,2,10,2796.51,1163,73,3.727777777777778,365,279.651,116.3,6,0.375
13771,64,4,2634.45,1477,114,2.6267226890756303,182,658.6125,369.25,1,0.2
13772,34,3,1122.63,540,141,2.4815606936416184,205,374.21000000000004,180.0,0,0.0
13774,82,1,345.0,192,22,3.290909090909091,0,345.0,192.0,0,0.0
13777,1,33,25977.16,12897,36,2.269137055837563,372,787.1866666666666,390.8181818181818,7,0.175
13778,103,1,178.7,70,9,3.3,0,178.7,70.0,0,0.0
13780,7,2,360.01,318,56,2.5831578947368423,163,180.005,159.0,0,0.0
13781,251,1,127.84,30,17,4.557058823529411,0,127.84,30.0,0,0.0
13782,13,6,908.86,369,96,3.5428318584070793,315,151.47666666666666,61.5,0,0.0
13784,10,11,2462.79,2493,9,2.6380645161290324,322,223.89,226.63636363636363,0,0.0
13786,367,1,230.39999999999998,136,7,1.8928571428571428,0,230.39999999999998,136.0,0,0.0
13787,76,2,309.04,337,24,2.4777419354838712,288,154.52,168.5,0,0.0
13790,4,1,348.8,748,45,0.7717777777777777,0,348.8,748.0,0,0.0
13791,128,2,1516.0,1200,7,1.2463636363636363,40,758.0,600.0,1,0.3333333333333333
13792,66,2,195.55,92,13,3.5461538461538464,221,97.775,46.0,0,0.0
13798,1,57,37153.85,23948,113,2.1165329512893982,370,651.8219298245614,420.140350877193,6,0.09523809523809523
13799,117,2,688.86,402,32,2.1302564102564103,177,344.43,201.0,0,0.0
13800,310,1,558.32,331,33,2.553939393939394,0,558.32,331.0,0,0.0
13801,67,1,324.8,168,23,3.9543478260869565,0,324.8,168.0,0,0.0
13802,139,3,4599.42,2572,55,2.6631666666666667,172,1533.14,857.3333333333334,3,0.5
13803,255,1,277.07,121,17,2.922941176470588,0,277.07,121.0,0,0.0
13804,31,7,2588.39,1462,124,3.109185185185185,259,369.77,208.85714285714286,0,0.0
13805,52,2,924.6,1900,10,0.5930769230769231,76,462.3,950.0,0,0.0
13806,64,1,256.38,56,10,5.233,0,256.38,56.0,0,0.0
13807,367,1,112.6,36,7,5.1499999999999995,0,112.6,36.0,0,0.0
13808,6,5,1747.66,782,70,3.7531578947368422,91,349.53200000000004,156.4,0,0.0
13809,305,1,155.05,29,11,7.108333333333333,0,155.05,29.0,0,0.0
13810,29,2,827.51,307,30,3.4134375,27,413.755,153.5,0,0.0
13811,184,2,519.75,63,5,8.25,55,259.875,31.5,0,0.0
13812,42,3,485.0,330,32,2.275757575757576,63,161.66666666666666,110.0,0,0.0
13813,40,4,1168.8600000000001,541,53,3.4384615384615387,95,292.21500000000003,135.25,1,0.2
13814,92,2,1579.12,864,37,3.020701754385965,44,789.56,432.0,1,0.3333333333333333
13815,22,4,3667.36,2540,131,2.299248554913295,296,916.84,635.0,1,0.2
13816,24,2,499.67,265,24,3.7223076923076923,40,249.835,132.5,2,0.5
13817,29,2,328.98,208,19,1.875909090909091,322,164.49,104.0,0,0.0
13819,302,3,1140.35,1109,26,2.003611111111111,18,380.1166666666666,369.6666666666667,0,0.0
13821,145,2,385.64,153,51,3.2916949152542374,116,192.82,76.5,0,0.0
13822,6,2,632.0,611,90,1.7905208333333331,34,316.0,305.5,0,0.0
13823,19,2,957.66,439,39,3.9204999999999997,72,478.83,219.5,0,0.0
13824,33,5,1698.94,768,34,2.7528260869565218,277,339.788,153.6,0,0.0
13826,176,1,189.5,82,10,5.7299999999999995,0,189.5,82.0,1,0.5
13827,58,3,409.8,138,83,3.7767391304347826,85,136.6,46.0,0,0.0
13828,22,1,209.49,311,15,1.9046666666666667,0,209.49,311.0,0,0.0
13831,16,6,2198.45,743,58,4.004305555555556,353,366.4083333333333,123.83333333333333,0,0.0
13832,19,1,52.199999999999996,28,3,2.283333333333333,0,52.199999999999996,28.0,1,0.5
13833,159,1,383.85,117,28,5.041071428571429,0,383.85,117.0,0,0.0
13835,25,4,834.57,442,48,3.2005454545454546,190,208.6425,110.5,0,0.0
13837,212,2,266.59000000000003,182,17,2.0616666666666665,105,133.29500000000002,91.0,0,0.0
13838,6,4,674.82,254,144,3.169272727272727,364,168.705,63.5,0,0.0
13841,253,1,85.0,100,1,0.85,0,85.0,100.0,0,0.0
13842,59,9,3385.62,1768,155,4.044271844660194,308,376.18,196.44444444444446,0,0.0
13844,11,1,361.62,196,20,2.4605,0,361.62,196.0,0,0.0
13845,65,1,312.98,182,9,1.9544444444444444,0,312.98,182.0,0,0.0
13846,25,3,865.0600000000001,388,55,3.524909090909091,335,288.35333333333335,129.33333333333334,1,0.25
13848,92,3,1255.0,3700,3,0.462,273,418.3333333333333,1233.3333333333333,0,0.0
13849,52,2,1537.95,1016,97,3.023960396039604,119,768.975,508.0,0,0.0
13850,129,1,1595.48,944,93,2.4186021505376343,0,1595.48,944.0,1,0.5
13851,96,3,2651.46,1705,77,2.238888888888889,192,883.82,568.3333333333334,0,0.0
13853,57,1,1090.14,312,23,4.546086956521739,0,1090.14,312.0,1,0.5
13854,9,25,8109.5199999999995,2296,39,4.628363636363637,356,324.38079999999997,91.84,4,0.13793103448275862
13856,169,3,388.5,494,10,1.06,34,129.5,164.66666666666666,2,0.4
13858,57,1,216.17,75,11,4.335454545454545,0,216.17,75.0,0,0.0
13859,326,1,201.16,129,27,2.887857142857143,0,201.16,129.0,0,0.0
13860,1,5,1245.9,591,58,3.514605263157895,85,249.18,118.2,1,0.16666666666666666
13862,18,8,2209.36,1688,97,1.6970503597122304,314,276.17,211.0,2,0.2
13863,248,1,305.78,224,20,2.5965,0,305.78,224.0,1,0.5
13865,58,4,501.56,204,26,3.902333333333333,231,125.39,51.0,0,0.0
13866,74,1,145.67000000000002,57,7,3.375714285714286,0,145.67000000000002,57.0,0,0.0
13867,31,3,1005.09,501,51,3.9956666666666667,186,335.03000000000003,167.0,0,0.0
13868,7,2,3192.54,1964,32,1.8542424242424242,31,1596.27,982.0,0,0.0
13869,123,4,3083.65,1709,234,2.9455263157894738,233,770.9125,427.25,0,0.0
13870,2,8,2770.94,1325,91,3.378608695652174,285,346.3675,165.625,2,0.2
13871,23,13,6403.25,2806,155,3.7608928571428573,286,492.5576923076923,215.84615384615384,1,0.07142857142857142
13873,120,3,389.6,140,21,4.609565217391304,190,129.86666666666667,46.666666666666664,1,0.25
13874,358,1,540.45,180,18,5.5055555555555555,0,540.45,180.0,0,0.0
13875,54,5,1786.79,1316,79,1.9584615384615385,247,357.358,263.2,0,0.0
13876,64,1,122.7,36,7,5.114285714285714,0,122.7,36.0,0,0.0
13877,86,1,117.24,108,3,1.1766666666666665,0,117.24,108.0,0,0.0
13878,55,1,1271.57,463,35,4.764571428571428,0,1271.57,463.0,0,0.0
13880,21,13,3219.77,1842,125,2.68830303030303,345,247.67461538461538,141.69230769230768,0,0.0
13881,4,20,17159.52,10118,72,2.6765168539325845,308,857.976,505.9,2,0.09090909090909091
13882,3,5,1191.13,953,54,3.381846153846154,61,238.22600000000003,190.6,1,0.16666666666666666
13883,11,5,2674.48,1436,108,3.3760563380281687,242,534.896,287.2,4,0.4444444444444444
13884,7,5,787.6,300,45,3.5635593220338984,276,157.52,60.0,1,0.16666666666666666
13885,189,2,506.8,182,28,3.960714285714286,11,253.4,91.0,0,0.0
13886,71,1,243.56,126,16,3.805,0,243.56,126.0,0,0.0
13887,204,1,349.55,147,19,3.8542105263157898,0,349.55,147.0,0,0.0
13888,120,2,595.67,254,38,4.1635897435897435,98,297.835,127.0,0,0.0
13889,93,1,416.90000000000003,146,15,3.8333333333333335,0,416.90000000000003,146.0,0,0.0
13890,1,10,1883.8100000000002,831,74,3.4015454545454546,357,188.38100000000003,83.1,4,0.2857142857142857
13892,27,4,632.97,983,26,1.1092592592592592,219,158.2425,245.75,0,0.0
13893,298,1,821.1,190,21,6.199999999999999,0,821.1,190.0,0,0.0
13894,24,3,564.62,354,25,2.6707407407407406,286,188.20666666666668,118.0,2,0.4
13895,28,4,2593.07,1365,97,2.9353389830508476,136,648.2675,341.25,1,0.2
13897,50,1,311.16,200,17,1.9476470588235293,0,311.16,200.0,0,0.0
13898,326,1,155.93,133,12,2.6141666666666667,0,155.93,133.0,0,0.0
13899,16,2,388.52,156,19,3.0310526315789477,258,194.26,78.0,0,0.0
13900,183,3,740.95,430,42,3.113720930232558,79,246.98333333333335,143.33333333333334,0,0.0
13901,72,5,2867.2,1739,144,3.7404697986577182,246,573.4399999999999,347.8,0,0.0
13904,37,2,332.64,332,24,1.323846153846154,257,166.32,166.0,0,0.0
13908,80,4,2369.55,1478,104,2.867540983606557,196,592.3875,369.5,1,0.2
13911,57,9,2580.91,2731,120,2.389189189189189,251,286.7677777777778,303.44444444444446,0,0.0
13914,12,2,626.45,380,28,2.5521212121212122,24,313.225,190.0,1,0.3333333333333333
13917,50,2,272.04,228,16,2.022222222222222,141,136.02,114.0,0,0.0
13918,50,2,1212.8400000000001,1140,30,2.1853333333333333,203,606.4200000000001,570.0,0,0.0
13919,59,2,348.81,472,23,1.6696153846153845,62,174.405,236.0,1,0.3333333333333333
13922,352,1,172.25,93,7,4.988571428571428,0,172.25,93.0,0,0.0
13923,54,1,351.13,185,20,2.9745,0,351.13,185.0,0,0.0
13924,2,6,1838.8500000000001,1575,90,2.6076068376068373,70,306.475,262.5,5,0.45454545454545453
13925,93,4,678.25,331,28,5.914390243902439,42,169.5625,82.75,2,0.3333333333333333
13926,23,1,223.85000000000002,104,11,6.533636363636364,0,223.85000000000002,104.0,0,0.0
13927,75,1,348.99,214,21,2.6957142857142857,0,348.99,214.0,0,0.0
13928,11,4,464.57,129,23,5.767407407407408,122,116.1425,32.25,0,0.0
13929,169,2,842.65,143,8,5.294444444444444,157,421.325,71.5,1,0.3333333333333333
13930,58,2,337.34,274,15,1.6405882352941177,78,168.67,137.0,0,0.0
13931,96,2,1237.53,725,56,2.0460344827586208,185,618.765,362.5,1,0.3333333333333333
13932,295,1,307.4,72,16,6.103125,0,307.4,72.0,0,0.0
13933,109,2,608.7900000000001,205,23,3.460434782608696,39,304.39500000000004,102.5,0,0.0
13934,264,1,922.1,390,31,3.1870967741935483,0,922.1,390.0,0,0.0
13936,180,1,376.58,330,26,1.5419230769230767,0,376.58,330.0,1,0.5
13937,169,1,158.85,123,9,1.6944444444444444,0,158.85,123.0,0,0.0
13938,35,1,71.66,70,7,1.012857142857143,0,71.66,70.0,0,0.0
13939,23,3,568.55,847,43,1.1835555555555555,288,189.51666666666665,282.3333333333333,1,0.25
13940,17,4,839.14,516,39,3.121428571428571,126,209.785,129.0,0,0.0
13941,22,5,5112.96,2364,24,3.8584444444444443,350,1022.592,472.8,2,0.2857142857142857
13946,79,3,561.5699999999999,443,11,1.679090909090909,188,187.18999999999997,147.66666666666666,0,0.0
13947,65,1,90.6,44,5,2.93,0,90.6,44.0,0,0.0
13948,361,1,102.0,40,3,3.9499999999999997,0,102.0,40.0,0,0.0
13949,3,6,2427.32,2474,124,1.456625,91,404.55333333333334,412.3333333333333,0,0.0
13950,11,4,745.06,323,33,4.589714285714285,235,186.265,80.75,1,0.2
13951,176,3,674.45,459,38,3.4892307692307694,118,224.8166666666667,153.0,0,0.0
13952,218,2,3251.071,1431,120,3.9832919708029197,20,1625.5355,715.5,1,0.3333333333333333
13953,7,7,3515.68,2724,8,2.293,345,502.23999999999995,389.14285714285717,0,0.0
13954,2,2,439.92,150,24,5.4508,69,219.96,75.0,1,0.3333333333333333
13955,154,2,322.96,154,33,3.016060606060606,151,161.48,77.0,0,0.0
13956,5,5,1019.27,486,123,3.4904761904761905,266,203.85399999999998,97.2,0,0.0
13959,79,3,594.04,355,79,2.2066666666666666,283,198.01333333333332,118.33333333333333,0,0.0
13960,21,2,230.22,142,11,2.105,50,115.11,71.0,0,0.0
13962,22,2,169.55,87,11,7.019090909090909,223,84.775,43.5,0,0.0
13963,308,4,664.54,460,35,3.2680000000000002,59,166.135,115.0,0,0.0
13967,146,1,80.7,42,2,3.6,0,80.7,42.0,0,0.0
13969,7,18,9024.17,4528,334,2.9629240710823908,357,501.34277777777777,251.55555555555554,2,0.1
13971,19,8,2758.26,1844,118,2.225167785234899,266,344.7825,230.5,3,0.2727272727272727
13972,71,2,190.25,187,15,2.546,131,95.125,93.5,0,0.0
13973,287,1,264.7,109,11,3.7563636363636363,0,264.7,109.0,0,0.0
13974,49,1,413.59000000000003,249,28,2.1967857142857143,0,413.59000000000003,249.0,0,0.0
13975,31,6,2461.2400000000002,1697,240,2.1640425531914893,245,410.2066666666667,282.8333333333333,1,0.14285714285714285
13976,207,1,357.98,154,10,3.568,0,357.98,154.0,0,0.0
13978,15,2,196.79000000000002,315,14,1.2106666666666668,30,98.39500000000001,157.5,0,0.0
13979,73,1,869.87,639,54,1.8322222222222222,0,869.87,639.0,0,0.0
13980,60,1,200.14,172,11,3.9145454545454546,0,200.14,172.0,0,0.0
13982,39,4,1871.81,1136,72,2.232072072072072,326,467.9525,284.0,1,0.2
13983,30,12,2603.43,1183,91,6.329999999999999,337,216.9525,98.58333333333333,1,0.07692307692307693
13984,27,5,920.51,679,14,2.10875,339,184.102,135.8,1,0.16666666666666666
13985,4,15,7060.13,3445,108,2.384498567335244,260,470.67533333333336,229.66666666666666,1,0.0625
13986,17,1,320.46,430,12,1.8615384615384616,0,320.46,430.0,0,0.0
13988,20,6,4147.96,3044,188,2.99974358974359,234,691.3266666666667,507.3333333333333,3,0.3333333333333333
13989,66,2,1266.08,1313,33,2.6253658536585367,173,633.04,656.5,0,0.0
13990,213,1,311.3,190,16,2.66,0,311.3,190.0,0,0.0
13991,12,6,851.88,994,57,1.5151851851851852,131,141.98,165.66666666666666,1,0.14285714285714285
13992,30,1,76.8,64,5,1.17,0,76.8,64.0,0,0.0
13993,43,9,3466.36,900,66,5.586942148760331,287,385.1511111111111,100.0,3,0.25
13994,4,6,2274.14,932,122,3.7539189189189193,144,379.0233333333333,155.33333333333334,0,0.0
13995,15,5,1393.69,879,55,2.227558139534884,230,278.738,175.8,1,0.16666666666666666
13999,10,12,3901.81,2243,102,2.274903846153846,351,325.1508333333333,186.91666666666666,3,0.2
14000,211,1,635.66,710,15,1.9493333333333334,0,635.66,710.0,1,0.5
14001,46,3,2043.0800000000002,962,34,3.536153846153846,327,681.0266666666668,320.6666666666667,0,0.0
14002,134,2,529.73,877,47,2.411489361702128,22,264.865,438.5,0,0.0
14004,43,7,4582.64,2668,102,2.8440350877192984,245,654.6628571428572,381.14285714285717,0,0.0
14005,10,5,2874.72,2478,53,2.205238095238095,206,574.944,495.6,0,0.0
14006,116,3,962.19,641,22,2.3706666666666667,196,320.73,213.66666666666666,0,0.0
14009,198,2,695.61,365,42,2.822142857142857,7,347.805,182.5,1,0.3333333333333333
14012,278,1,328.8,160,11,2.8318181818181816,0,328.8,160.0,0,0.0
14013,110,3,473.02,462,30,1.3817647058823528,165,157.67333333333332,154.0,0,0.0
14014,77,1,505.18,1076,39,0.5679487179487179,0,505.18,1076.0,0,0.0
14015,53,1,917.34,378,20,3.107,0,917.34,378.0,0,0.0
14016,162,4,4341.21,2125,154,3.9495652173913043,195,1085.3025,531.25,1,0.2
14019,47,3,1421.61,1037,37,2.4148484848484846,91,473.86999999999995,345.6666666666667,1,0.25
14020,17,2,642.8,441,37,2.848974358974359,71,321.4,220.5,0,0.0
14021,155,3,631.9,192,22,4.502272727272727,101,210.63333333333333,64.0,0,0.0
14022,225,1,440.0,487,28,1.2953571428571429,0,440.0,487.0,0,0.0
14023,7,2,584.07,345,30,2.870967741935484,242,292.035,172.5,0,0.0
14024,122,2,327.7,150,16,3.70125,2,163.85,75.0,0,0.0
14027,61,1,104.82,62,6,2.143333333333333,0,104.82,62.0,0,0.0
14029,63,2,467.66,198,15,4.366,80,233.83,99.0,0,0.0
14030,18,8,2358.84,1478,210,4.066033057851239,348,294.855,184.75,0,0.0
14031,7,19,17286.86,5788,119,4.32708,365,909.8347368421053,304.63157894736844,3,0.13636363636363635
14032,2,11,2975.59,2032,53,2.38993006993007,364,270.5081818181818,184.72727272727272,7,0.3888888888888889
14034,22,3,648.89,420,82,2.4025581395348836,135,216.29666666666665,140.0,1,0.25
14035,29,5,1428.02,739,41,2.81030303030303,268,285.604,147.8,0,0.0
14036,285,1,626.65,268,38,4.371842105263158,0,626.65,268.0,0,0.0
14037,176,2,147.20000000000002,46,27,3.460714285714286,188,73.60000000000001,23.0,0,0.0
14038,78,3,1560.38,965,64,1.917717391304348,128,520.1266666666667,321.6666666666667,1,0.25
14039,33,1,152.2,92,6,2.033333333333333,0,152.2,92.0,0,0.0
14040,41,12,3560.32,1544,146,3.7856768558951965,290,296.6933333333333,128.66666666666666,2,0.14285714285714285
14041,266,1,141.41,94,21,1.870952380952381,0,141.41,94.0,0,0.0
14044,27,4,646.42,304,165,2.58,283,161.605,76.0,0,0.0
14045,109,4,1659.75,535,4,4.233333333333333,264,414.9375,133.75,0,0.0
14046,284,1,151.59,443,13,0.566923076923077,0,151.59,443.0,0,0.0
14047,9,5,1308.6100000000001,381,22,4.8353125,364,261.72200000000004,76.2,2,0.2857142857142857
14048,305,1,409.93,288,83,2.1890588235294115,0,409.93,288.0,1,0.5
14049,17,4,5578.72,3808,348,2.5833472803347277,301,1394.68,952.0,2,0.3333333333333333
14050,32,2,746.36,689,49,1.5387037037037037,74,373.18,344.5,0,0.0
14051,1,23,15610.390000000001,3756,52,4.660714285714286,365,678.7126086956522,163.30434782608697,3,0.11538461538461539
14052,20,1,225.36,89,56,2.882142857142857,0,225.36,89.0,0,0.0
14053,124,2,260.25,215,2,1.3775,35,130.125,107.5,0,0.0
14054,65,1,92.46,62,6,1.5133333333333334,0,92.46,62.0,0,0.0
14055,106,1,725.6400000000001,216,10,4.453,0,725.6400000000001,216.0,0,0.0
14056,1,23,8152.71,4252,320,2.8171691176470586,282,354.46565217391304,184.8695652173913,6,0.20689655172413793
14057,24,17,6211.66,4873,179,1.9354416961130743,336,365.39176470588234,286.6470588235294,1,0.05555555555555555
14059,267,1,183.6,128,8,2.3125,0,183.6,128.0,0,0.0
14060,5,19,6140.42,5386,86,1.4406930693069306,368,323.18,283.4736842105263,1,0.05
14062,10,12,10464.85,5593,60,2.8256756756756753,354,872.0708333333333,466.0833333333333,0,0.0
14064,29,5,1334.34,1772,59,1.6006493506493507,245,266.868,354.4,2,0.2857142857142857
14066,267,1,152.55,45,7,4.364285714285715,0,152.55,45.0,0,0.0
14067,64,2,374.7,361,51,2.8625,32,187.35,180.5,0,0.0
14068,320,1,265.85,73,22,4.091666666666667,0,265.85,73.0,0,0.0
14071,4,8,1422.75,956,270,2.419968847352025,261,177.84375,119.5,1,0.1111111111111111
14073,32,1,151.04,130,13,2.1415384615384614,0,151.04,130.0,1,0.5
14075,5,3,942.26,754,33,1.8132558139534884,256,314.08666666666664,251.33333333333334,0,0.0
14076,129,1,118.67,79,43,2.014090909090909,0,118.67,79.0,0,0.0
14077,41,5,499.41999999999996,268,33,2.665952380952381,233,99.88399999999999,53.6,0,0.0
14078,102,6,1049.37,310,46,2.6804615384615382,271,174.89499999999998,51.666666666666664,0,0.0
14079,125,1,375.1,301,12,3.2733333333333334,0,375.1,301.0,0,0.0
14080,33,1,45.599999999999994,48,4,0.95,0,45.599999999999994,48.0,0,0.0
14081,302,2,921.62,592,126,3.0251333333333332,67,460.81,296.0,2,0.5
14082,365,1,182.25,110,28,2.587586206896552,0,182.25,110.0,0,0.0
14083,4,9,1002.9,705,162,2.836497175141243,367,111.43333333333334,78.33333333333333,0,0.0
14085,2,18,4421.29,3177,272,2.3980580357142856,366,245.62722222222223,176.5,1,0.05263157894736842
14087,3,1,191.47,250,61,1.398235294117647,0,191.47,250.0,1,0.5
14088,10,13,50491.81,12665,379,5.730696095076401,312,3883.9853846153846,974.2307692307693,1,0.07142857142857142
14089,57,1,158.75,133,13,2.2038461538461536,0,158.75,133.0,0,0.0
14090,325,1,76.32000000000001,72,1,1.06,0,76.32000000000001,72.0,0,0.0
14092,8,14,4076.91,2066,117,2.7328971962616824,350,291.2078571428571,147.57142857142858,3,0.17647058823529413
14093,12,1,433.86,391,95,1.5163,0,433.86,391.0,0,0.0
14096,4,17,53258.43,16336,1118,4.2053169774288515,97,3132.8488235294117,960.9411764705883,16,0.48484848484848486
14098,37,1,147.35,104,21,1.7047619047619047,0,147.35,104.0,0,0.0
14099,16,11,3104.17,2179,167,2.59356,338,282.1972727272727,198.0909090909091,1,0.08333333333333333
14100,138,1,191.95000000000002,63,24,3.406,0,191.95000000000002,63.0,0,0.0
14101,74,6,5976.79,6942,15,1.73,252,996.1316666666667,1157.0,0,0.0
14102,5,5,1105.8799999999999,769,35,2.335,39,221.176,153.8,3,0.375
14104,155,2,216.20999999999998,72,21,7.933809523809523,11,108.10499999999999,36.0,0,0.0
14105,239,1,1266.23,800,74,2.9174324324324328,0,1266.23,800.0,1,0.5
14107,52,7,2703.23,1793,61,2.6591056910569106,312,386.17571428571426,256.14285714285717,1,0.125
14108,31,2,597.91,381,33,3.093235294117647,70,298.955,190.5,1,0.3333333333333333
14109,73,1,144.2,88,9,2.466666666666667,0,144.2,88.0,1,0.5
14110,4,12,5683.15,2445,94,2.3614193548387097,263,473.5958333333333,203.75,1,0.07692307692307693
14111,14,4,692.85,458,10,3.6799999999999997,227,173.2125,114.5,1,0.2
14112,23,7,2915.15,1651,117,2.5103125,253,416.45,235.85714285714286,5,0.4166666666666667
14113,4,4,1840.42,745,26,2.481176470588235,351,460.105,186.25,4,0.5
14114,274,2,386.53,101,15,6.312666666666667,56,193.265,50.5,0,0.0
14116,20,5,1382.74,707,61,3.251666666666667,101,276.548,141.4,0,0.0
14117,144,1,90.0,72,3,1.25,0,90.0,72.0,0,0.0
14121,4,4,2780.15,2082,148,2.2942138364779874,56,695.0375,520.5,2,0.3333333333333333
14124,84,1,419.58000000000004,1618,4,0.358,0,419.58000000000004,1618.0,0,0.0
14125,11,3,2720.63,1628,159,3.170421686746988,67,906.8766666666667,542.6666666666666,0,0.0
14126,8,3,706.1300000000001,508,14,4.040666666666667,2,235.3766666666667,169.33333333333334,1,0.25
14127,123,3,709.71,321,39,3.9595454545454545,187,236.57000000000002,107.0,0,0.0
14128,61,2,637.5,564,40,1.895,195,318.75,282.0,0,0.0
14129,2,5,1123.8600000000001,592,31,2.734423076923077,259,224.77200000000002,118.4,0,0.0
14130,319,1,480.91,257,66,2.8640909090909092,0,480.91,257.0,0,0.0
14132,2,11,3586.0299999999997,3368,100,1.71775,181,326.00272727272727,306.1818181818182,1,0.08333333333333333
14133,130,3,605.64,348,25,3.7950000000000004,186,201.88,116.0,2,0.4
14135,2,15,4690.31,3850,95,2.472462686567164,371,312.68733333333336,256.6666666666667,0,0.0
14138,2,2,965.8800000000001,600,40,2.3260869565217392,62,482.94000000000005,300.0,0,0.0
14139,46,1,415.82,510,26,1.4576923076923076,0,415.82,510.0,0,0.0
14140,4,2,935.05,811,60,1.823939393939394,27,467.525,405.5,1,0.3333333333333333
14141,3,4,915.13,355,27,3.5195,102,228.7825,88.75,2,0.3333333333333333
14142,373,1,311.81,313,22,1.7704545454545455,0,311.81,313.0,0,0.0
14143,134,1,115.8,30,7,5.485714285714286,0,115.8,30.0,0,0.0
14145,47,4,3742.2,756,6,4.95,170,935.55,189.0,1,0.2
14146,9,5,4191.0,2437,183,2.6339047619047617,348,838.2,487.4,1,0.16666666666666666
14147,78,2,483.4,108,4,4.55,207,241.7,54.0,1,0.3333333333333333
14148,234,1,157.2,16,3,7.55,0,157.2,16.0,0,0.0
14149,221,1,446.62,218,28,2.9699999999999998,0,446.62,218.0,2,0.6666666666666666
14150,36,2,658.64,496,23,1.6823076923076923,324,329.32,248.0,0,0.0
14152,75,2,621.29,711,47,1.143469387755102,158,310.645,355.5,1,0.3333333333333333
14154,239,2,1345.62,465,52,7.893076923076923,0,672.81,232.5,0,0.0
14155,266,1,118.75,25,6,5.45,0,118.75,25.0,0,0.0
14156,10,55,117210.08,57768,714,3.834215053763441,361,2131.0923636363636,1050.3272727272727,10,0.15384615384615385
14157,20,2,424.89000000000004,271,45,2.219782608695652,265,212.44500000000002,135.5,1,0.3333333333333333
14158,40,1,507.66,781,41,1.5365853658536586,0,507.66,781.0,0,0.0
14159,20,11,4627.98,4345,500,1.4980664395229983,343,420.7254545454545,395.0,3,0.21428571428571427
14161,216,3,1097.6200000000001,450,87,3.191153846153846,153,365.8733333333334,150.0,0,0.0
14162,174,2,289.36,142,25,3.8892,118,144.68,71.0,0,0.0
14163,87,4,2445.91,893,36,4.738076923076923,151,611.4775,223.25,0,0.0
14164,71,2,1631.77,1033,28,1.5541379310344827,10,815.885,516.5,0,0.0
14165,276,1,120.44,53,23,3.285,0,120.44,53.0,0,0.0
14167,39,4,562.59,147,27,4.3104000000000005,291,140.6475,36.75,0,0.0
14171,98,1,363.79,167,57,2.8863793103448274,0,363.79,167.0,0,0.0
14173,11,4,450.84,150,28,4.376896551724138,208,112.71,37.5,0,0.0
14174,33,1,134.46,94,26,1.9373076923076922,0,134.46,94.0,0,0.0
14175,60,3,3222.3,1515,139,3.7063758389261743,269,1074.1000000000001,505.0,4,0.5714285714285714
14176,297,4,576.9000000000001,209,28,3.574193548387097,70,144.22500000000002,52.25,1,0.2
14177,86,4,549.46,204,37,4.21,93,137.365,51.0,1,0.2
14178,9,7,1580.26,1492,190,1.6439556962025317,173,225.75142857142856,213.14285714285714,0,0.0
14179,41,2,701.57,319,135,2.857197452229299,11,350.785,159.5,0,0.0
14180,11,25,4748.52,719,112,9.311208333333333,361,189.94080000000002,28.76,6,0.1935483870967742
14184,67,1,452.89,127,24,5.418333333333333,0,452.89,127.0,0,0.0
14185,331,1,197.65,6,3,59.73333333333333,0,197.65,6.0,0,0.0
14188,31,6,2054.36,1162,34,1.975076923076923,279,342.3933333333334,193.66666666666666,4,0.4
14189,2,15,4654.08,3937,176,2.158,366,310.272,262.46666666666664,9,0.375
14191,2,13,4684.76,3662,145,1.9932818532818533,218,360.36615384615385,281.6923076923077,1,0.07142857142857142
14193,68,2,853.39,445,35,2.724047619047619,201,426.695,222.5,0,0.0
14194,5,21,11349.52,5840,269,3.387288428324698,303,540.4533333333334,278.0952380952381,11,0.34375
14195,202,2,1012.0,760,7,5.992857142857143,50,506.0,380.0,1,0.3333333333333333
14196,107,1,335.52,142,6,3.265,0,335.52,142.0,0,0.0
14198,18,4,701.4,290,35,4.7356410256410255,221,175.35,72.5,3,0.42857142857142855
14199,218,1,185.39999999999998,28,2,5.8999999999999995,0,185.39999999999998,28.0,0,0.0
14201,60,7,747.44,590,32,2.545945945945946,299,106.77714285714286,84.28571428571429,2,0.2222222222222222
14204,2,1,150.61,72,36,2.5430769230769235,0,150.61,72.0,0,0.0
14205,17,2,466.7,204,23,4.167916666666667,247,233.35,102.0,1,0.3333333333333333
14206,239,1,328.15999999999997,276,20,1.797,0,328.15999999999997,276.0,1,0.5
14208,95,1,151.74,114,10,3.5269999999999997,0,151.74,114.0,0,0.0
14209,11,6,2073.43,691,55,5.291494252873563,321,345.57166666666666,115.16666666666667,1,0.14285714285714285
14210,106,6,1905.8400000000001,760,66,3.816372549019608,265,317.64000000000004,126.66666666666667,1,0.14285714285714285
14211,53,9,2241.1,1242,87,2.7716964285714285,241,249.0111111111111,138.0,4,0.3076923076923077
14212,90,1,1070.48,1152,9,1.2522222222222221,0,1070.48,1152.0,0,0.0
14214,31,5,1004.38,751,64,2.3407462686567166,246,200.876,150.2,2,0.2857142857142857
14215,12,6,1789.72,1358,98,2.221111111111111,356,298.2866666666667,226.33333333333334,1,0.14285714285714285
14216,3,4,1839.3,594,47,4.716271186440678,34,459.825,148.5,0,0.0
14217,2,17,2004.98,689,78,5.4955,364,117.94,40.529411764705884,7,0.2916666666666667
14218,43,1,169.48000000000002,160,12,1.4400000000000002,0,169.48000000000002,160.0,0,0.0
14219,4,1,89.94,78,7,2.2885714285714287,0,89.94,78.0,0,0.0
14220,247,2,632.4,272,21,3.3961904761904766,110,316.2,136.0,0,0.0
14221,42,9,3432.8,2191,123,3.2711398963730574,296,381.4222222222222,243.44444444444446,1,0.1
14222,177,1,683.17,607,41,1.706829268292683,0,683.17,607.0,0,0.0
14223,92,3,991.13,585,50,3.8998333333333335,171,330.37666666666667,195.0,1,0.25
14224,110,4,1009.73,483,105,3.956017699115044,209,252.4325,120.75,0,0.0
14226,29,5,2214.79,1296,64,2.921666666666667,240,442.95799999999997,259.2,2,0.2857142857142857
14227,26,10,3350.96,1820,117,2.8489714285714287,258,335.096,182.0,5,0.3333333333333333
14229,52,3,1547.2,610,29,3.22,281,515.7333333333333,203.33333333333334,2,0.4
14231,184,3,925.71,409,47,3.6696000000000004,104,308.57,136.33333333333334,2,0.4
14232,43,5,2048.07,1941,81,1.8238260869565217,221,409.61400000000003,388.2,3,0.375
14233,49,4,1462.72,680,30,2.7905714285714285,268,365.68,170.0,1,0.2
14234,22,4,754.12,951,122,1.57578231292517,35,188.53,237.75,0,0.0
14235,75,5,3144.86,1959,65,2.017974683544304,185,628.972,391.8,1,0.16666666666666666
14236,81,2,490.86,310,15,2.0653333333333332,291,245.43,155.0,0,0.0
14237,373,1,161.0,38,9,7.122222222222222,0,161.0,38.0,0,0.0
14238,326,1,146.85,111,8,2.2874999999999996,0,146.85,111.0,0,0.0
14239,43,11,2380.85,993,83,3.6066964285714285,272,216.4409090909091,90.27272727272727,2,0.15384615384615385
14240,30,2,890.34,418,37,3.439761904761905,195,445.17,209.0,0,0.0
14241,184,1,213.70000000000002,146,10,1.955,0,213.70000000000002,146.0,0,0.0
14242,235,2,280.55,123,13,3.720625,91,140.275,61.5,0,0.0
14243,9,10,2588.77,1221,99,3.9612765957446805,357,258.877,122.1,4,0.2857142857142857
14245,220,2,1693.45,976,107,3.1289814814814814,43,846.725,488.0,3,0.6
14246,111,3,1474.06,804,57,2.9734666666666665,135,491.3533333333333,268.0,0,0.0
14247,278,1,136.76999999999998,47,19,3.912,0,136.76999999999998,47.0,0,0.0
14248,318,1,302.58,102,8,3.0525,0,302.58,102.0,0,0.0
14250,7,3,1904.05,1200,94,2.487207207207207,82,634.6833333333333,400.0,0,0.0
14251,2,5,2879.7000000000003,1674,37,2.0692307692307694,55,575.94,334.8,0,0.0
14256,260,2,969.0600000000001,414,51,4.05188679245283,104,484.53000000000003,207.0,1,0.3333333333333333
14257,64,5,3099.7200000000003,1682,88,2.838867924528302,254,619.9440000000001,336.4,1,0.16666666666666666
14258,9,9,12669.98,7100,58,3.8380180180180177,328,1407.7755555555555,788.8888888888889,1,0.1
14259,142,1,120.0,68,5,2.83,0,120.0,68.0,0,0.0
14261,51,2,1163.45,406,52,5.064038461538461,27,581.725,203.0,0,0.0
14262,8,8,2618.23,1645,87,2.090699300699301,232,327.27875,205.625,0,0.0
14264,155,2,333.97,70,15,6.62,90,166.985,35.0,1,0.3333333333333333
14265,109,2,530.18,330,31,5.862903225806452,39,265.09,165.0,0,0.0
14267,163,3,1516.24,530,25,4.3910909090909085,97,505.41333333333336,176.66666666666666,4,0.5714285714285714
14270,332,1,492.65000000000003,197,29,4.570689655172414,0,492.65000000000003,197.0,0,0.0
14271,226,1,112.32,88,10,2.491,0,112.32,88.0,0,0.0
14272,74,2,437.96,599,33,2.2675757575757576,180,218.98,299.5,0,0.0
14273,51,4,559.97,264,22,2.4848275862068965,190,139.9925,66.0,0,0.0
14276,99,3,1119.74,744,52,2.2271875,191,373.24666666666667,248.0,2,0.4
14277,15,3,4152.0,1974,194,3.8008144796380092,197,1384.0,658.0,1,0.25
14280,197,1,134.04,52,8,4.73375,0,134.04,52.0,0,0.0
14282,3,15,3701.44,2656,70,1.5909090909090908,364,246.76266666666666,177.06666666666666,0,0.0
14284,31,2,595.25,161,24,4.821875,55,297.625,80.5,1,0.3333333333333333
14285,21,4,1910.01,541,18,4.82037037037037,155,477.5025,135.25,0,0.0
14286,24,3,4628.75,4338,220,1.5431785714285713,219,1542.9166666666667,1446.0,2,0.4
14287,8,3,176.63,261,9,1.913333333333333,190,58.876666666666665,87.0,1,0.25
14288,213,1,426.6,188,16,3.00625,0,426.6,188.0,1,0.5
14289,9,6,911.26,292,33,5.346382978723404,280,151.87666666666667,48.666666666666664,0,0.0
14290,11,5,2314.65,915,89,3.6530693069306936,350,462.93,183.0,1,0.16666666666666666
14291,2,11,3883.25,2749,145,2.5928691983122363,273,353.02272727272725,249.9090909090909,1,0.08333333333333333
14292,8,9,4871.93,1663,64,3.346,275,541.3255555555556,184.77777777777777,5,0.35714285714285715
14293,3,4,1046.56,709,51,2.206393442622951,365,261.64,177.25,0,0.0
14295,40,1,166.20000000000002,84,5,1.9300000000000002,0,166.20000000000002,84.0,1,0.5
14297,18,4,1305.33,865,48,2.3419354838709676,257,326.3325,216.25,1,0.2
14298,8,44,51527.3,58343,884,1.4979780085522296,352,1171.075,1325.9772727272727,1,0.022222222222222223
14299,8,9,3965.62,2149,94,3.091818181818182,357,440.6244444444444,238.77777777777777,9,0.5
14300,19,1,43.2,32,3,1.383333333333333,0,43.2,32.0,0,0.0
14301,117,1,640.14,606,13,1.3523076923076922,0,640.14,606.0,1,0.5
14304,223,1,383.45,139,17,4.885294117647058,0,383.45,139.0,1,0.5
14305,71,3,1858.96,1089,96,2.3532380952380954,64,619.6533333333333,363.0,2,0.4
14306,51,2,2093.32,1075,33,4.135151515151516,34,1046.66,537.5,1,0.3333333333333333
14307,89,6,2995.72,2058,150,2.4864444444444445,284,499.28666666666663,343.0,0,0.0
14309,8,9,2352.53,1633,74,2.456153846153846,350,261.39222222222224,181.44444444444446,1,0.1
14311,243,1,310.26,146,20,5.084,0,310.26,146.0,1,0.5
14312,47,6,1611.59,1012,74,3.5480459770114945,290,268.5983333333333,168.66666666666666,0,0.0
14314,107,1,120.0,296,8,0.66625,0,120.0,296.0,0,0.0
14315,45,6,2481.13,1021,64,3.71,221,413.5216666666667,170.16666666666666,1,0.14285714285714285
14317,65,1,508.58000000000004,255,24,3.0975,0,508.58000000000004,255.0,0,0.0
14320,207,2,477.79,325,29,1.957741935483871,126,238.895,162.5,1,0.3333333333333333
14321,11,5,1530.75,2406,111,1.41869918699187,322,306.15,481.2,0,0.0
14323,115,2,605.0600000000001,350,32,2.996388888888889,123,302.53000000000003,175.0,2,0.5
14326,242,1,183.85,103,8,2.8000000000000003,0,183.85,103.0,1,0.5
14327,163,1,311.65,139,12,2.5875,0,311.65,139.0,0,0.0
14329,17,7,4975.24,3087,218,2.8385658914728684,312,710.7485714285714,441.0,7,0.5
14331,124,2,462.65999999999997,252,27,3.019285714285714,10,231.32999999999998,126.0,0,0.0
14332,23,3,840.21,463,22,2.1431999999999998,125,280.07,154.33333333333334,0,0.0
14333,68,1,415.2,58,15,8.063333333333334,0,415.2,58.0,1,0.5
14334,17,8,2552.21,1731,98,3.291543209876543,341,319.02625,216.375,1,0.1111111111111111
14335,16,2,454.86,375,55,2.2431666666666668,80,227.43,187.5,0,0.0
14336,17,4,1614.91,1759,77,1.6151111111111112,259,403.7275,439.75,0,0.0
14338,161,2,588.22,335,30,3.6470967741935483,35,294.11,167.5,2,0.5
14339,243,1,309.52,168,14,2.032857142857143,0,309.52,168.0,3,0.75
14340,219,1,134.7,58,6,2.9333333333333336,0,134.7,58.0,0,0.0
14341,45,8,2166.98,1397,109,2.55390625,273,270.8725,174.625,1,0.1111111111111111
14342,21,4,668.5600000000001,347,18,2.8904761904761904,188,167.14000000000001,86.75,2,0.3333333333333333
14344,127,8,889.9300000000001,477,56,4.225633802816901,241,111.24125000000001,59.625,0,0.0
14345,39,1,108.97999999999999,50,6,3.49,0,108.97999999999999,50.0,0,0.0
14346,121,2,1021.58,605,55,4.602333333333333,176,510.79,302.5,0,0.0
14348,260,1,409.57,183,18,2.962222222222222,0,409.57,183.0,0,0.0
14349,10,1,133.5,86,31,2.3193548387096774,0,133.5,86.0,0,0.0
14350,274,1,282.93,183,18,2.2866666666666666,0,282.93,183.0,1,0.5
14351,165,1,51.0,12,1,4.25,0,51.0,12.0,0,0.0
14352,157,4,1078.96,538,44,3.8659574468085105,116,269.74,134.5,0,0.0
14353,215,1,90.6,64,6,1.3666666666666665,0,90.6,64.0,0,0.0
14354,6,2,163.62,210,9,1.2377777777777779,24,81.81,105.0,0,0.0
14355,366,1,174.4,92,11,2.85,0,174.4,92.0,0,0.0
14356,80,2,701.23,277,33,3.9027272727272724,1,350.615,138.5,2,0.5
14357,43,1,225.12,147,39,1.98275,0,225.12,147.0,0,0.0
14359,19,3,912.18,371,44,3.922727272727273,68,304.06,123.66666666666667,3,0.5
14360,32,4,2118.03,1139,104,3.1196581196581197,62,529.5075,284.75,0,0.0
14362,22,1,151.5,96,37,2.318108108108108,0,151.5,96.0,0,0.0
14364,109,8,3717.35,1967,61,3.0260869565217394,102,464.66875,245.875,0,0.0
14367,8,16,9227.82,4426,270,3.1652591170825333,267,576.73875,276.625,3,0.15789473684210525
14368,320,1,155.0,36,8,6.125,0,155.0,36.0,0,0.0
14371,295,1,100.5,34,4,3.775,0,100.5,34.0,0,0.0
14373,358,1,76.55,17,4,11.625,0,76.55,17.0,0,0.0
14375,185,1,235.56,184,57,1.812878787878788,0,235.56,184.0,0,0.0
14377,191,2,617.05,219,11,9.15,70,308.525,109.5,0,0.0
14379,44,2,348.1,292,39,2.1617391304347824,251,174.05,146.0,0,0.0
14381,52,1,202.68,146,56,1.627857142857143,0,202.68,146.0,0,0.0
14382,26,1,615.49,1231,121,1.5981746031746031,0,615.49,1231.0,0,0.0
14383,38,3,1247.69,817,49,3.32593220338983,125,415.8966666666667,272.3333333333333,0,0.0
14385,9,3,202.11,159,13,1.6164285714285715,14,67.37,53.0,0,0.0
14386,297,1,142.4,54,7,3.885714285714286,0,142.4,54.0,0,0.0
14387,33,3,1727.6,795,125,3.393597122302158,76,575.8666666666667,265.0,0,0.0
14388,10,8,3212.84,1941,124,2.7180645161290324,362,401.605,242.625,2,0.2
14389,65,2,1043.46,729,33,2.1333333333333333,125,521.73,364.5,3,0.6
14390,10,9,4642.57,2133,135,3.0800704225352113,362,515.8411111111111,237.0,4,0.3076923076923077
14393,218,1,67.95,13,5,5.390000000000001,0,67.95,13.0,0,0.0
14395,2,9,3479.91,1689,181,2.7631321839080463,369,386.65666666666664,187.66666666666666,3,0.25
14396,65,2,487.99,225,71,2.626849315068493,306,243.995,112.5,0,0.0
14397,3,19,2612.96,1890,18,2.0789655172413792,210,137.52421052631578,99.47368421052632,4,0.17391304347826086
14400,149,1,574.7,454,25,1.7368000000000001,0,574.7,454.0,1,0.5
14401,4,13,4051.48,4507,113,1.3996153846153845,355,311.6523076923077,346.6923076923077,1,0.07142857142857142
14403,130,4,1475.81,519,17,6.2535,116,368.9525,129.75,1,0.2
14404,34,6,1449.32,827,70,3.0565999999999995,335,241.5533333333333,137.83333333333334,1,0.14285714285714285
14406,119,1,156.75,77,8,3.795,0,156.75,77.0,0,0.0
14407,107,5,2142.73,1414,66,3.3922222222222222,169,428.546,282.8,3,0.375
14408,11,7,2599.03,1610,60,1.8985849056603774,253,371.29,230.0,0,0.0
14409,71,6,2059.4500000000003,1230,40,2.8044444444444445,297,343.24166666666673,205.0,1,0.14285714285714285
14410,92,9,1099.27,565,152,2.410904255319149,213,122.14111111111112,62.77777777777778,6,0.4
14411,311,1,1063.0,196,14,8.175,0,1063.0,196.0,0,0.0
14412,43,2,770.03,786,43,2.304418604651163,30,385.015,393.0,1,0.3333333333333333
14413,362,1,121.05,67,22,2.859090909090909,0,121.05,67.0,0,0.0
14414,92,7,1496.98,2512,79,0.9145360824742267,267,213.8542857142857,358.85714285714283,1,0.125
14415,1,13,5855.57,2996,283,2.9442832469775477,359,450.42846153846153,230.46153846153845,5,0.2777777777777778
14416,22,2,490.22,326,13,1.6685714285714286,20,245.11,163.0,0,0.0
14418,4,3,1937.25,1711,114,2.1406451612903226,104,645.75,570.3333333333334,0,0.0
14419,11,6,1051.79,483,112,2.522722772277228,354,175.29833333333332,80.5,0,0.0
14420,99,1,387.52,334,29,1.5313793103448274,0,387.52,334.0,1,0.5
14421,57,2,813.11,365,25,2.6351851851851853,154,406.555,182.5,0,0.0
14422,1,6,4263.64,2906,189,2.810225225225225,266,710.6066666666667,484.3333333333333,0,0.0
14423,218,1,265.2,120,3,1.9833333333333332,0,265.2,120.0,0,0.0
14424,18,1,322.08,48,1,6.71,0,322.08,48.0,0,0.0
14426,24,10,4481.67,2699,183,3.2663392857142854,289,448.16700000000003,269.9,6,0.375
14427,50,2,363.34000000000003,228,16,1.9870588235294118,13,181.67000000000002,114.0,0,0.0
14428,7,5,1224.06,428,108,4.2707299270073,317,244.81199999999998,85.6,2,0.2857142857142857
14431,303,1,470.36,130,17,4.69,0,470.36,130.0,1,0.5
14432,10,6,2248.5,2013,256,1.4661007957559682,79,374.75,335.5,0,0.0
14434,22,6,1372.8,368,3,4.451666666666667,50,228.79999999999998,61.333333333333336,0,0.0
14436,99,1,89.06,129,9,2.1177777777777775,0,89.06,129.0,0,0.0
14437,366,1,63.0,60,5,1.05,0,63.0,60.0,0,0.0
14438,306,1,131.9,82,9,1.5944444444444443,0,131.9,82.0,0,0.0
14439,320,1,2661.24,526,32,6.4809375,0,2661.24,526.0,0,0.0
14440,8,5,2357.6800000000003,588,33,4.7023636363636365,357,471.53600000000006,117.6,0,0.0
14441,1,4,1712.89,446,43,5.544117647058823,254,428.2225,111.5,6,0.6
14442,205,2,1589.82,482,58,6.323492063492063,112,794.91,241.0,3,0.6
14443,54,4,1420.2,938,84,2.5386021505376344,314,355.05,234.5,3,0.42857142857142855
14446,1,4,1005.55,856,232,1.8473550724637682,245,251.3875,214.0,0,0.0
14447,19,5,1163.23,571,54,2.576571428571429,261,232.64600000000002,114.2,0,0.0
14448,9,2,375.35,104,20,2.7175000000000002,354,187.675,52.0,0,0.0
14449,19,4,885.8,741,201,1.6552,353,221.45,185.25,0,0.0
14450,181,3,483.25,241,32,2.7905,139,161.08333333333334,80.33333333333333,0,0.0
14451,60,2,643.9,378,86,1.986095238095238,134,321.95,189.0,0,0.0
14452,11,2,259.05,116,55,3.163,83,129.525,58.0,0,0.0
14453,190,1,119.93,49,22,3.777272727272727,0,119.93,49.0,0,0.0
14456,5,9,3014.32,2848,579,1.7748253968253969,137,334.9244444444445,316.44444444444446,4,0.3076923076923077
14457,311,1,113.64,88,4,1.2550000000000001,0,113.64,88.0,0,0.0
14459,155,1,1837.92,760,37,3.4364864864864866,0,1837.92,760.0,0,0.0
14460,110,3,434.34,881,14,0.6643749999999999,200,144.78,293.6666666666667,1,0.25
14461,148,3,2102.67,765,172,3.7404469273743013,113,700.89,255.0,0,0.0
14462,66,11,1975.57,954,149,2.8758189655172415,273,179.59727272727272,86.72727272727273,3,0.21428571428571427
14463,98,3,529.62,179,6,5.976666666666667,107,176.54,59.666666666666664,0,0.0
14465,247,3,1038.44,398,107,2.8251219512195123,56,346.1466666666667,132.66666666666666,0,0.0
14466,29,7,2272.4,1006,35,3.7937499999999997,343,324.62857142857143,143.71428571428572,0,0.0
14467,18,4,596.26,276,67,2.775505617977528,295,149.065,69.0,0,0.0
14470,12,2,461.19,193,43,4.8388372093023255,275,230.595,96.5,0,0.0
14472,104,8,1852.67,1135,153,2.6709811320754713,251,231.58375,141.875,0,0.0
14473,74,2,234.34000000000003,88,7,4.107142857142857,208,117.17000000000002,44.0,0,0.0
14474,46,1,547.66,140,29,6.527931034482759,0,547.66,140.0,1,0.5
14475,72,3,925.85,447,35,3.125238095238095,233,308.6166666666667,149.0,3,0.5
14476,257,1,193.0,110,17,3.5323529411764705,0,193.0,110.0,0,0.0
14477,20,4,1309.6,720,7,1.8920000000000001,277,327.4,180.0,1,0.2
14479,254,2,316.25,117,18,4.016666666666667,111,158.125,58.5,0,0.0
14480,11,1,279.05,143,13,3.0015384615384617,0,279.05,143.0,0,0.0
14481,165,2,636.51,489,25,1.994,122,318.255,244.5,0,0.0
14482,18,6,2022.81,1627,110,2.427372262773723,220,337.135,271.1666666666667,0,0.0
14483,282,1,137.1,97,9,1.8522222222222224,0,137.1,97.0,1,0.5
14484,50,1,321.92,210,14,2.0957142857142856,0,321.92,210.0,0,0.0
14485,39,1,162.8,70,44,2.6771739130434784,0,162.8,70.0,0,0.0
14487,27,6,1165.48,712,112,2.5145714285714287,341,194.24666666666667,118.66666666666667,1,0.14285714285714285
14488,68,1,1064.28,799,46,2.131304347826087,0,1064.28,799.0,1,0.5
14489,207,1,463.38,299,30,1.7770000000000001,0,463.38,299.0,0,0.0
14491,175,2,340.93,139,17,4.54235294117647,197,170.465,69.5,0,0.0
14493,7,5,2383.2400000000002,1285,95,3.024583333333333,147,476.648,257.0,2,0.2857142857142857
14494,26,1,139.56,92,7,1.6614285714285713,0,139.56,92.0,0,0.0
14495,51,2,123.8,62,6,2.0083333333333333,70,61.9,31.0,0,0.0
14496,312,2,538.8100000000001,159,16,5.65421052631579,61,269.40500000000003,79.5,0,0.0
14497,309,1,475.37,235,29,4.478620689655172,0,475.37,235.0,1,0.5
14498,43,5,1957.32,1098,162,2.807720207253886,319,391.464,219.6,0,0.0
14499,26,3,808.44,496,146,1.969578947368421,252,269.48,165.33333333333334,0,0.0
14500,88,3,356.85,117,6,6.214285714285714,101,118.95,39.0,0,0.0
14501,184,2,251.21,161,9,2.175,136,125.605,80.5,1,0.3333333333333333
14502,20,11,2426.79,1464,367,2.3934102141680396,293,220.61727272727273,133.0909090909091,3,0.21428571428571427
14503,3,6,3543.26,2004,113,2.6662195121951218,175,590.5433333333334,334.0,0,0.0
14504,47,4,673.26,308,85,3.4827102803738317,231,168.315,77.0,0,0.0
14505,17,8,5859.43,2739,540,2.8970191082802548,344,732.42875,342.375,3,0.2727272727272727
14506,17,5,1960.65,704,204,3.4635254237288136,351,392.13,140.8,0,0.0
14507,24,6,1367.88,594,79,3.178842105263158,252,227.98000000000002,99.0,1,0.14285714285714285
14508,22,2,268.05,129,52,3.404909090909091,67,134.025,64.5,0,0.0
14511,11,5,1314.81,784,53,2.501764705882353,122,262.962,156.8,1,0.16666666666666666
14512,188,2,275.28,122,19,4.611739130434782,44,137.64,61.0,0,0.0
14513,101,3,455.59000000000003,361,11,2.4391666666666665,188,151.86333333333334,120.33333333333333,1,0.25
14514,61,3,990.2,564,65,3.159855072463768,270,330.06666666666666,188.0,0,0.0
14515,18,6,2076.89,1110,68,2.8492857142857146,200,346.1483333333333,185.0,0,0.0
14517,33,2,330.45,91,17,5.333333333333333,108,165.225,45.5,0,0.0
14518,64,1,174.37,278,16,2.699375,0,174.37,278.0,0,0.0
14520,2,2,270.6,146,3,3.2075,289,135.3,73.0,0,0.0
14522,24,4,974.54,525,15,2.531764705882353,173,243.635,131.25,0,0.0
14523,108,1,241.09,251,12,2.72,0,241.09,251.0,0,0.0
14524,32,9,1843.83,669,161,4.063756345177665,329,204.87,74.33333333333333,0,0.0
14525,20,9,4215.9,2637,217,3.204290780141844,341,468.4333333333333,293.0,4,0.3076923076923077
14527,3,55,8506.13,2086,329,5.366505154639175,366,154.65690909090907,37.92727272727273,2,0.03508771929824561
14528,37,1,364.21999999999997,278,18,1.973888888888889,0,364.21999999999997,278.0,0,0.0
14529,60,3,578.61,325,177,1.986619718309859,50,192.87,108.33333333333333,0,0.0
14530,26,6,2862.11,1395,140,4.114507042253521,270,477.0183333333334,232.5,0,0.0
14532,236,4,932.85,284,45,5.6234375000000005,115,233.2125,71.0,0,0.0
14533,25,7,1949.72,4019,53,1.4325806451612904,328,278.5314285714286,574.1428571428571,2,0.2222222222222222
14534,3,18,4395.65,2026,330,3.324871794871795,315,244.20277777777775,112.55555555555556,7,0.28
14535,60,3,2854.84,1824,280,2.5209451219512196,188,951.6133333333333,608.0,1,0.25
14536,260,1,170.95,39,18,5.052777777777778,0,170.95,39.0,0,0.0
14537,58,1,355.56,120,10,2.963,0,355.56,120.0,0,0.0
14538,65,2,388.25,155,19,3.318947368421053,191,194.125,77.5,0,0.0
14539,16,2,537.48,428,31,2.0790625,28,268.74,214.0,0,0.0
14540,10,3,952.66,411,64,3.870140845070422,299,317.55333333333334,137.0,0,0.0
14541,59,8,1453.35,641,71,2.5258095238095235,260,181.66875,80.125,0,0.0
14542,186,1,103.25,19,5,5.41,0,103.25,19.0,0,0.0
14543,29,16,3560.08,671,41,5.963676470588235,336,222.505,41.9375,5,0.23809523809523808
14544,24,2,2004.3,1536,97,2.3600900900900905,337,1002.15,768.0,0,0.0
14546,5,5,2573.93,1313,250,2.6873803526448365,243,514.786,262.6,4,0.4444444444444444
14547,4,8,3974.75,2639,198,2.8969577464788734,50,496.84375,329.875,1,0.1111111111111111
14548,151,2,652.8,256,2,2.55,167,326.4,128.0,0,0.0
14549,311,1,289.24,136,56,3.2125,0,289.24,136.0,0,0.0
14550,11,2,757.37,389,38,2.195744680851064,33,378.685,194.5,0,0.0
14551,18,2,186.23,106,9,4.702,185,93.115,53.0,0,0.0
14552,152,1,164.22,90,57,1.8931578947368422,0,164.22,90.0,0,0.0
14553,19,5,859.27,493,103,3.723628318584071,319,171.85399999999998,98.6,0,0.0
14554,10,4,2279.4900000000002,1443,147,2.6990640394088667,42,569.8725000000001,360.75,0,0.0
14555,57,2,312.54,122,18,3.1752631578947366,244,156.27,61.0,0,0.0
14557,85,1,788.38,510,16,1.59,0,788.38,510.0,1,0.5
14560,7,22,2237.77,1260,39,4.907027027027027,350,101.71681818181818,57.27272727272727,2,0.08333333333333333
14561,76,3,1080.76,1014,67,1.9856521739130433,108,360.25333333333333,338.0,0,0.0
14562,4,18,5006.77,1815,187,3.4860859188544153,300,278.1538888888889,100.83333333333333,4,0.18181818181818182
14565,96,4,3099.12,1540,111,3.911732283464567,265,774.78,385.0,2,0.3333333333333333
14566,111,1,1432.0,800,4,1.79,0,1432.0,800.0,0,0.0
14567,57,2,1530.3600000000001,412,33,3.7118181818181815,73,765.1800000000001,206.0,1,0.3333333333333333
14569,1,1,227.39,79,10,3.92,0,227.39,79.0,0,0.0
14570,281,2,217.21,94,28,3.462142857142857,0,108.605,47.0,0,0.0
14572,3,7,2804.54,1420,190,2.9711068702290078,320,400.6485714285714,202.85714285714286,3,0.3
14573,180,9,1639.82,534,127,4.540484581497798,192,182.20222222222222,59.333333333333336,4,0.3076923076923077
14576,372,1,35.400000000000006,12,1,2.95,0,35.400000000000006,12.0,0,0.0
14577,13,4,859.71,353,86,2.643333333333333,350,214.9275,88.25,0,0.0
14578,3,1,168.63,240,24,2.45125,0,168.63,240.0,0,0.0
14581,17,1,138.6,217,16,1.5829411764705883,0,138.6,217.0,0,0.0
14582,41,1,114.11,73,6,3.39,0,114.11,73.0,0,0.0
14583,6,5,986.96,751,243,1.9859271523178808,200,197.392,150.2,0,0.0
14584,169,4,1033.06,381,68,3.491938775510204,29,258.265,95.25,1,0.2
14585,50,1,157.05,91,29,1.9896551724137932,0,157.05,91.0,0,0.0
14586,277,1,237.36,444,19,0.6984210526315789,0,237.36,444.0,2,0.6666666666666666
14587,19,9,1580.29,749,170,2.4101078167115904,312,175.58777777777777,83.22222222222223,1,0.1
14589,372,1,39.75,5,3,7.95,0,39.75,5.0,0,0.0
14591,15,4,1320.21,1228,138,2.7223295454545453,197,330.0525,307.0,0,0.0
14592,35,3,557.94,407,132,2.047974683544304,28,185.98000000000002,135.66666666666666,0,0.0
14593,22,3,617.15,330,127,2.074039735099338,177,205.71666666666667,110.0,0,0.0
14594,7,2,363.33,183,48,3.255,365,181.665,91.5,0,0.0
14595,20,6,1740.6,978,94,2.9027450980392153,293,290.09999999999997,163.0,0,0.0
14597,11,2,866.24,566,45,1.4217021276595743,180,433.12,283.0,0,0.0
14598,44,1,221.97,189,49,1.5216,0,221.97,189.0,0,0.0
14600,306,1,393.33000000000004,125,25,5.3628,0,393.33000000000004,125.0,0,0.0
14601,11,1,213.96,168,7,1.4342857142857142,0,213.96,168.0,0,0.0
14603,275,1,660.0,400,2,1.65,0,660.0,400.0,0,0.0
14606,1,90,11926.15,6177,816,2.8011181750186984,372,132.51277777777779,68.63333333333334,35,0.28
14607,16,12,15021.5,10734,37,2.1616666666666666,245,1251.7916666666667,894.5,3,0.2
14608,4,4,1785.15,437,8,4.225,358,446.2875,109.25,0,0.0
14609,72,4,601.56,7026,2,0.1225,224,150.39,1756.5,0,0.0
14616,243,3,406.08000000000004,104,2,3.44,74,135.36,34.666666666666664,0,0.0
14618,9,3,553.44,264,10,4.274375,328,184.48000000000002,88.0,1,0.25
14619,246,1,394.44,152,20,4.706,0,394.44,152.0,1,0.5
14620,206,2,412.78000000000003,214,26,3.4223076923076925,78,206.39000000000001,107.0,1,0.3333333333333333
14621,1,5,1788.3600000000001,993,80,3.0166304347826083,357,357.672,198.6,1,0.16666666666666666
14622,185,1,320.58000000000004,146,21,3.212380952380953,0,320.58000000000004,146.0,0,0.0
14623,32,5,882.02,406,107,3.0512121212121213,203,176.404,81.2,1,0.16666666666666666
14624,57,2,225.85,162,13,2.0707692307692307,1,112.925,81.0,0,0.0
14625,196,2,899.63,335,51,4.738490566037736,164,449.815,167.5,3,0.6
14626,24,4,2791.27,1403,108,3.4078688524590164,209,697.8175,350.75,3,0.42857142857142855
14628,91,2,671.96,272,22,4.545416666666667,151,335.98,136.0,0,0.0
14629,4,2,955.26,378,133,3.7636666666666665,43,477.63,189.0,1,0.3333333333333333
14631,51,3,1006.98,622,38,2.38390243902439,248,335.66,207.33333333333334,0,0.0
14632,263,1,114.56,96,8,2.54,0,114.56,96.0,0,0.0
14633,266,1,344.90000000000003,96,20,5.4025,0,344.90000000000003,96.0,0,0.0
14636,36,2,609.85,241,27,3.038214285714286,232,304.925,120.5,0,0.0
14638,51,1,443.6,166,16,4.159375,0,443.6,166.0,0,0.0
14639,52,6,2984.49,1431,138,4.691860465116279,309,497.41499999999996,238.5,2,0.25
14640,24,6,2107.38,880,87,3.9506666666666668,203,351.23,146.66666666666666,2,0.25
14641,22,1,110.46,90,7,1.2900000000000003,0,110.46,90.0,0,0.0
14642,59,1,96.12,76,2,3.005,0,96.12,76.0,0,0.0
14643,170,2,693.8100000000001,815,30,1.586774193548387,187,346.90500000000003,407.5,1,0.3333333333333333
14644,68,2,830.76,258,26,4.341538461538462,230,415.38,129.0,2,0.5
14645,157,2,597.09,381,28,3.622,118,298.545,190.5,0,0.0
14646,2,72,279138.02,196844,699,2.3947038834951457,353,3876.9169444444447,2733.9444444444443,1,0.0136986301369863
14647,201,1,236.04000000000002,91,24,2.413214285714286,0,236.04000000000002,91.0,0,0.0
14649,5,4,1402.59,1004,148,2.6493010752688173,207,350.6475,251.0,0,0.0
14651,67,2,653.75,343,95,2.9171287128712873,143,326.875,171.5,0,0.0
14652,77,1,114.18,53,29,2.986206896551724,0,114.18,53.0,0,0.0
14653,1,7,1916.7,944,153,3.2624463519313305,337,273.81428571428575,134.85714285714286,0,0.0
14655,8,4,1932.23,1089,35,2.686938775510204,214,483.0575,272.25,1,0.2
14656,169,2,291.05,120,73,2.7685,114,145.525,60.0,0,0.0
14657,18,4,848.22,466,103,2.7334920634920636,308,212.055,116.5,1,0.2
14658,5,2,247.15,47,27,5.588275862068966,111,123.575,23.5,0,0.0
14659,9,9,2529.93,1195,147,2.9375098814229252,306,281.1033333333333,132.77777777777777,3,0.25
14660,87,2,285.74,228,24,2.3586666666666667,14,142.87,114.0,0,0.0
14661,27,1,107.95,35,4,3.95,0,107.95,35.0,0,0.0
14662,29,4,741.37,578,143,2.39343949044586,287,185.3425,144.5,0,0.0
14664,20,2,636.24,465,78,1.9861224489795917,13,318.12,232.5,0,0.0
14665,61,5,1835.7,740,63,4.328333333333333,250,367.14,148.0,2,0.2857142857142857
14666,24,1,179.95,155,13,1.8038461538461539,0,179.95,155.0,0,0.0
14667,11,25,9170.79,5318,353,3.115636042402827,357,366.83160000000004,212.72,2,0.07407407407407407
14669,242,3,1259.24,770,158,2.7163855421686747,90,419.74666666666667,256.6666666666667,0,0.0
14670,280,2,392.86,326,107,1.6123577235772357,0,196.43,163.0,0,0.0
14672,235,2,765.55,454,58,2.921639344262295,101,382.775,227.0,0,0.0
14673,3,5,1736.4,1004,39,2.395,364,347.28000000000003,200.8,0,0.0
14675,16,1,596.36,336,93,2.258556701030928,0,596.36,336.0,0,0.0
14676,31,6,2548.2400000000002,2500,29,1.7133333333333336,251,424.7066666666667,416.6666666666667,2,0.25
14680,25,16,28754.11,13476,73,2.4156976744186047,346,1797.131875,842.25,7,0.30434782608695654
14681,71,3,498.95,76,6,7.207142857142857,140,166.31666666666666,25.333333333333332,0,0.0
14682,188,2,52.0,80,1,0.65,13,26.0,40.0,0,0.0
14684,26,5,1201.51,821,231,1.7434102564102563,336,240.302,164.2,0,0.0
14687,107,1,628.38,470,15,2.27,0,628.38,470.0,0,0.0
14688,8,21,5579.1,3584,148,2.1364814814814816,366,265.6714285714286,170.66666666666666,6,0.2222222222222222
14689,209,1,112.8,76,13,2.180769230769231,0,112.8,76.0,0,0.0
14690,44,2,355.05,167,40,2.761875,107,177.525,83.5,1,0.3333333333333333
14691,31,5,2114.33,707,50,3.6664788732394364,182,422.866,141.4,0,0.0
14692,137,4,591.55,265,53,2.932352941176471,185,147.8875,66.25,1,0.2
14693,265,1,172.9,34,8,3.475,0,172.9,34.0,0,0.0
14696,4,7,2078.95,1630,117,2.4591538461538462,368,296.99285714285713,232.85714285714286,2,0.2222222222222222
14697,218,2,188.60999999999999,181,22,3.2372727272727273,0,94.30499999999999,90.5,0,0.0
14698,2,5,1217.27,602,148,2.8583499999999997,49,243.454,120.4,0,0.0
14699,214,1,109.13000000000001,77,8,2.21125,0,109.13000000000001,77.0,0,0.0
14700,32,3,2195.1,1314,80,2.3915178571428575,206,731.6999999999999,438.0,0,0.0
14701,11,9,2526.09,921,268,3.1573088685015294,305,280.6766666666667,102.33333333333333,3,0.25
14702,1,17,3251.79,1439,196,3.7766374269005847,364,191.28176470588235,84.6470588235294,1,0.05555555555555555
14703,15,1,318.17,183,22,2.0513636363636363,0,318.17,183.0,0,0.0
14704,20,7,1461.6200000000001,1035,286,2.201589743589744,160,208.80285714285716,147.85714285714286,0,0.0
14705,199,1,179.0,100,1,1.79,0,179.0,100.0,0,0.0
14708,3,3,1126.37,621,25,3.0003571428571427,365,375.45666666666665,207.0,1,0.25
14709,15,13,4921.04,2484,71,2.75515306122449,343,378.54153846153844,191.07692307692307,1,0.07142857142857142
14710,14,4,599.48,375,124,2.0731617647058824,45,149.87,93.75,0,0.0
14711,10,11,2839.62,966,221,4.836927536231884,252,258.1472727272727,87.81818181818181,1,0.08333333333333333
14712,29,3,917.07,315,21,3.3080000000000003,82,305.69,105.0,0,0.0
14713,9,11,2662.2,1613,146,2.4751479289940828,355,242.0181818181818,146.63636363636363,1,0.08333333333333333
14714,24,1,160.19,229,10,3.287,0,160.19,229.0,0,0.0
14715,25,4,867.38,521,60,3.3422535211267608,306,216.845,130.25,0,0.0
14716,43,2,307.51,495,46,1.4615686274509805,105,153.755,247.5,0,0.0
14719,2,5,1581.84,1025,177,2.3554893617021273,247,316.368,205.0,1,0.16666666666666666
14720,6,3,663.81,219,34,5.744594594594595,120,221.26999999999998,73.0,0,0.0
14722,147,1,180.42000000000002,118,28,3.0035714285714286,0,180.42000000000002,118.0,0,0.0
14723,10,6,1120.66,671,192,2.296356589147287,361,186.77666666666667,111.83333333333333,0,0.0
14725,25,1,655.58,588,45,3.5340425531914894,0,655.58,588.0,0,0.0
14727,274,1,268.58,62,10,7.0840000000000005,0,268.58,62.0,0,0.0
14729,374,1,313.49,197,69,2.159154929577465,0,313.49,197.0,0,0.0
14730,1,8,1897.57,1078,317,2.5628138528138527,275,237.19625,134.75,0,0.0
14731,47,3,380.02,256,38,2.102222222222222,165,126.67333333333333,85.33333333333333,0,0.0
14732,8,8,2702.4900000000002,1405,105,3.386326530612245,330,337.81125000000003,175.625,2,0.2
14733,16,12,9585.91,3764,102,3.932920792079208,351,798.8258333333333,313.6666666666667,3,0.2
14735,4,31,6050.69,2263,98,3.692538860103627,354,195.18354838709675,73.0,2,0.06060606060606061
14737,4,3,1164.55,345,15,3.614117647058823,349,388.18333333333334,115.0,0,0.0
14738,43,7,1314.45,601,39,3.318703703703704,273,187.77857142857144,85.85714285714286,2,0.2222222222222222
14739,4,7,3902.28,3820,47,2.065166666666667,363,557.4685714285714,545.7142857142857,1,0.125
14740,197,3,1448.21,735,85,2.8922471910112364,86,482.7366666666667,245.0,1,0.25
14741,12,6,1400.34,841,35,2.6030508474576273,361,233.39,140.16666666666666,0,0.0
14744,16,7,1099.98,627,21,3.009230769230769,350,157.14000000000001,89.57142857142857,2,0.2222222222222222
14745,113,5,1220.26,1038,46,1.6594202898550725,172,244.052,207.6,1,0.16666666666666666
14747,249,1,328.2,84,18,5.800000000000001,0,328.2,84.0,1,0.5
14748,29,5,1415.75,1223,87,1.8602247191011236,339,283.15,244.6,1,0.16666666666666666
14752,44,1,389.64,260,5,2.504,0,389.64,260.0,0,0.0
14753,87,1,563.15,211,30,3.5983333333333336,0,563.15,211.0,0,0.0
14754,45,2,638.05,486,38,2.238048780487805,250,319.025,243.0,0,0.0
14755,10,11,5010.28,2219,128,3.9911489361702124,324,455.47999999999996,201.72727272727272,1,0.08333333333333333
14756,15,1,738.96,416,38,3.4794736842105265,0,738.96,416.0,0,0.0
14757,75,1,420.5,160,19,3.9242105263157896,0,420.5,160.0,0,0.0
14758,145,4,1484.06,419,54,6.657605633802817,114,371.015,104.75,0,0.0
14759,5,3,1625.97,569,92,5.394117647058824,228,541.99,189.66666666666666,0,0.0
14760,297,1,89.2,40,5,2.87,0,89.2,40.0,1,0.5
14761,59,2,255.9,118,11,2.272727272727273,276,127.95,59.0,0,0.0
14762,264,1,300.52,341,21,1.3342857142857143,0,300.52,341.0,0,0.0
14764,47,1,278.3,190,6,1.4916666666666665,0,278.3,190.0,1,0.5
14765,29,3,254.11,135,38,2.9766666666666666,147,84.70333333333333,45.0,0,0.0
14766,8,6,2473.37,1349,111,2.6556296296296296,358,412.2283333333333,224.83333333333334,2,0.25
14768,17,2,192.60000000000002,52,4,3.91,109,96.30000000000001,26.0,1,0.3333333333333333
14769,3,8,10415.33,7238,717,2.7102921771913286,354,1301.91625,904.75,2,0.2
14770,232,2,876.42,490,49,3.4444230769230773,90,438.21,245.0,0,0.0
14772,112,1,139.26,82,9,3.508888888888889,0,139.26,82.0,0,0.0
14775,58,3,1011.9,1174,57,1.0518333333333334,313,337.3,391.3333333333333,0,0.0
14776,51,11,2538.3,3134,44,0.9858119658119658,261,230.75454545454548,284.90909090909093,2,0.15384615384615385
14778,127,2,730.86,306,34,3.1414285714285715,181,365.43,153.0,0,0.0
14779,281,3,386.15,84,40,6.824390243902439,43,128.71666666666667,28.0,0,0.0
14780,55,2,447.68,310,26,2.7666666666666666,24,223.84,155.0,0,0.0
14782,320,1,200.10000000000002,114,6,2.516666666666667,0,200.10000000000002,114.0,0,0.0
14784,26,2,289.99,237,15,3.860666666666667,297,144.995,118.5,0,0.0
14785,10,2,77.4,84,2,0.9433333333333334,4,38.7,42.0,0,0.0
14788,7,2,679.4399999999999,421,26,2.5886666666666667,19,339.71999999999997,210.5,0,0.0
14789,29,1,197.64,116,6,2.0566666666666666,0,197.64,116.0,0,0.0
14790,17,4,745.06,699,30,1.4782608695652173,236,186.265,174.75,0,0.0
14792,64,1,6.2,2,2,3.1,0,6.2,2.0,1,0.5
14793,21,1,228.99,91,14,3.257857142857143,0,228.99,91.0,1,0.5
14794,3,7,1319.91,673,68,3.903,331,188.55857142857144,96.14285714285714,2,0.2222222222222222
14795,166,1,131.45000000000002,17,6,7.333333333333333,0,131.45000000000002,17.0,0,0.0
14796,1,17,7973.93,5991,402,1.9628470380194518,365,469.05470588235295,352.4117647058824,10,0.37037037037037035
14798,53,3,173.74,150,11,1.46,257,57.913333333333334,50.0,0,0.0
14799,51,1,157.7,146,13,4.889230769230769,0,157.7,146.0,0,0.0
14800,48,12,4331.79,3644,246,2.1981201044386425,322,360.9825,303.6666666666667,4,0.25
14801,61,1,189.34,173,56,2.483157894736842,0,189.34,173.0,0,0.0
14803,162,3,845.55,370,35,2.886590909090909,130,281.84999999999997,123.33333333333333,0,0.0
14804,9,1,353.27,121,12,4.240833333333334,0,353.27,121.0,0,0.0
14805,15,4,546.4,114,30,5.755000000000001,298,136.6,28.5,0,0.0
14806,75,1,193.39000000000001,330,11,1.8445454545454545,0,193.39000000000001,330.0,0,0.0
14808,40,8,2718.6,2120,176,3.491038961038961,132,339.825,265.0,6,0.42857142857142855
14810,41,11,2085.33,1015,106,2.327204724409449,328,189.57545454545453,92.27272727272727,0,0.0
14813,370,2,152.88,66,25,2.8358620689655174,0,76.44,33.0,0,0.0
14815,37,2,778.5,744,53,1.6549056603773586,31,389.25,372.0,0,0.0
14816,197,1,271.85,5,4,66.475,0,271.85,5.0,0,0.0
14817,200,2,1110.34,655,52,3.531428571428571,76,555.17,327.5,0,0.0
14818,74,3,657.8,324,41,3.7514583333333333,179,219.26666666666665,108.0,0,0.0
14819,64,2,272.07,109,13,4.13,127,136.035,54.5,0,0.0
14820,21,4,507.29,253,24,3.222758620689655,152,126.8225,63.25,0,0.0
14821,367,1,48.800000000000004,20,2,2.5250000000000004,0,48.800000000000004,20.0,0,0.0
14823,180,3,321.43,88,56,4.234714285714285,14,107.14333333333333,29.333333333333332,0,0.0
14824,10,4,1127.71,525,19,2.3944827586206894,81,281.9275,131.25,0,0.0
14825,4,12,2221.01,989,82,2.742166666666667,364,185.08416666666668,82.41666666666667,0,0.0
14828,197,3,2139.76,2172,17,2.853529411764706,140,713.2533333333334,724.0,0,0.0
14829,29,4,697.55,452,39,2.1797619047619046,343,174.3875,113.0,2,0.3333333333333333
14830,53,1,188.03,163,38,1.749736842105263,0,188.03,163.0,0,0.0
14834,18,6,1720.3,734,43,3.6280597014925373,222,286.71666666666664,122.33333333333333,2,0.25
14836,10,3,102.44999999999999,45,5,2.7916666666666665,20,34.15,15.0,0,0.0
14837,90,4,1649.5,1436,96,1.757037037037037,111,412.375,359.0,1,0.2
14840,268,1,62.85,31,4,3.05,0,62.85,31.0,0,0.0
14841,53,6,3295.76,1778,103,3.1945652173913044,305,549.2933333333334,296.3333333333333,0,0.0
14842,44,4,2824.69,1166,128,5.326275862068966,264,706.1725,291.5,4,0.5
14844,64,4,3189.81,1833,87,3.123153846153846,177,797.4525,458.25,0,0.0
14847,149,1,309.4,120,13,3.753076923076923,0,309.4,120.0,0,0.0
14849,22,25,7930.54,5694,159,2.4403092783505156,351,317.2216,227.76,3,0.10714285714285714
14850,312,1,325.75,293,21,1.4904761904761905,0,325.75,293.0,1,0.5
14851,23,2,511.35,325,28,2.317142857142857,232,255.675,162.5,0,0.0
14852,58,6,2836.69,1747,96,3.056643356643357,193,472.7816666666667,291.1666666666667,0,0.0
14853,24,2,475.8,82,8,5.677777777777778,187,237.9,41.0,1,0.3333333333333333
14854,78,7,2740.03,1820,110,2.962539682539682,196,391.4328571428572,260.0,1,0.125
14855,119,2,645.65,267,13,4.67,15,322.825,133.5,0,0.0
14856,36,3,1290.53,711,65,3.074153846153846,20,430.1766666666667,237.0,0,0.0
14857,60,2,1173.12,464,58,4.384166666666667,88,586.56,232.0,1,0.3333333333333333
14859,13,4,1353.74,671,47,3.126551724137931,191,338.435,167.75,1,0.2
14860,19,1,170.32,232,11,0.9027272727272727,0,170.32,232.0,1,0.5
14861,52,1,125.79,117,6,2.735,0,125.79,117.0,0,0.0
14862,26,2,841.1999999999999,772,47,2.1545833333333335,122,420.59999999999997,386.0,0,0.0
14863,29,1,266.76,132,11,2.020909090909091,0,266.76,132.0,0,0.0
14865,7,2,52.2,108,4,0.6525,364,26.1,54.0,0,0.0
14866,11,11,14353.4,6751,29,2.9840816326530613,355,1304.8545454545454,613.7272727272727,1,0.08333333333333333
14867,186,3,710.28,328,31,3.7750000000000004,150,236.76,109.33333333333333,1,0.25
14868,3,8,2953.59,1405,96,2.8812499999999996,230,369.19875,175.625,1,0.1111111111111111
14869,9,2,721.45,549,66,2.9802857142857144,94,360.725,274.5,1,0.3333333333333333
14870,262,1,327.25,119,13,3.0461538461538464,0,327.25,119.0,0,0.0
14871,3,4,501.28000000000003,179,68,3.1539784946236558,357,125.32000000000001,44.75,0,0.0
14873,210,1,519.68,168,28,4.994285714285715,0,519.68,168.0,0,0.0
14875,108,2,1465.3200000000002,558,46,4.418936170212766,155,732.6600000000001,279.0,2,0.5
14878,13,9,1476.09,799,62,2.60155737704918,345,164.01,88.77777777777777,0,0.0
14880,77,3,690.59,365,45,3.7769565217391308,211,230.1966666666667,121.66666666666667,0,0.0
14881,20,1,255.4,316,17,1.3729411764705883,0,255.4,316.0,0,0.0
14882,27,2,589.7,158,6,3.95,7,294.85,79.0,0,0.0
14883,19,6,761.59,790,39,1.220943396226415,193,126.93166666666667,131.66666666666666,1,0.14285714285714285
14885,132,1,765.3199999999999,724,15,1.2686666666666668,0,765.3199999999999,724.0,0,0.0
14886,253,1,364.8,160,18,3.1277777777777778,0,364.8,160.0,0,0.0
14887,79,1,1862.0,1100,6,1.6116666666666666,0,1862.0,1100.0,0,0.0
14888,207,1,369.2,184,20,2.21,0,369.2,184.0,0,0.0
14889,336,1,135.9,90,10,2.2600000000000002,0,135.9,90.0,0,0.0
14890,254,1,125.65,51,7,2.9071428571428575,0,125.65,51.0,0,0.0
14891,148,2,554.38,505,30,1.6524242424242424,39,277.19,252.5,0,0.0
14893,10,2,1237.8500000000001,799,72,3.1345205479452054,2,618.9250000000001,399.5,0,0.0
14894,85,1,655.75,265,23,2.8395652173913044,0,655.75,265.0,0,0.0
14895,8,20,11138.710000000001,4851,273,4.1638755020080325,282,556.9355,242.55,4,0.16666666666666666
14896,205,2,468.77000000000004,279,43,2.397906976744186,160,234.38500000000002,139.5,0,0.0
14897,8,4,1366.38,468,43,5.067454545454545,289,341.595,117.0,0,0.0
14898,23,6,1269.31,1001,86,2.9577981651376146,347,211.55166666666665,166.83333333333334,2,0.25
14901,11,9,1421.29,661,73,3.1441666666666666,361,157.92111111111112,73.44444444444444,1,0.1
14902,26,1,332.66,218,20,2.773,0,332.66,218.0,1,0.5
14903,21,5,2795.33,1531,227,2.7584,257,559.066,306.2,5,0.5
14904,2,2,1025.44,1985,66,0.7394202898550725,23,512.72,992.5,0,0.0
14905,158,2,616.15,287,14,2.3841176470588237,76,308.075,143.5,1,0.3333333333333333
14907,3,7,3501.1,1691,125,3.4733939393939393,364,500.15714285714284,241.57142857142858,3,0.3
14908,74,1,277.8,132,9,3.6277777777777778,0,277.8,132.0,0,0.0
14910,3,4,434.35,238,25,2.884333333333333,51,108.5875,59.5,3,0.42857142857142855
14911,1,199,140336.83,80238,1786,4.018350388143966,372,705.210201005025,403.20603015075375,44,0.18106995884773663
14912,17,2,867.85,971,21,2.0225925925925927,229,433.925,485.5,0,0.0
14913,36,4,1227.43,1743,76,1.2129885057471264,323,306.8575,435.75,0,0.0
14915,91,2,307.48,112,12,3.5516666666666663,186,153.74,56.0,1,0.3333333333333333
14916,71,4,1268.98,1136,72,1.8205194805194806,253,317.245,284.0,1,0.2
14918,116,2,1610.15,675,39,3.492666666666667,38,805.075,337.5,0,0.0
14920,213,2,977.77,509,57,3.765438596491228,0,488.885,254.5,0,0.0
14921,30,2,1316.07,953,78,1.975128205128205,171,658.035,476.5,0,0.0
14923,51,1,749.1,418,44,3.445681818181818,0,749.1,418.0,0,0.0
14924,246,1,310.05,64,10,15.665000000000001,0,310.05,64.0,0,0.0
14929,32,1,223.88,136,11,2.2572727272727273,0,223.88,136.0,0,0.0
14930,109,3,2362.96,1160,116,4.1827559055118115,165,787.6533333333333,386.6666666666667,0,0.0
14931,5,4,964.6800000000001,416,29,5.1265,236,241.17000000000002,104.0,0,0.0
14932,366,1,363.53,80,17,9.449411764705882,0,363.53,80.0,0,0.0
14934,82,2,1890.94,1042,68,3.5809195402298855,200,945.47,521.0,1,0.3333333333333333
14935,297,1,1784.71,935,10,2.622,0,1784.71,935.0,0,0.0
14936,34,8,8137.02,4085,210,3.679093406593407,241,1017.1275,510.625,1,0.1111111111111111
14937,57,3,1621.88,484,33,3.4,73,540.6266666666667,161.33333333333334,1,0.25
14944,30,12,5900.25,2815,101,3.006705882352941,266,491.6875,234.58333333333334,2,0.14285714285714285
14946,14,1,100.9,22,3,4.683333333333334,0,100.9,22.0,0,0.0
14947,72,2,290.82,179,14,3.084285714285714,58,145.41,89.5,0,0.0
14948,23,6,1101.97,673,56,2.8057142857142856,196,183.66166666666666,112.16666666666667,1,0.14285714285714285
14950,19,1,371.2,136,19,5.193157894736842,0,371.2,136.0,1,0.5
14951,79,1,311.69,311,20,1.895,0,311.69,311.0,0,0.0
14952,60,11,8099.49,3355,117,3.3994202898550725,304,736.3172727272727,305.0,4,0.26666666666666666
14953,25,1,285.67,224,54,2.314814814814815,0,285.67,224.0,0,0.0
14954,12,1,294.85,117,75,2.9894805194805194,0,294.85,117.0,0,0.0
14957,253,1,58.49,34,12,1.7408333333333335,0,58.49,34.0,0,0.0
14958,147,3,483.72999999999996,128,33,5.604390243902439,98,161.2433333333333,42.666666666666664,0,0.0
14959,64,4,695.42,494,37,1.46,232,173.855,123.5,1,0.2
14960,8,2,221.27,221,23,1.8037037037037038,162,110.635,110.5,0,0.0
14961,11,9,7044.68,3708,193,2.8973076923076926,349,782.7422222222223,412.0,3,0.25
14962,271,1,126.7,44,5,6.540000000000001,0,126.7,44.0,0,0.0
14963,10,5,1472.34,1159,149,2.303125,173,294.46799999999996,231.8,0,0.0
14964,247,1,206.21,143,13,3.4046153846153846,0,206.21,143.0,0,0.0
14965,96,2,596.09,363,80,2.390740740740741,0,298.045,181.5,0,0.0
14966,15,1,183.02,179,35,1.9672222222222224,0,183.02,179.0,0,0.0
14967,50,1,463.8,140,6,2.9250000000000003,0,463.8,140.0,0,0.0
14968,30,1,147.59,127,37,1.9402702702702705,0,147.59,127.0,0,0.0
14970,68,4,1592.06,250,24,6.174411764705883,248,398.015,62.5,0,0.0
14971,35,3,1097.98,639,144,3.082193548387097,8,365.99333333333334,213.0,0,0.0
14972,128,1,114.77,28,18,4.947222222222222,0,114.77,28.0,0,0.0
14973,107,3,1314.45,369,29,21.259687500000002,118,438.15000000000003,123.0,0,0.0
14974,37,1,89.94,37,17,3.135882352941177,0,89.94,37.0,0,0.0
14975,57,1,279.94,380,11,1.0154545454545454,0,279.94,380.0,0,0.0
14976,57,6,774.86,232,45,3.8398571428571433,269,129.14333333333335,38.666666666666664,1,0.14285714285714285
14978,72,5,1921.3700000000001,523,136,4.512943925233645,258,384.274,104.6,0,0.0
14981,246,1,102.12,97,8,1.46,0,102.12,97.0,0,0.0
14984,19,2,202.37,58,37,4.283846153846154,161,101.185,29.0,0,0.0
14985,198,2,292.01,256,78,1.943132530120482,159,146.005,128.0,0,0.0
14987,16,2,326.4,128,2,2.55,349,163.2,64.0,0,0.0
14988,212,1,334.54,141,40,2.5467500000000003,0,334.54,141.0,0,0.0
14995,39,2,231.98000000000002,102,53,2.6255,241,115.99000000000001,51.0,0,0.0
14997,46,3,546.1999999999999,1120,25,0.6265384615384615,131,182.06666666666663,373.3333333333333,1,0.25
14998,170,2,414.87,258,70,2.4686486486486485,71,207.435,129.0,0,0.0
15000,48,1,490.52,218,76,2.8345454545454545,0,490.52,218.0,0,0.0
15002,116,4,1641.76,862,93,2.5394782608695654,251,410.44,215.5,0,0.0
15004,147,1,1220.38,622,153,3.1060784313725494,0,1220.38,622.0,0,0.0
15005,16,28,6293.67,4228,359,2.3264176417641766,350,224.77392857142857,151.0,7,0.2
15006,51,1,475.43,285,120,1.9430534351145037,0,475.43,285.0,0,0.0
15007,159,1,156.91,69,12,3.160833333333333,0,156.91,69.0,0,0.0
15009,12,3,1259.43,639,148,2.4771666666666667,12,419.81,213.0,0,0.0
15010,36,1,308.94,184,20,3.1685000000000003,0,308.94,184.0,0,0.0
15012,54,2,405.04,225,110,2.594508196721311,319,202.52,112.5,0,0.0
15014,43,2,257.67,149,29,1.7624242424242424,133,128.835,74.5,0,0.0
15016,173,1,170.04,76,20,4.573,0,170.04,76.0,0,0.0
15017,34,1,125.58,63,20,3.2625,0,125.58,63.0,0,0.0
15018,39,3,496.21000000000004,189,30,6.507419354838709,329,165.40333333333334,63.0,1,0.25
15019,267,1,252.81,150,64,2.1930303030303033,0,252.81,150.0,0,0.0
15021,9,9,1871.77,819,287,2.680540540540541,357,207.97444444444443,91.0,4,0.3076923076923077
15022,12,4,852.39,527,96,2.9139669421487606,35,213.0975,131.75,0,0.0
15023,3,11,6701.51,2818,346,3.836442831215971,366,609.2281818181818,256.1818181818182,1,0.08333333333333333
15024,10,10,1636.43,902,105,2.8549342105263156,357,163.643,90.2,0,0.0
15025,33,1,361.96,184,66,2.6628358208955225,0,361.96,184.0,0,0.0
15026,80,3,464.2,225,56,2.2145,197,154.73333333333332,75.0,0,0.0
15027,31,4,1066.1499999999999,565,30,3.7800000000000002,207,266.53749999999997,141.25,2,0.3333333333333333
15028,8,4,627.13,459,35,1.9868750000000002,360,156.7825,114.75,0,0.0
15030,72,2,518.28,372,7,2.9728571428571433,196,259.14,186.0,0,0.0
15031,4,4,653.19,400,74,3.058,277,163.2975,100.0,0,0.0
15032,256,3,4959.1,2968,29,1.9057692307692307,110,1653.0333333333335,989.3333333333334,2,0.4
15033,5,10,2553.88,1670,314,2.10004,324,255.388,167.0,1,0.09090909090909091
15034,16,8,4274.16,2413,299,2.9217179487179488,338,534.27,301.625,3,0.2727272727272727
15035,90,1,252.73000000000002,245,26,2.1285185185185185,0,252.73000000000002,245.0,0,0.0
15036,72,3,429.56,316,107,2.0629411764705883,107,143.18666666666667,105.33333333333333,0,0.0
15038,59,6,685.74,212,105,4.19208,311,114.29,35.333333333333336,1,0.14285714285714285
15039,10,47,19766.59,9131,408,3.1825118483412322,359,420.5657446808511,194.27659574468086,5,0.09615384615384616
15041,170,1,179.93,103,66,2.0543939393939397,0,179.93,103.0,0,0.0
15042,199,1,135.93,30,5,5.586,0,135.93,30.0,0,0.0
15043,31,1,537.0,300,3,1.79,0,537.0,300.0,0,0.0
15044,19,17,7634.7300000000005,2785,233,4.597162162162163,342,449.1017647058824,163.8235294117647,5,0.22727272727272727
15045,152,2,735.66,114,11,6.9191666666666665,105,367.83,57.0,1,0.3333333333333333
15046,9,15,5071.47,3371,146,2.7216500000000003,329,338.098,224.73333333333332,1,0.0625
15047,270,1,343.62,222,22,2.27,0,343.62,222.0,0,0.0
15048,65,4,381.0,192,86,2.582340425531915,303,95.25,48.0,1,0.2
15049,274,1,121.17000000000002,63,3,1.83,0,121.17000000000002,63.0,0,0.0
15050,25,3,1737.69,1216,68,2.514473684210526,46,579.23,405.3333333333333,2,0.4
15051,23,3,1383.3600000000001,1010,130,2.2064788732394365,127,461.12000000000006,336.6666666666667,0,0.0
15052,319,1,207.73000000000002,79,27,3.565714285714286,0,207.73000000000002,79.0,0,0.0
15053,5,3,693.95,984,49,1.5671014492753623,277,231.3166666666667,328.0,0,0.0
15054,12,2,302.1,198,105,1.7128070175438597,28,151.05,99.0,0,0.0
15057,275,2,1489.5,668,25,3.5916,40,744.75,334.0,0,0.0
15058,25,11,2102.54,1054,199,2.91093984962406,286,191.14,95.81818181818181,0,0.0
15059,41,9,1337.72,604,161,3.1344725738396626,293,148.63555555555556,67.11111111111111,2,0.18181818181818182
15060,8,4,293.0,256,80,1.7459649122807017,0,73.25,64.0,0,0.0
15061,4,48,54534.14,28920,70,2.5737468982630274,368,1136.1279166666666,602.5,6,0.1111111111111111
15062,71,4,987.86,763,47,2.061754385964912,288,246.965,190.75,0,0.0
15063,213,1,370.79999999999995,56,5,8.57,0,370.79999999999995,56.0,0,0.0
15065,38,4,3158.13,1383,148,5.0849677419354835,253,789.5325,345.75,2,0.3333333333333333
15066,53,1,893.59,317,42,4.46047619047619,0,893.59,317.0,1,0.5
15067,78,3,1744.76,954,82,3.1621951219512194,204,581.5866666666667,318.0,0,0.0
15068,46,2,553.36,364,96,2.555769230769231,210,276.68,182.0,0,0.0
15069,179,1,1109.53,520,70,4.523428571428571,0,1109.53,520.0,0,0.0
15070,373,1,106.2,36,1,2.95,0,106.2,36.0,0,0.0
15071,94,2,982.07,269,25,4.647692307692308,182,491.035,134.5,0,0.0
15073,10,3,1043.41,491,31,2.6588888888888893,177,347.80333333333334,163.66666666666666,1,0.25
15074,105,1,735.67,431,41,2.2509756097560976,0,735.67,431.0,0,0.0
15075,78,1,773.03,447,27,3.312962962962963,0,773.03,447.0,0,0.0
15076,173,1,880.85,571,49,3.0477551020408162,0,880.85,571.0,0,0.0
15078,7,32,9743.11,5105,97,2.369431818181818,361,304.4721875,159.53125,6,0.15789473684210525
15079,213,4,895.61,389,46,4.605957446808511,153,223.9025,97.25,1,0.2
15081,22,5,504.8,190,26,4.805151515151515,345,100.96000000000001,38.0,1,0.16666666666666666
15083,257,1,88.2,38,5,6.67,0,88.2,38.0,0,0.0
15087,282,1,306.94,470,15,2.036,0,306.94,470.0,0,0.0
15088,21,2,1160.07,460,53,5.27,45,580.035,230.0,1,0.3333333333333333
15089,10,6,2420.84,1359,139,3.3199310344827584,118,403.47333333333336,226.5,0,0.0
15090,308,1,381.32,208,23,3.5617391304347827,0,381.32,208.0,0,0.0
15091,68,1,480.71,346,30,1.9540000000000002,0,480.71,346.0,1,0.5
15092,215,2,457.81,135,23,5.378076923076923,68,228.905,67.5,0,0.0
15093,18,6,4597.02,3760,52,2.7425,353,766.1700000000001,626.6666666666666,3,0.3333333333333333
15095,104,4,1370.6,1079,30,2.5157446808510637,99,342.65,269.75,1,0.2
15096,43,1,219.39000000000001,120,11,3.1118181818181814,0,219.39000000000001,120.0,0,0.0
15097,4,1,248.08,170,25,2.266,0,248.08,170.0,0,0.0
15098,182,3,39916.5,121,1,434.65000000000003,0,13305.5,40.333333333333336,1,0.25
15099,84,1,410.48,343,23,2.073478260869565,0,410.48,343.0,0,0.0
15100,334,3,876.0,80,1,10.949999999999998,40,292.0,26.666666666666668,3,0.5
15101,9,2,317.53,241,8,2.805,350,158.765,120.5,1,0.3333333333333333
15103,31,2,703.36,329,35,5.646857142857144,55,351.68,164.5,0,0.0
15104,197,2,993.54,635,66,5.081940298507463,85,496.77,317.5,1,0.3333333333333333
15105,18,7,2298.93,1211,90,2.410792079207921,116,328.4185714285714,173.0,0,0.0
15106,18,5,1422.52,1181,90,2.4882,251,284.504,236.2,2,0.2857142857142857
15107,311,6,319.5,169,12,5.584375,61,53.25,28.166666666666668,2,0.25
15108,142,3,1159.25,490,49,4.242105263157895,85,386.4166666666667,163.33333333333334,1,0.25
15109,246,1,484.95,131,28,5.880357142857143,0,484.95,131.0,1,0.5
15110,24,4,996.1,246,17,7.377142857142857,294,249.025,61.5,3,0.42857142857142855
15111,29,3,1567.48,710,70,3.682380952380952,343,522.4933333333333,236.66666666666666,0,0.0
15113,10,3,3509.04,2343,76,2.115625,44,1169.68,781.0,1,0.25
15114,30,10,2760.56,3096,136,1.5530964467005075,271,276.056,309.6,0,0.0
15115,18,1,340.11,157,21,3.7304761904761907,0,340.11,157.0,0,0.0
15116,18,4,1352.75,648,37,2.7622222222222224,187,338.1875,162.0,0,0.0
15117,15,5,1551.78,1948,63,2.230632911392405,200,310.356,389.6,1,0.16666666666666666
15118,134,1,244.8,1440,1,0.17,0,244.8,1440.0,0,0.0
15119,246,1,266.4,88,14,7.728571428571429,0,266.4,88.0,0,0.0
15120,134,1,358.82,296,21,4.91952380952381,0,358.82,296.0,1,0.5
15121,50,2,457.72,199,28,4.226785714285714,238,228.86,99.5,0,0.0
15122,114,3,1633.78,800,65,3.2530487804878048,183,544.5933333333334,266.6666666666667,3,0.5
15123,7,2,2199.31,1195,93,3.053490566037736,198,1099.655,597.5,0,0.0
15124,23,2,184.19,233,14,2.2046666666666668,169,92.095,116.5,0,0.0
15125,25,15,11528.48,6193,102,3.3869291338582674,245,768.5653333333333,412.8666666666667,8,0.34782608695652173
15127,66,1,406.53,251,16,1.838125,0,406.53,251.0,0,0.0
15128,60,4,1471.0,1343,74,2.071470588235294,159,367.75,335.75,3,0.42857142857142855
15129,50,11,3447.4,1794,54,2.905238095238095,241,313.40000000000003,163.0909090909091,0,0.0
15130,170,1,330.11,197,22,2.42,0,330.11,197.0,0,0.0
15132,18,5,977.9300000000001,679,49,2.062692307692308,244,195.586,135.8,0,0.0
15133,128,3,982.42,680,27,2.2120689655172416,174,327.4733333333333,226.66666666666666,0,0.0
15134,15,8,1387.99,887,44,2.300821917808219,225,173.49875,110.875,0,0.0
15135,239,1,139.05,43,9,3.5944444444444446,0,139.05,43.0,1,0.5
15136,3,4,1286.7,776,61,2.0561764705882353,93,321.675,194.0,1,0.2
15139,240,2,178.96,208,13,1.3546153846153846,96,89.48,104.0,0,0.0
15140,52,7,2354.25,1572,74,2.65775,211,336.32142857142856,224.57142857142858,1,0.125
15142,46,1,498.74,365,26,2.419230769230769,0,498.74,365.0,0,0.0
15143,226,1,259.45,150,14,2.8335714285714286,0,259.45,150.0,0,0.0
15144,8,17,6580.44,3050,132,2.9005990783410134,304,387.0847058823529,179.41176470588235,1,0.05555555555555555
15145,4,4,1194.73,756,54,3.413731343283582,244,298.6825,189.0,0,0.0
15146,165,2,1327.16,1473,90,1.5287912087912088,126,663.58,736.5,1,0.3333333333333333
15147,240,1,623.5,366,28,2.9839285714285713,0,623.5,366.0,1,0.5
15148,11,1,301.29,187,20,2.5355,0,301.29,187.0,0,0.0
15149,134,1,520.8000000000001,128,23,5.95,0,520.8000000000001,128.0,0,0.0
15150,17,10,5291.33,3642,282,2.9364222873900294,251,529.133,364.2,1,0.09090909090909091
15152,10,13,4745.69,2704,196,3.474981549815498,177,365.0530769230769,208.0,3,0.1875
15153,31,1,329.25,198,22,4.66590909090909,0,329.25,198.0,0,0.0
15154,75,1,254.28,89,66,2.964647887323944,0,254.28,89.0,1,0.5
15156,1,3,961.49,597,51,2.841090909090909,32,320.49666666666667,199.0,0,0.0
15157,4,3,1936.07,2392,125,1.84528,354,645.3566666666667,797.3333333333334,2,0.4
15158,45,1,401.40000000000003,198,7,1.85,0,401.40000000000003,198.0,0,0.0
15159,2,30,18641.010000000002,11441,363,2.844718309859155,359,621.3670000000001,381.3666666666667,4,0.11764705882352941
15160,357,1,158.16,84,4,1.7475,0,158.16,84.0,0,0.0
15163,18,2,304.47,186,29,2.437241379310345,173,152.235,93.0,0,0.0
15164,69,3,824.58,351,79,2.937920792079208,270,274.86,117.0,0,0.0
15165,373,1,487.75,160,27,4.987037037037037,0,487.75,160.0,0,0.0
15167,321,1,158.8,65,39,2.703846153846154,0,158.8,65.0,0,0.0
15168,26,1,106.56,52,5,3.338,0,106.56,52.0,0,0.0
15171,331,1,1289.5,290,5,3.7700000000000005,0,1289.5,290.0,1,0.5
15172,9,5,1624.05,1611,106,2.087909090909091,227,324.81,322.2,0,0.0
15174,323,1,135.75,145,11,1.549090909090909,0,135.75,145.0,0,0.0
15175,72,1,224.14,454,23,0.7404347826086957,0,224.14,454.0,0,0.0
15178,260,1,40.5,30,3,1.3499999999999999,0,40.5,30.0,0,0.0
15179,18,5,2206.95,1938,91,2.6174193548387095,300,441.39,387.6,2,0.2857142857142857
15180,367,1,87.5,36,6,3.266666666666667,0,87.5,36.0,0,0.0
15181,66,3,689.4799999999999,544,11,1.475625,203,229.82666666666663,181.33333333333334,1,0.25
15182,154,2,622.85,253,24,2.9741379310344827,114,311.425,126.5,0,0.0
15184,29,2,402.2,199,59,3.24741935483871,161,201.1,99.5,0,0.0
15185,70,1,310.62,666,21,2.3276190476190477,0,310.62,666.0,0,0.0
15186,14,2,411.41,215,17,3.38,154,205.705,107.5,0,0.0
15187,2,15,4762.18,1886,60,2.8988888888888886,210,317.4786666666667,125.73333333333333,2,0.11764705882352941
15189,1,41,16225.39,6149,80,4.361933962264151,331,395.74121951219513,149.97560975609755,12,0.22641509433962265
15192,120,3,1044.32,918,36,2.514705882352941,245,348.1066666666666,306.0,0,0.0
15193,61,1,499.32,144,19,6.397368421052631,0,499.32,144.0,0,0.0
15194,3,15,7616.53,5703,209,2.4091290322580647,365,507.76866666666666,380.2,7,0.3181818181818182
15195,3,1,3861.0,1404,1,2.75,0,3861.0,1404.0,0,0.0
15197,11,3,1079.6100000000001,469,30,3.0321875,347,359.87000000000006,156.33333333333334,2,0.4
15198,92,2,193.64,120,10,1.875,31,96.82,60.0,0,0.0
15199,59,4,1268.7,396,5,4.6,249,317.175,99.0,0,0.0
15201,87,5,1236.54,1210,35,1.6153623188405797,160,247.308,242.0,6,0.5454545454545454
15203,26,6,1827.8,1753,82,1.258169014084507,285,304.6333333333333,292.1666666666667,0,0.0
15204,357,1,316.58,258,9,2.4044444444444446,0,316.58,258.0,0,0.0
15205,85,2,653.24,378,37,3.684594594594594,42,326.62,189.0,0,0.0
15206,10,4,420.29999999999995,162,3,2.683333333333333,265,105.07499999999999,40.5,0,0.0
15208,1,5,870.12,316,25,4.873333333333333,352,174.024,63.2,1,0.16666666666666666
15210,225,1,331.18,228,20,6.341,0,331.18,228.0,0,0.0
15211,60,2,894.4100000000001,240,52,5.4957692307692305,304,447.20500000000004,120.0,0,0.0
15212,241,1,101.8,36,5,3.63,0,101.8,36.0,1,0.5
15213,319,2,328.35,272,22,1.55375,11,164.175,136.0,1,0.3333333333333333
15214,2,8,1661.44,1254,109,2.4215454545454547,241,207.68,156.75,0,0.0
15215,47,3,734.94,225,33,5.166857142857143,49,244.98000000000002,75.0,3,0.5
15216,88,1,96.6,28,2,4.8,0,96.6,28.0,0,0.0
15218,11,11,5756.89,3329,77,3.0930120481927714,308,523.3536363636364,302.6363636363636,0,0.0
15219,176,1,305.75,45,9,9.883333333333333,0,305.75,45.0,0,0.0
15220,52,6,1778.96,1393,110,2.559059829059829,229,296.49333333333334,232.16666666666666,1,0.14285714285714285
15221,366,1,403.25,43,5,12.709999999999999,0,403.25,43.0,1,0.5
15222,319,1,585.0,440,5,1.3439999999999999,0,585.0,440.0,0,0.0
15223,226,2,755.75,213,14,4.0865,23,377.875,106.5,1,0.3333333333333333
15224,358,2,322.08,152,13,3.2135714285714285,4,161.04,76.0,1,0.3333333333333333
15225,234,1,409.40000000000003,226,23,3.45,0,409.40000000000003,226.0,0,0.0
15226,311,1,154.41,71,8,3.8425,0,154.41,71.0,0,0.0
15227,37,5,1219.4,750,43,4.578448275862069,280,243.88000000000002,150.0,0,0.0
15228,66,4,3386.71,2255,110,3.18552,228,846.6775,563.75,1,0.2
15230,239,2,429.6,351,23,1.7817391304347827,1,214.8,175.5,0,0.0
15232,113,2,612.06,686,26,1.0306451612903225,27,306.03,343.0,0,0.0
15234,277,1,197.0,196,14,1.682857142857143,0,197.0,196.0,0,0.0
15235,218,12,2247.51,1324,132,2.9905594405594402,155,187.29250000000002,110.33333333333333,0,0.0
15236,299,1,321.05,269,15,1.6386666666666665,0,321.05,269.0,0,0.0
15237,2,4,1412.32,1071,94,2.5204040404040406,225,353.08,267.75,0,0.0
15238,29,3,1071.99,692,49,4.8076,154,357.33,230.66666666666666,2,0.4
15239,10,2,780.59,594,48,1.9677551020408164,68,390.295,297.0,1,0.3333333333333333
15240,45,5,1706.57,1369,58,2.5883333333333334,267,341.31399999999996,273.8,2,0.2857142857142857
15241,67,8,1756.44,1818,82,1.8820000000000001,216,219.555,227.25,1,0.1111111111111111
15243,74,1,316.68,185,22,2.4499999999999997,0,316.68,185.0,0,0.0
15244,65,2,631.57,405,31,2.3405882352941174,182,315.785,202.5,0,0.0
15245,134,3,2515.84,1784,55,1.8764044943820224,127,838.6133333333333,594.6666666666666,0,0.0
15246,238,2,514.15,247,32,2.9833333333333334,120,257.075,123.5,0,0.0
15247,122,1,356.0,160,6,2.0833333333333335,0,356.0,160.0,0,0.0
15249,32,13,6688.46,3577,211,2.8037142857142854,224,514.496923076923,275.15384615384613,2,0.13333333333333333
15251,9,11,10484.99,6171,97,3.865765765765766,232,953.180909090909,561.0,4,0.26666666666666666
15252,36,2,740.78,522,44,2.062727272727273,146,370.39,261.0,0,0.0
15253,16,5,918.1999999999999,866,52,1.6766037735849058,153,183.64,173.2,1,0.16666666666666666
15254,127,1,300.36,275,18,2.03,0,300.36,275.0,0,0.0
15255,67,1,890.85,489,47,2.7510638297872343,0,890.85,489.0,0,0.0
15256,149,1,98.45,55,6,1.8166666666666667,0,98.45,55.0,0,0.0
15257,283,1,317.15,46,7,30.957142857142856,0,317.15,46.0,1,0.5
15258,169,2,623.16,142,32,5.6376470588235295,48,311.58,71.0,0,0.0
15260,100,7,1810.77,885,62,3.4683116883116885,272,258.68142857142857,126.42857142857143,1,0.125
15261,135,1,254.82,270,19,1.1994736842105262,0,254.82,270.0,0,0.0
15262,324,1,178.95000000000002,73,10,3.2950000000000004,0,178.95000000000002,73.0,0,0.0
15263,107,1,156.51,89,12,2.9575,0,156.51,89.0,0,0.0
15264,64,1,393.74,265,23,2.31,0,393.74,265.0,0,0.0
15265,151,2,1506.1200000000001,612,76,4.574390243902439,84,753.0600000000001,306.0,0,0.0
15266,338,1,119.3,18,6,6.75,0,119.3,18.0,0,0.0
15267,22,5,1717.36,944,8,1.8354545454545452,160,343.472,188.8,0,0.0
15269,24,1,408.8,26,2,74.975,0,408.8,26.0,0,0.0
15270,16,7,2379.49,1521,22,6.593658536585365,294,339.9271428571428,217.28571428571428,2,0.2222222222222222
15271,7,15,2493.34,1251,184,2.7929166666666667,358,166.22266666666667,83.4,1,0.0625
15272,57,2,721.94,310,63,4.119047619047619,28,360.97,155.0,0,0.0
15274,4,2,716.57,619,44,2.0589361702127658,14,358.285,309.5,0,0.0
15275,38,1,615.14,498,41,3.257073170731707,0,615.14,498.0,1,0.5
15276,66,1,128.63,61,49,2.415714285714286,0,128.63,61.0,0,0.0
15277,47,1,255.89999999999998,205,12,1.7708333333333333,0,255.89999999999998,205.0,0,0.0
15279,355,1,290.51,189,19,3.8610526315789473,0,290.51,189.0,1,0.5
15280,172,1,113.12,154,16,0.804375,0,113.12,154.0,0,0.0
15281,59,9,2332.15,1211,121,3.9148201438848917,274,259.1277777777778,134.55555555555554,3,0.25
15286,50,1,240.55,55,3,4.45,0,240.55,55.0,0,0.0
15287,22,2,486.69,433,17,2.559,48,243.345,216.5,1,0.3333333333333333
15288,43,5,2306.52,775,80,3.3252272727272727,322,461.304,155.0,0,0.0
15289,29,3,939.78,1008,43,1.2341379310344827,220,313.26,336.0,1,0.25
15290,5,18,7943.22,4501,93,3.2506862745098037,354,441.29,250.05555555555554,3,0.14285714285714285
15291,26,14,4623.3,2102,61,4.702254901960784,348,330.2357142857143,150.14285714285714,5,0.2631578947368421
15292,201,1,178.39,55,24,4.7195833333333335,0,178.39,55.0,0,0.0
15296,51,6,3672.86,1766,137,3.4776288659793813,275,612.1433333333333,294.3333333333333,4,0.4
15297,10,3,641.94,292,30,2.7343589743589742,53,213.98000000000002,97.33333333333333,1,0.25
15298,2,12,4799.9,3116,115,2.3919270833333335,364,399.9916666666666,259.6666666666667,2,0.14285714285714285
15299,67,6,3907.01,2947,6,3.268333333333333,304,651.1683333333334,491.1666666666667,1,0.14285714285714285
15300,64,1,496.44,292,28,2.862142857142857,0,496.44,292.0,0,0.0
15301,51,12,5049.95,2751,167,3.013512396694215,317,420.82916666666665,229.25,2,0.14285714285714285
15303,290,1,574.02,248,31,3.8406451612903227,0,574.02,248.0,0,0.0
15304,61,8,694.4000000000001,104,8,7.467391304347826,307,86.80000000000001,13.0,2,0.2
15306,64,3,1174.35,810,57,2.6510344827586207,83,391.45,270.0,0,0.0
15307,96,1,205.3,37,12,6.745833333333334,0,205.3,37.0,0,0.0
15308,274,1,310.47,175,19,4.0336842105263155,0,310.47,175.0,1,0.5
15311,1,91,60632.75,38147,567,2.5102324598478445,373,666.2939560439561,419.1978021978022,27,0.2288135593220339
15312,75,4,924.85,516,42,2.3721276595744683,279,231.2125,129.0,1,0.2
15313,110,1,52.0,25,1,2.08,0,52.0,25.0,0,0.0
15314,199,1,327.97,313,24,1.71375,0,327.97,313.0,0,0.0
15315,64,2,570.5,862,35,0.8824324324324324,51,285.25,431.0,1,0.3333333333333333
15316,327,1,165.0,100,1,1.65,0,165.0,100.0,0,0.0
15318,4,1,312.62,642,33,0.5857575757575758,0,312.62,642.0,0,0.0
15319,284,1,204.5,175,16,3.24125,0,204.5,175.0,0,0.0
15320,44,1,267.13,326,36,3.0636111111111113,0,267.13,326.0,0,0.0
15321,71,3,2748.31,1181,83,3.425684210526316,220,916.1033333333334,393.6666666666667,1,0.25
15322,86,1,679.68,416,42,3.1121428571428575,0,679.68,416.0,1,0.5
15325,104,1,161.74,231,47,1.1008333333333333,0,161.74,231.0,0,0.0
15326,334,1,311.71,386,29,1.4520689655172414,0,311.71,386.0,0,0.0
15327,53,1,208.75,116,10,4.397,0,208.75,116.0,0,0.0
15329,39,3,1049.7,486,51,3.6938596491228073,132,349.90000000000003,162.0,2,0.4
15330,32,2,714.96,1312,10,0.5607692307692308,28,357.48,656.0,0,0.0
15332,366,4,1661.06,652,29,2.841142857142857,3,415.265,163.0,0,0.0
15333,208,1,1028.56,344,16,2.96375,0,1028.56,344.0,0,0.0
15334,157,3,347.87,272,66,1.4880412371134022,16,115.95666666666666,90.66666666666667,0,0.0
15335,54,1,170.22,79,34,2.7897142857142856,0,170.22,79.0,0,0.0
15339,66,2,574.07,416,77,2.373953488372093,251,287.035,208.0,1,0.3333333333333333
15341,81,1,2020.52,812,17,2.9717647058823533,0,2020.52,812.0,0,0.0
15342,130,1,406.09,283,24,2.368333333333333,0,406.09,283.0,1,0.5
15343,87,1,364.5,84,21,6.39047619047619,0,364.5,84.0,0,0.0
15344,1,3,563.94,116,21,7.559230769230769,73,187.98000000000002,38.666666666666664,2,0.4
15345,46,1,393.54,81,20,7.730499999999999,0,393.54,81.0,1,0.5
15346,333,1,252.42000000000002,144,17,2.5700000000000003,0,252.42000000000002,144.0,0,0.0
15347,366,1,201.60000000000002,130,5,2.2700000000000005,0,201.60000000000002,130.0,0,0.0
15348,72,1,158.04,84,9,2.1133333333333333,0,158.04,84.0,0,0.0
15349,158,2,463.90999999999997,321,65,2.958450704225352,29,231.95499999999998,160.5,0,0.0
15350,373,1,115.65,51,5,2.6700000000000004,0,115.65,51.0,0,0.0
15351,12,7,1934.66,742,157,2.856438356164384,357,276.38,106.0,3,0.3
15353,255,2,770.12,341,59,3.308360655737705,113,385.06,170.5,0,0.0
15355,29,2,277.05,45,9,6.114285714285715,23,138.525,22.5,0,0.0
15356,31,10,2718.03,1643,215,2.0173346693386773,336,271.803,164.3,0,0.0
15358,5,22,8347.2,7050,292,1.9899274047186934,360,379.41818181818184,320.45454545454544,7,0.2413793103448276
15360,40,1,427.93,223,13,2.3515384615384614,0,427.93,223.0,0,0.0
15361,362,1,418.92,336,7,1.3442857142857143,0,418.92,336.0,0,0.0
15363,373,1,326.0,144,16,2.9875000000000003,0,326.0,144.0,1,0.5
15364,96,2,913.19,493,29,1.9779310344827585,158,456.595,246.5,0,0.0
15365,26,7,2314.32,1084,65,3.088421052631579,289,330.6171428571429,154.85714285714286,1,0.125
15366,75,2,602.51,621,37,2.4736363636363636,282,301.255,310.5,0,0.0
15367,57,4,1877.59,1057,91,2.9531578947368424,218,469.3975,264.25,1,0.2
15368,21,1,446.94000000000005,230,4,3.56,0,446.94000000000005,230.0,0,0.0
15370,41,7,2386.05,830,65,3.799255319148936,291,340.86428571428576,118.57142857142857,1,0.125
15372,137,1,2007.3999999999999,2924,27,0.8248148148148148,0,2007.3999999999999,2924.0,0,0.0
15373,8,12,2415.91,500,74,5.201363636363637,363,201.32583333333332,41.666666666666664,1,0.07692307692307693
15374,129,1,168.0,126,3,3.8166666666666664,0,168.0,126.0,0,0.0
15376,40,3,1221.56,615,100,2.8948275862068966,182,407.18666666666667,205.0,0,0.0
15379,169,7,3703.29,2305,145,2.5399484536082473,189,529.0414285714286,329.2857142857143,1,0.125
15380,9,5,1690.2600000000002,376,22,6.140555555555555,356,338.052,75.2,1,0.16666666666666666
15381,214,2,596.85,171,8,6.2,54,298.425,85.5,0,0.0
15382,15,6,5955.71,4012,193,2.4367549668874173,280,992.6183333333333,668.6666666666666,2,0.25
15384,170,2,642.41,596,34,1.8617073170731706,189,321.205,298.0,1,0.3333333333333333
15385,40,1,316.88,161,12,2.22,0,316.88,161.0,0,0.0
15386,186,1,394.14,446,31,1.3864516129032256,0,394.14,446.0,0,0.0
15388,270,1,140.54,88,10,2.0629999999999997,0,140.54,88.0,0,0.0
15389,172,1,500.0,400,1,1.25,0,500.0,400.0,0,0.0
15392,5,4,1535.53,1277,74,2.1430952380952384,355,383.8825,319.25,1,0.2
15393,16,2,231.86,150,10,1.5783333333333334,264,115.93,75.0,0,0.0
15394,10,4,2183.54,910,54,3.2396470588235293,348,545.885,227.5,0,0.0
15395,326,1,107.45,17,7,6.542857142857143,0,107.45,17.0,0,0.0
15396,113,1,288.18,122,14,3.599285714285714,0,288.18,122.0,0,0.0
15397,290,1,94.0,20,6,4.933333333333334,0,94.0,20.0,0,0.0
15398,16,2,1345.53,769,60,2.694794520547945,62,672.765,384.5,1,0.3333333333333333
15399,1,3,815.77,611,45,1.9098,77,271.92333333333335,203.66666666666666,0,0.0
15400,92,5,716.2,390,10,2.1041666666666665,186,143.24,78.0,1,0.16666666666666666
15402,149,2,626.35,693,34,3.5829268292682928,47,313.175,346.5,0,0.0
15405,189,1,349.1,193,8,3.6,0,349.1,193.0,0,0.0
15406,31,2,510.71000000000004,254,51,3.2645283018867928,269,255.35500000000002,127.0,2,0.5
15407,34,4,1046.74,552,142,3.9759459459459454,271,261.685,138.0,0,0.0
15408,264,1,267.18,106,34,4.476176470588236,0,267.18,106.0,0,0.0
15410,84,8,3450.84,1200,48,3.8858196721311473,177,431.355,150.0,0,0.0
15411,26,4,1348.93,529,86,4.054693877551021,156,337.2325,132.25,1,0.2
15412,171,1,190.53,108,10,3.471,0,190.53,108.0,0,0.0
15414,10,3,774.9000000000001,443,37,3.2115384615384617,232,258.3,147.66666666666666,0,0.0
15415,313,1,559.61,551,46,1.7710638297872339,0,559.61,551.0,0,0.0
15416,65,4,3984.32,2090,165,3.266666666666667,218,996.08,522.5,1,0.2
15417,85,1,508.8,284,28,1.8735714285714287,0,508.8,284.0,0,0.0
15419,25,1,135.86,230,8,1.3112499999999998,0,135.86,230.0,0,0.0
15421,59,4,950.36,500,40,2.674150943396226,251,237.59,125.0,0,0.0
15422,323,2,97.7,38,6,3.016666666666667,0,48.85,19.0,0,0.0
15423,38,1,43.5,101,2,3.93,0,43.5,101.0,0,0.0
15424,254,2,383.34,554,17,1.7388235294117649,0,191.67,277.0,0,0.0
15426,19,5,1404.07,656,217,2.7009454545454545,350,280.81399999999996,131.2,2,0.2857142857142857
15427,33,3,1430.54,967,233,2.1052054794520547,13,476.84666666666664,322.3333333333333,0,0.0
15428,15,1,93.78,102,6,1.8633333333333333,0,93.78,102.0,0,0.0
15429,27,2,397.35,380,77,2.0679268292682926,48,198.675,190.0,1,0.3333333333333333
15432,23,1,171.19,65,10,2.909,0,171.19,65.0,0,0.0
15433,214,2,533.3,534,40,1.2573170731707317,53,266.65,267.0,1,0.3333333333333333
15434,8,5,1041.48,647,40,3.250181818181818,191,208.296,129.4,1,0.16666666666666666
15435,22,1,149.29,54,29,3.7351724137931037,0,149.29,54.0,0,0.0
15436,12,3,1067.75,574,243,2.2354982817869415,221,355.9166666666667,191.33333333333334,0,0.0
15437,262,1,200.16,79,44,2.845333333333333,0,200.16,79.0,0,0.0
15438,131,1,156.57999999999998,59,25,3.5376,0,156.57999999999998,59.0,0,0.0
15440,55,3,383.68,197,50,2.338709677419355,154,127.89333333333333,65.66666666666667,0,0.0
15442,249,1,594.0,120,2,4.95,0,594.0,120.0,0,0.0
15443,2,7,3213.59,1639,237,3.003978494623656,318,459.0842857142857,234.14285714285714,1,0.125
15444,9,2,1411.21,759,191,2.833317757009346,31,705.605,379.5,0,0.0
15445,264,1,113.5,58,5,5.55,0,113.5,58.0,0,0.0
15447,331,1,155.17,85,9,3.121111111111111,0,155.17,85.0,0,0.0
15448,313,1,494.64,232,28,3.5778571428571424,0,494.64,232.0,0,0.0
15449,26,3,974.52,812,47,1.901166666666667,235,324.84,270.6666666666667,2,0.4
15450,30,1,429.84,376,30,2.1726666666666667,0,429.84,376.0,0,0.0
15452,30,3,528.48,280,47,2.52875,234,176.16,93.33333333333333,0,0.0
15453,2,7,1371.77,837,169,2.5548745519713263,185,195.96714285714285,119.57142857142857,0,0.0
15454,362,1,179.1,86,23,2.782,0,179.1,86.0,0,0.0
15456,283,3,434.59000000000003,633,48,1.648103448275862,75,144.86333333333334,211.0,0,0.0
15457,262,1,237.07,132,56,1.8825862068965518,0,237.07,132.0,0,0.0
15458,25,1,161.64,156,7,1.2242857142857144,0,161.64,156.0,0,0.0
15460,354,1,214.26,107,53,2.884642857142857,0,214.26,107.0,0,0.0
15462,94,3,234.6,172,9,1.55,92,78.2,57.333333333333336,0,0.0
15463,29,1,126.14,106,7,1.8557142857142856,0,126.14,106.0,0,0.0
15464,338,1,1044.65,348,155,4.2381290322580645,0,1044.65,348.0,0,0.0
15465,20,18,7354.62,1257,43,6.698762886597938,349,408.59,69.83333333333333,6,0.25
15466,85,1,334.53,246,56,1.9087719298245613,0,334.53,246.0,0,0.0
15467,9,3,524.88,310,41,2.2582692307692307,142,174.96,103.33333333333333,1,0.25
15468,51,2,467.51,155,24,4.485833333333333,0,233.755,77.5,3,0.6
15469,50,2,538.55,153,24,6.004166666666666,69,269.275,76.5,2,0.5
15471,2,1,454.48,256,67,2.006027397260274,0,454.48,256.0,0,0.0
15472,113,1,371.56,251,76,2.2892105263157894,0,371.56,251.0,0,0.0
15473,14,7,1771.2,672,4,2.659090909090909,46,253.02857142857144,96.0,3,0.3
15475,77,1,454.10999999999996,319,29,1.8268965517241378,0,454.10999999999996,319.0,0,0.0
15478,40,2,1399.92,575,34,3.412954545454545,16,699.96,287.5,0,0.0
15480,116,1,905.5,303,45,4.2637777777777774,0,905.5,303.0,0,0.0
15482,16,11,10839.76,5003,45,3.3798958333333338,343,985.4327272727273,454.8181818181818,4,0.26666666666666666
15483,161,4,225.26,291,74,1.609047619047619,105,56.315,72.75,0,0.0
15484,1,4,3590.41,3150,135,2.1766844919786097,77,897.6025,787.5,1,0.2
15485,30,3,2564.5,1281,59,3.2141176470588233,343,854.8333333333334,427.0,0,0.0
15488,93,1,91.32000000000001,73,2,8.03,0,91.32000000000001,73.0,0,0.0
15489,23,3,1134.28,608,47,2.978,188,378.0933333333333,202.66666666666666,1,0.25
15491,95,6,3100.09,1646,108,3.89538961038961,140,516.6816666666667,274.3333333333333,1,0.14285714285714285
15492,28,2,659.4599999999999,483,32,2.5388571428571427,46,329.72999999999996,241.5,0,0.0
15493,33,5,1953.41,551,177,4.404325259515571,238,390.682,110.2,2,0.2857142857142857
15494,21,2,1280.58,1139,120,2.3878688524590164,99,640.29,569.5,0,0.0
15497,18,2,1262.2,624,13,3.5933333333333333,302,631.1,312.0,1,0.3333333333333333
15498,3,27,13316.4,6105,360,3.17880859375,364,493.2,226.11111111111111,3,0.1
15500,8,4,1131.56,572,64,4.561323529411765,73,282.89,143.0,0,0.0
15502,16,10,6923.98,4232,163,3.507224880382775,353,692.3979999999999,423.2,9,0.47368421052631576
15503,363,1,141.04,70,66,2.085909090909091,0,141.04,70.0,0,0.0
15504,81,1,52.83,33,13,2.2315384615384617,0,52.83,33.0,0,0.0
15505,53,5,3610.96,2390,90,2.352061855670103,102,722.192,478.0,2,0.2857142857142857
15506,23,3,972.08,842,121,1.793229813664596,116,324.0266666666667,280.6666666666667,0,0.0
15507,172,1,475.86,160,41,3.96,0,475.86,160.0,0,0.0
15508,189,6,1000.27,440,78,3.392608695652174,46,166.71166666666667,73.33333333333333,0,0.0
15510,331,1,250.0,2,1,125.0,0,250.0,2.0,0,0.0
15511,12,5,900.53,269,117,3.988860759493671,73,180.106,53.8,0,0.0
15512,156,2,121.0,68,7,1.95,203,60.5,34.0,0,0.0
15513,33,19,14758.220000000001,5709,183,4.107370129870129,340,776.7484210526317,300.4736842105263,3,0.13636363636363635
15514,12,11,4023.7200000000003,2098,96,2.3234939759036144,352,365.7927272727273,190.72727272727272,2,0.15384615384615385
15516,45,3,62.43,27,15,2.7786666666666666,1,20.81,9.0,0,0.0
15517,233,1,267.03,293,27,1.807777777777778,0,267.03,293.0,0,0.0
15518,64,8,1921.55,1263,135,2.462047619047619,268,240.19375,157.875,4,0.3333333333333333
15520,2,1,343.5,314,18,1.7244444444444444,0,343.5,314.0,0,0.0
15521,40,8,3000.2,1836,116,3.418594594594594,214,375.025,229.5,4,0.3333333333333333
15522,33,2,397.99,572,47,0.9516071428571429,54,198.995,286.0,0,0.0
15523,84,1,412.01000000000005,132,10,3.6310000000000002,0,412.01000000000005,132.0,0,0.0
15524,25,1,440.0,4,1,110.0,0,440.0,4.0,0,0.0
15525,2,3,731.87,385,132,2.6207096774193546,371,243.95666666666668,128.33333333333334,1,0.25
15526,33,2,148.44,24,4,5.494999999999999,0,74.22,12.0,0,0.0
15527,19,8,2428.53,991,127,3.3318518518518516,335,303.56625,123.875,1,0.1111111111111111
15528,254,1,229.33,123,26,2.6076923076923078,0,229.33,123.0,0,0.0
15529,23,11,3960.05,3454,414,1.7268683812405448,343,360.00454545454545,314.0,1,0.08333333333333333
15530,22,4,1497.31,938,90,2.8661682242990656,225,374.3275,234.5,0,0.0
15531,8,2,1972.39,1085,196,3.0354337899543378,22,986.195,542.5,0,0.0
15532,25,4,1554.83,513,204,3.90164,332,388.7075,128.25,2,0.3333333333333333
15533,19,3,807.57,289,73,4.041927710843374,69,269.19,96.33333333333333,2,0.4
15535,173,4,502.9,135,55,4.718055555555555,154,125.725,33.75,3,0.42857142857142855
15537,163,1,110.92,29,24,3.862083333333333,0,110.92,29.0,0,0.0
15539,7,1,538.46,410,41,1.343658536585366,0,538.46,410.0,0,0.0
15540,11,1,213.3,200,15,1.7133333333333334,0,213.3,200.0,0,0.0
15541,114,1,85.13000000000001,49,29,2.0941379310344828,0,85.13000000000001,49.0,0,0.0
15543,288,1,127.86,86,26,2.1992857142857143,0,127.86,86.0,0,0.0
15544,9,9,3546.71,3109,122,1.5977992277992277,363,394.0788888888889,345.44444444444446,2,0.18181818181818182
15545,54,2,288.96999999999997,162,78,2.67875,316,144.48499999999999,81.0,0,0.0
15547,7,14,4910.6,3999,441,2.601798561151079,354,350.75714285714287,285.64285714285717,0,0.0
15549,77,3,1677.71,691,103,3.305132743362832,239,559.2366666666667,230.33333333333334,1,0.25
15550,4,4,575.63,295,43,2.803934426229508,297,143.9075,73.75,0,0.0
15551,37,1,436.06,218,29,3.9306896551724138,0,436.06,218.0,0,0.0
15552,217,1,90.12,60,17,1.7841176470588236,0,90.12,60.0,0,0.0
15553,60,1,428.93,449,51,2.378727272727273,0,428.93,449.0,0,0.0
15554,278,1,217.2,74,14,4.810714285714285,0,217.2,74.0,0,0.0
15555,12,16,4791.87,4397,400,1.7103841807909606,357,299.491875,274.8125,4,0.2
15556,24,1,279.77,236,31,1.7899999999999998,0,279.77,236.0,0,0.0
15557,29,1,468.91,213,16,3.7052631578947373,0,468.91,213.0,0,0.0
15561,12,4,800.59,267,27,4.274814814814815,203,200.1475,66.75,1,0.2
15562,352,1,134.55,39,1,3.45,0,134.55,39.0,0,0.0
15563,22,3,1361.44,1441,87,1.9055855855855854,336,453.81333333333333,480.3333333333333,2,0.4
15565,50,2,173.16,60,8,4.56625,20,86.58,30.0,0,0.0
15567,19,1,186.01,223,7,3.2357142857142853,0,186.01,223.0,0,0.0
15568,3,3,758.29,461,27,2.5564150943396227,70,252.76333333333332,153.66666666666666,0,0.0
15569,104,5,1375.71,666,27,2.165161290322581,228,275.142,133.2,0,0.0
15570,7,12,4148.82,2063,231,3.69141065830721,362,345.73499999999996,171.91666666666666,1,0.07692307692307693
15571,12,4,650.4300000000001,264,47,2.701578947368421,66,162.60750000000002,66.0,0,0.0
15572,5,7,2533.42,1213,166,3.6592452830188678,273,361.9171428571429,173.28571428571428,0,0.0
15573,32,2,583.24,354,87,2.8503125,53,291.62,177.0,0,0.0
15574,178,4,675.64,332,131,2.634144736842105,194,168.91,83.0,0,0.0
15576,38,1,921.37,394,43,3.65,0,921.37,394.0,0,0.0
15577,151,3,258.88,89,39,3.0605128205128205,154,86.29333333333334,29.666666666666668,0,0.0
15578,162,1,127.1,52,13,2.3884615384615384,0,127.1,52.0,0,0.0
15579,69,2,327.6,117,45,3.862083333333333,245,163.8,58.5,0,0.0
15581,156,10,717.4300000000001,280,133,2.780839160839161,209,71.74300000000001,28.0,0,0.0
15582,25,3,682.9100000000001,453,39,2.3970454545454545,195,227.63666666666668,151.0,0,0.0
15584,24,4,720.86,313,89,3.090081967213115,138,180.215,78.25,1,0.2
15585,177,1,455.3,320,31,2.2641935483870967,0,455.3,320.0,0,0.0
15587,50,4,913.6800000000001,312,3,2.9166666666666665,301,228.42000000000002,78.0,0,0.0
15589,256,3,478.53000000000003,243,28,3.6893103448275864,54,159.51000000000002,81.0,1,0.25
15592,47,1,388.58,354,24,1.5645833333333334,0,388.58,354.0,0,0.0
15593,71,1,199.8,60,5,3.3299999999999996,0,199.8,60.0,0,0.0
15594,16,5,1771.78,983,85,3.1589320388349513,218,354.356,196.6,1,0.16666666666666666
15596,101,5,1406.59,561,51,4.183246753246753,264,281.318,112.2,4,0.4444444444444444
15597,35,1,324.57,279,22,1.6090909090909091,0,324.57,279.0,1,0.5
15598,53,1,240.68,160,14,2.5564285714285715,0,240.68,160.0,2,0.6666666666666666
15599,27,2,761.74,718,50,1.8890384615384617,177,380.87,359.0,0,0.0
15601,11,14,6776.56,4983,230,2.6858536585365855,361,484.04,355.92857142857144,3,0.17647058823529413
15602,8,9,1297.8700000000001,1137,30,2.409782608695652,359,144.20777777777778,126.33333333333333,5,0.35714285714285715
15603,79,1,48.480000000000004,96,2,0.505,0,48.480000000000004,96.0,0,0.0
15604,52,1,216.39,159,17,1.543529411764706,0,216.39,159.0,0,0.0
15605,36,5,1198.23,441,61,4.588358208955224,337,239.64600000000002,88.2,0,0.0
15606,61,9,2920.16,892,48,3.7179220779220774,263,324.4622222222222,99.11111111111111,2,0.18181818181818182
15607,337,1,104.76,202,13,1.1753846153846153,0,104.76,202.0,0,0.0
15608,28,4,1093.68,714,59,3.255666666666667,92,273.42,178.5,0,0.0
15609,184,1,298.48,148,16,4.44625,0,298.48,148.0,1,0.5
15610,52,1,112.46000000000001,66,6,1.8733333333333333,0,112.46000000000001,66.0,0,0.0
15611,10,11,1570.45,502,22,5.547317073170731,325,142.76818181818183,45.63636363636363,2,0.15384615384615385
15612,36,2,195.15,52,4,6.141666666666667,25,97.575,26.0,0,0.0
15615,10,23,10399.74,5508,184,2.562931442080378,348,452.1626086956522,239.47826086956522,4,0.14814814814814814
15618,33,4,776.851,454,39,2.550911111111111,103,194.21275,113.5,1,0.2
15619,11,1,336.40000000000003,136,3,4.416666666666667,0,336.40000000000003,136.0,0,0.0
15620,57,3,1553.18,915,92,3.7297000000000002,301,517.7266666666667,305.0,3,0.5
15621,4,4,1293.03,501,11,2.06625,17,323.2575,125.25,2,0.3333333333333333
15622,43,9,3709.56,1674,169,4.08372972972973,239,412.17333333333335,186.0,7,0.4375
15623,141,1,301.03,125,19,4.2905263157894735,0,301.03,125.0,0,0.0
15624,117,4,588.13,357,26,3.6561764705882354,139,147.0325,89.25,0,0.0
15625,104,4,1534.26,1188,44,1.62359375,131,383.565,297.0,4,0.5
15626,75,2,675.8,766,49,1.646938775510204,254,337.9,383.0,0,0.0
15628,5,9,2870.2400000000002,1894,85,2.3046451612903227,362,318.91555555555556,210.44444444444446,1,0.1
15630,45,2,1186.35,800,57,2.8271666666666664,159,593.175,400.0,1,0.3333333333333333
15632,16,8,3285.31,2109,107,2.695928143712575,259,410.66375,263.625,2,0.2
15634,17,1,243.55,99,15,3.7266666666666666,0,243.55,99.0,0,0.0
15636,90,2,724.76,284,20,3.1712000000000002,192,362.38,142.0,0,0.0
15637,53,1,223.36,128,15,3.026666666666667,0,223.36,128.0,0,0.0
15639,134,1,425.32,323,25,4.3084,0,425.32,323.0,0,0.0
15640,4,15,12416.11,6572,240,2.715966386554622,367,827.7406666666667,438.1333333333333,2,0.11764705882352941
15641,105,4,1887.2,1562,102,1.9095798319327733,253,471.8,390.5,0,0.0
15643,192,3,664.0,246,31,5.933030303030303,90,221.33333333333334,82.0,3,0.5
15644,166,4,803.54,550,166,1.794353448275862,94,200.885,137.5,0,0.0
15645,19,1,611.59,255,49,3.0023529411764707,0,611.59,255.0,0,0.0
15646,158,3,447.64000000000004,394,35,2.914285714285714,214,149.21333333333334,131.33333333333334,1,0.25
15648,204,2,639.5,218,23,4.522916666666666,62,319.75,109.0,2,0.5
15649,336,2,816.0,192,1,4.25,31,408.0,96.0,0,0.0
15651,37,3,646.3,479,27,2.1584375,223,215.4333333333333,159.66666666666666,0,0.0
15652,91,1,337.74,208,21,3.8533333333333335,0,337.74,208.0,0,0.0
15653,93,2,877.4399999999999,1200,4,0.9066666666666666,23,438.71999999999997,600.0,0,0.0
15654,9,2,922.53,475,15,3.070952380952381,16,461.265,237.5,0,0.0
15655,243,1,560.67,324,34,3.0920588235294115,0,560.67,324.0,1,0.5
15656,45,4,748.5,343,46,4.41127659574468,238,187.125,85.75,0,0.0
15657,23,1,30.0,24,1,1.25,0,30.0,24.0,0,0.0
15658,190,5,1024.1000000000001,242,40,6.244791666666667,182,204.82000000000002,48.4,3,0.375
15659,44,1,306.45,111,11,5.459090909090909,0,306.45,111.0,0,0.0
15660,25,9,1600.86,1050,55,2.3347777777777776,340,177.87333333333333,116.66666666666667,3,0.25
15661,317,2,309.8,236,4,0.9099999999999999,21,154.9,118.0,0,0.0
15663,106,1,138.14,106,9,2.51,0,138.14,106.0,0,0.0
15664,51,1,386.43,157,17,4.165294117647059,0,386.43,157.0,1,0.5
15665,168,2,2222.21,1654,92,2.268521739130435,74,1111.105,827.0,0,0.0
15667,40,1,301.32,240,13,1.5553846153846154,0,301.32,240.0,0,0.0
15668,218,1,76.32000000000001,72,1,1.06,0,76.32000000000001,72.0,0,0.0
15669,40,4,684.34,342,31,3.212121212121212,223,171.085,85.5,1,0.2
15670,297,1,173.05,91,12,3.15,0,173.05,91.0,0,0.0
15671,19,7,2657.13,1699,52,2.4162820512820513,252,379.59000000000003,242.71428571428572,3,0.3
15673,88,4,2726.23,1451,107,2.7828985507246378,238,681.5575,362.75,0,0.0
15674,73,4,2111.89,1274,87,2.8691150442477875,181,527.9725,318.5,2,0.3333333333333333
15675,81,3,323.69,527,20,2.8790476190476193,198,107.89666666666666,175.66666666666666,0,0.0
15676,19,3,3435.76,2252,191,3.1958415841584156,265,1145.2533333333333,750.6666666666666,2,0.4
15677,49,1,657.23,319,33,3.582121212121212,0,657.23,319.0,0,0.0
15678,53,1,352.7,184,12,2.04,0,352.7,184.0,0,0.0
15679,24,4,781.28,1170,98,1.1043636363636364,158,195.32,292.5,0,0.0
15680,9,3,1333.68,952,61,2.42,356,444.56,317.3333333333333,0,0.0
15681,25,5,1426.16,816,32,1.9690566037735848,255,285.232,163.2,1,0.16666666666666666
15683,117,1,193.75,131,10,2.163,0,193.75,131.0,0,0.0
15687,9,9,2993.1,1310,119,4.248253012048193,321,332.56666666666666,145.55555555555554,2,0.18181818181818182
15689,120,2,254.1,84,8,3.5,241,127.05,42.0,0,0.0
15690,4,2,239.76,408,19,0.6831578947368421,96,119.88,204.0,0,0.0
15691,252,1,136.8,72,2,1.9,0,136.8,72.0,0,0.0
15692,28,1,191.04,138,12,1.9041666666666668,0,191.04,138.0,0,0.0
15694,1,13,6464.4,1676,41,4.577142857142857,372,497.2615384615384,128.92307692307693,1,0.07142857142857142
15695,267,2,409.98,212,22,2.887272727272727,0,204.99,106.0,0,0.0
15696,33,8,2711.11,1015,140,4.277857142857143,293,338.88875,126.875,4,0.3333333333333333
15699,18,1,309.65,113,18,6.181111111111111,0,309.65,113.0,0,0.0
15700,172,2,696.68,357,85,2.933488372093023,1,348.34,178.5,1,0.3333333333333333
15701,2,4,1529.0,912,193,2.9761739130434783,108,382.25,228.0,0,0.0
15703,265,1,211.5,66,5,2.93,0,211.5,66.0,0,0.0
15704,140,4,2293.62,1028,79,3.227008547008547,75,573.405,257.0,0,0.0
15705,201,1,143.1,62,6,6.05,0,143.1,62.0,0,0.0
15706,64,4,1060.56,321,50,5.126181818181818,52,265.14,80.25,3,0.42857142857142855
15707,35,4,916.98,594,126,2.2645853658536588,51,229.245,148.5,0,0.0
15708,41,7,3235.25,1217,124,3.997655677655678,328,462.17857142857144,173.85714285714286,4,0.36363636363636365
15709,284,1,133.25,121,6,2.415,0,133.25,121.0,0,0.0
15712,9,5,1072.3600000000001,486,41,3.666792452830189,278,214.47200000000004,97.2,0,0.0
15713,143,2,356.7,150,18,5.338421052631579,222,178.35,75.0,1,0.3333333333333333
15714,12,2,330.03000000000003,186,34,3.126470588235294,66,165.01500000000001,93.0,0,0.0
15716,146,4,1101.1100000000001,738,101,2.2830769230769232,223,275.27750000000003,184.5,0,0.0
15717,234,1,150.3,70,7,2.4714285714285715,0,150.3,70.0,0,0.0
15719,33,13,5028.42,2717,298,2.1995483870967742,304,386.8015384615385,209.0,1,0.07142857142857142
15720,24,1,598.73,281,128,2.46609375,0,598.73,281.0,0,0.0
15721,12,1,471.40000000000003,388,80,2.075833333333333,0,471.40000000000003,388.0,0,0.0
15722,36,5,2211.21,1023,45,3.0429850746268654,254,442.242,204.6,1,0.16666666666666666
15723,365,1,190.7,73,37,2.651315789473684,0,190.7,73.0,0,0.0
15724,201,2,218.25,73,11,3.4136363636363636,83,109.125,36.5,1,0.3333333333333333
15725,15,1,415.25,221,32,2.65125,0,415.25,221.0,0,0.0
15727,17,7,5159.06,3063,213,3.225880398671096,342,737.0085714285715,437.57142857142856,0,0.0
15729,213,1,85.0,28,5,3.75,0,85.0,28.0,1,0.5
15730,66,3,1120.88,689,68,2.9675714285714285,140,373.6266666666667,229.66666666666666,1,0.25
15732,212,2,294.12,215,13,1.8907142857142856,159,147.06,107.5,0,0.0
15733,283,1,162.3,62,10,4.35,0,162.3,62.0,0,0.0
15734,115,2,1339.45,346,25,4.843846153846154,85,669.725,173.0,0,0.0
15737,15,8,1188.1200000000001,597,60,3.8457746478873243,228,148.51500000000001,74.625,4,0.3333333333333333
15738,19,16,4812.42,2982,46,2.12121387283237,353,300.77625,186.375,3,0.15789473684210525
15739,66,1,449.12,472,8,2.52375,0,449.12,472.0,0,0.0
15740,49,1,154.88,152,9,2.4722222222222223,0,154.88,152.0,0,0.0
15743,16,4,775.96,214,59,4.6939534883720935,168,193.99,53.5,0,0.0
15744,78,1,34.8,120,3,0.29,0,34.8,120.0,0,0.0
15745,19,4,1094.59,421,57,4.3022580645161295,217,273.6475,105.25,2,0.3333333333333333
15746,134,1,196.88,178,28,1.4835714285714285,0,196.88,178.0,1,0.5
15747,13,3,946.64,466,52,2.481777777777778,160,315.5466666666667,155.33333333333334,0,0.0
15748,40,1,144.36,50,19,3.6755000000000004,0,144.36,50.0,0,0.0
15749,235,3,44534.3,18028,5,3.0439999999999996,97,14844.766666666668,6009.333333333333,1,0.25
15750,3,8,2463.05,1783,214,2.444020618556701,364,307.88125,222.875,1,0.1111111111111111
15752,40,7,2626.6,1960,236,1.7629876543209877,333,375.2285714285714,280.0,1,0.125
15753,305,1,79.2,144,1,0.55,0,79.2,144.0,0,0.0
15754,51,3,458.57,199,24,2.7239285714285715,195,152.85666666666665,66.33333333333333,1,0.25
15755,10,6,2364.25,1427,127,3.1785106382978725,284,394.0416666666667,237.83333333333334,2,0.25
15756,61,4,528.01,241,160,2.4642931937172774,187,132.0025,60.25,0,0.0
15757,66,2,714.42,491,43,2.7295555555555557,152,357.21,245.5,0,0.0
15758,25,1,205.25,47,9,4.427777777777778,0,205.25,47.0,0,0.0
15759,218,3,253.04,60,5,5.174285714285714,139,84.34666666666666,20.0,0,0.0
15762,65,2,583.75,251,37,4.0018918918918915,12,291.875,125.5,0,0.0
15763,32,2,1086.92,271,58,6.6593442622950825,45,543.46,135.5,1,0.3333333333333333
15764,88,6,3279.97,2050,150,2.836666666666667,188,546.6616666666666,341.6666666666667,4,0.4
15766,64,1,315.06,170,11,3.208181818181818,0,315.06,170.0,0,0.0
15768,116,3,621.8299999999999,244,23,7.899259259259259,110,207.27666666666664,81.33333333333333,0,0.0
15769,7,26,56252.72,29672,26,2.050769230769231,363,2163.566153846154,1141.2307692307693,3,0.10344827586206896
15773,6,1,635.6800000000001,311,10,1.334,0,635.6800000000001,311.0,0,0.0
15774,69,1,270.8,87,25,4.802,0,270.8,87.0,0,0.0
15775,245,1,104.9,68,7,2.4714285714285715,0,104.9,68.0,0,0.0
15776,133,1,241.62,138,18,4.183888888888889,0,241.62,138.0,0,0.0
15777,241,4,1047.11,378,18,3.823333333333333,120,261.7775,94.5,1,0.2
15780,184,3,475.28000000000003,220,26,4.157586206896552,174,158.42666666666668,73.33333333333333,0,0.0
15781,25,3,345.46,180,20,3.9675,280,115.15333333333332,60.0,1,0.25
15782,10,3,2614.7400000000002,864,34,6.1141860465116284,79,871.58,288.0,1,0.25
15783,11,1,246.3,212,14,3.4364285714285714,0,246.3,212.0,0,0.0
15785,33,5,2328.9700000000003,1612,58,3.2433734939759034,262,465.79400000000004,322.4,3,0.375
15786,46,3,4919.0,3340,257,2.7405263157894737,68,1639.6666666666667,1113.3333333333333,2,0.4
15787,26,3,933.26,534,156,2.1557,35,311.08666666666664,178.0,0,0.0
15789,358,1,351.3,438,25,0.9984000000000001,0,351.3,438.0,0,0.0
15790,10,1,218.75,113,34,3.463235294117647,0,218.75,113.0,0,0.0
15791,44,2,1612.69,731,66,3.256266666666667,160,806.345,365.5,1,0.3333333333333333
15793,15,3,965.61,553,6,3.0975,253,321.87,184.33333333333334,1,0.25
15795,150,1,610.01,581,42,3.058095238095238,0,610.01,581.0,0,0.0
15796,1,8,2707.61,859,69,3.931679389312977,301,338.45125,107.375,1,0.1111111111111111
15797,113,3,2192.4,872,7,2.692857142857143,191,730.8000000000001,290.6666666666667,0,0.0
15799,76,3,884.14,955,94,2.267448979591837,258,294.7133333333333,318.3333333333333,0,0.0
15800,107,2,696.89,332,116,2.7484615384615383,139,348.445,166.0,0,0.0
15801,46,3,1063.95,570,61,2.96421875,63,354.65000000000003,190.0,1,0.25
15803,51,1,415.82000000000005,290,8,1.74875,0,415.82000000000005,290.0,0,0.0
15804,1,13,4206.39,2565,170,3.7104961832061067,198,323.5684615384616,197.30769230769232,6,0.3157894736842105
15805,23,17,5488.18,3367,220,2.747257525083612,341,322.83411764705886,198.05882352941177,3,0.15
15806,46,3,784.58,602,24,2.004193548387097,230,261.5266666666667,200.66666666666666,0,0.0
15807,50,3,903.9,430,48,2.5812500000000003,26,301.3,143.33333333333334,0,0.0
15808,306,4,3651.27,1305,142,3.6561538461538463,63,912.8175,326.25,1,0.2
15809,36,5,515.77,301,31,4.123142857142857,266,103.154,60.2,1,0.16666666666666666
15810,79,4,1391.98,861,66,2.6612359550561795,218,347.995,215.25,3,0.42857142857142855
15811,22,6,2218.62,1071,117,3.487669172932331,343,369.77,178.5,3,0.3333333333333333
15812,107,5,1801.14,922,36,5.051707317073171,210,360.228,184.4,0,0.0
15813,208,2,1303.9099999999999,603,40,3.775,31,651.9549999999999,301.5,0,0.0
15814,17,4,1945.33,1271,63,3.284861111111111,33,486.3325,317.75,2,0.3333333333333333
15815,64,5,2100.6,1856,33,2.160408163265306,196,420.12,371.2,0,0.0
15819,49,4,1905.45,1357,96,2.0016260162601625,227,476.3625,339.25,0,0.0
15820,320,1,206.98,128,17,2.2494117647058824,0,206.98,128.0,0,0.0
15821,44,2,570.96,202,57,3.696451612903226,17,285.48,101.0,0,0.0
15822,3,2,885.47,375,28,3.369393939393939,356,442.735,187.5,0,0.0
15825,172,1,532.94,220,20,8.8395,0,532.94,220.0,0,0.0
15826,56,3,1654.31,963,64,3.2094117647058824,154,551.4366666666666,321.0,1,0.25
15827,73,14,1836.0900000000001,882,72,4.353130434782609,299,131.14928571428572,63.0,6,0.3
15829,99,2,636.14,996,44,1.0527450980392157,41,318.07,498.0,0,0.0
15830,38,1,576.0,415,39,2.913846153846154,0,576.0,415.0,1,0.5
15831,58,3,794.64,1092,63,2.6837878787878786,265,264.88,364.0,1,0.25
15832,254,1,836.79,465,54,2.310185185185185,0,836.79,465.0,0,0.0
15834,70,4,2222.65,959,241,4.10865671641791,206,555.6625,239.75,2,0.3333333333333333
15835,44,4,954.09,439,47,3.073,286,238.5225,109.75,0,0.0
15836,50,1,137.37,26,10,9.244,0,137.37,26.0,1,0.5
15837,65,1,391.98,189,24,4.09125,0,391.98,189.0,0,0.0
15838,11,19,33643.08,18368,54,1.9419760479041916,356,1770.6884210526316,966.7368421052631,1,0.05
15839,33,3,1048.49,675,56,2.1283870967741936,114,349.49666666666667,225.0,2,0.4
15840,59,2,355.56,396,26,1.961111111111111,113,177.78,198.0,1,0.3333333333333333
15841,73,4,1224.06,942,36,1.416808510638298,266,306.015,235.5,2,0.3333333333333333
15843,304,1,118.95000000000002,27,8,7.14375,0,118.95000000000002,27.0,0,0.0
15844,46,1,130.73999999999998,134,11,1.7936363636363637,0,130.73999999999998,134.0,0,0.0
15845,18,8,3711.77,1926,97,2.730144927536232,319,463.97125,240.75,2,0.2
15847,38,2,389.27,449,22,3.35,249,194.635,224.5,0,0.0
15850,19,2,234.88,298,87,1.5883870967741935,148,117.44,149.0,0,0.0
15852,187,2,160.71,48,22,3.355,10,80.355,24.0,0,0.0
15853,52,1,110.8,135,29,1.4693333333333334,0,110.8,135.0,0,0.0
15854,4,12,2969.12,926,105,2.9696376811594205,357,247.42666666666665,77.16666666666667,0,0.0
15855,137,5,712.24,470,59,1.886,126,142.448,94.0,0,0.0
15856,4,27,16142.380000000001,10863,294,1.771658692185008,361,597.8659259259259,402.3333333333333,4,0.12903225806451613
15857,19,1,297.0,308,14,0.9428571428571428,0,297.0,308.0,0,0.0
15858,16,5,1427.57,1163,145,2.3040425531914894,351,285.514,232.6,0,0.0
15860,41,8,965.16,437,105,3.42705035971223,327,120.645,54.625,0,0.0
15861,12,8,3146.92,2528,339,1.8722037037037038,254,393.365,316.0,1,0.1111111111111111
15862,8,4,832.88,585,142,2.7378911564625854,365,208.22,146.25,0,0.0
15863,26,2,68.84,19,18,3.708888888888889,167,34.42,9.5,0,0.0
15864,22,6,1936.3200000000002,1192,16,2.7265,293,322.72,198.66666666666666,2,0.25
15865,41,3,895.13,368,37,5.611,173,298.37666666666667,122.66666666666667,0,0.0
15866,101,1,211.89,124,43,3.6188372093023258,0,211.89,124.0,0,0.0
15867,5,15,3803.6,2039,301,3.4358643326039386,363,253.57333333333332,135.93333333333334,1,0.0625
15869,277,2,149.64,175,13,2.1420000000000003,0,74.82,87.5,0,0.0
15870,33,1,351.44,333,68,1.8147297297297296,0,351.44,333.0,0,0.0
15872,15,2,316.25,187,101,2.0899074074074075,0,158.125,93.5,0,0.0
15874,64,7,4405.88,2534,110,5.8974166666666665,220,629.4114285714286,362.0,2,0.2222222222222222
15877,2,2,490.33,368,122,1.892936507936508,16,245.165,184.0,1,0.3333333333333333
15880,369,1,329.03000000000003,202,95,2.2252083333333332,0,329.03000000000003,202.0,1,0.5
15881,312,5,501.39000000000004,260,26,3.3168965517241378,52,100.278,52.0,3,0.375
15882,199,4,514.08,264,22,1.9859090909090908,169,128.52,66.0,1,0.2
15883,2,2,396.48,223,42,2.9546938775510205,31,198.24,111.5,0,0.0
15885,93,1,349.35,109,16,4.521875,0,349.35,109.0,0,0.0
15886,60,1,181.09,147,12,2.9975,0,181.09,147.0,0,0.0
15888,81,1,162.64,67,10,2.853,0,162.64,67.0,1,0.5
15889,157,2,400.77,200,78,2.8243373493975903,212,200.385,100.0,0,0.0
15891,227,1,509.13,417,59,2.7252542372881354,0,509.13,417.0,0,0.0
15894,253,2,257.6,163,34,2.1261111111111113,115,128.8,81.5,0,0.0
15895,150,1,179.17,94,11,1.9845454545454544,0,179.17,94.0,0,0.0
15897,194,2,208.59,223,17,2.1386363636363637,0,104.295,111.5,0,0.0
15898,1,5,1383.83,567,70,3.3666666666666667,367,276.76599999999996,113.4,1,0.16666666666666666
15899,369,1,56.25,39,4,4.125,0,56.25,39.0,0,0.0
15900,24,1,337.28,216,44,1.963191489361702,0,337.28,216.0,0,0.0
15901,17,3,349.75,372,101,2.108440366972477,138,116.58333333333333,124.0,0,0.0
15903,10,7,5126.76,2410,46,2.245135135135135,285,732.3942857142857,344.2857142857143,1,0.125
15904,8,1,164.68,84,30,2.953333333333333,0,164.68,84.0,0,0.0
15906,20,7,1567.69,544,113,3.3830666666666667,235,223.9557142857143,77.71428571428571,1,0.125
15907,4,3,881.87,477,174,2.5580444444444446,206,293.95666666666665,159.0,0,0.0
15909,174,1,191.94,98,7,1.8599999999999999,0,191.94,98.0,0,0.0
15910,1,8,1228.88,1013,215,1.8133458646616543,315,153.61,126.625,0,0.0
15912,178,2,264.62,185,19,2.0957894736842104,54,132.31,92.5,0,0.0
15916,16,8,1502.8600000000001,752,124,3.6590066225165563,350,187.85750000000002,94.0,2,0.2
15917,248,1,123.1,42,12,5.1499999999999995,0,123.1,42.0,0,0.0
15918,191,2,334.23,153,33,2.5142499999999997,80,167.115,76.5,0,0.0
15919,20,2,525.69,385,103,2.5459016393442626,349,262.845,192.5,0,0.0
15920,154,3,163.55,94,52,2.206551724137931,0,54.51666666666667,31.333333333333332,0,0.0
15921,173,1,323.03000000000003,162,24,3.8095833333333338,0,323.03000000000003,162.0,0,0.0
15922,373,1,369.5,138,11,4.409090909090909,0,369.5,138.0,1,0.5
15923,373,1,127.08,122,21,2.814761904761905,0,127.08,122.0,0,0.0
15925,194,1,207.15,93,12,2.8958333333333335,0,207.15,93.0,0,0.0
15930,67,1,426.63,139,21,4.022857142857143,0,426.63,139.0,0,0.0
15932,4,8,2495.87,2325,93,1.4927826086956522,285,311.98375,290.625,3,0.2727272727272727
15933,21,3,1107.46,885,63,2.1356756756756754,65,369.15333333333336,295.0,0,0.0
15935,239,1,108.03999999999999,114,11,1.7018181818181817,0,108.03999999999999,114.0,0,0.0
15937,64,1,145.35,73,7,2.3714285714285714,0,145.35,73.0,0,0.0
15938,112,5,404.58,240,13,2.320555555555556,211,80.916,48.0,0,0.0
15939,90,14,6100.01,4727,27,1.6183999999999998,241,435.71500000000003,337.64285714285717,1,0.06666666666666667
15940,311,1,35.8,4,1,8.95,0,35.8,4.0,0,0.0
15942,134,1,337.44,232,14,2.657857142857143,0,337.44,232.0,0,0.0
15944,277,1,325.1,50,6,5.083333333333333,0,325.1,50.0,0,0.0
15945,365,1,181.0,52,2,2.75,0,181.0,52.0,0,0.0
15947,83,1,1708.24,898,29,4.022068965517241,0,1708.24,898.0,0,0.0
15948,8,2,955.24,567,51,2.5215,35,477.62,283.5,0,0.0
15949,17,2,364.72,284,12,1.8247368421052632,54,182.36,142.0,0,0.0
15950,32,4,1744.71,719,86,3.347938144329897,327,436.1775,179.75,1,0.2
15951,9,2,708.22,313,36,3.700731707317073,276,354.11,156.5,1,0.3333333333333333
15952,34,4,781.91,391,65,3.2797619047619047,191,195.4775,97.75,0,0.0
15953,15,8,1657.28,891,63,2.7261855670103095,354,207.16,111.375,2,0.2
15955,24,14,4416.26,2135,137,2.833169398907104,348,315.44714285714286,152.5,2,0.125
15957,32,1,428.89,211,40,2.787857142857143,0,428.89,211.0,0,0.0
15958,74,1,104.35,33,7,3.9842857142857144,0,104.35,33.0,0,0.0
15963,20,2,470.76,298,26,2.41,25,235.38,149.0,0,0.0
15965,17,4,808.87,434,88,2.3086486486486484,350,202.2175,108.5,0,0.0
15967,23,2,397.68,205,73,2.799125,295,198.84,102.5,0,0.0
15969,3,3,666.1,124,20,7.0825000000000005,182,222.03333333333333,41.333333333333336,1,0.25
15970,304,1,314.1,116,11,2.6,0,314.1,116.0,0,0.0
15971,18,12,4194.9,1716,9,2.248235294117647,293,349.575,143.0,0,0.0
15973,367,1,307.82000000000005,106,4,4.4275,0,307.82000000000005,106.0,2,0.6666666666666666
15974,39,7,3442.15,2262,141,2.819545454545455,249,491.7357142857143,323.14285714285717,1,0.125
15975,84,1,371.01,243,24,2.1433333333333335,0,371.01,243.0,0,0.0
15976,165,2,427.64,275,83,2.4234375,54,213.82,137.5,0,0.0
15977,17,2,1054.73,1016,48,2.9993846153846153,21,527.365,508.0,0,0.0
15978,77,1,1098.78,888,49,1.9628571428571426,0,1098.78,888.0,0,0.0
15980,89,3,2398.86,1560,40,2.072558139534884,165,799.62,520.0,0,0.0
15981,25,8,3408.48,1866,53,2.2077319587628867,286,426.06,233.25,0,0.0
15983,22,4,1465.12,886,82,2.1049107142857144,351,366.28,221.5,0,0.0
15984,3,10,2780.63,1815,217,2.745813953488372,365,278.063,181.5,1,0.09090909090909091
15985,123,2,1142.42,1086,29,1.8202702702702702,113,571.21,543.0,1,0.3333333333333333
15986,30,1,168.12,268,14,0.897142857142857,0,168.12,268.0,0,0.0
15987,12,7,1432.77,1533,110,2.245546875,356,204.68142857142857,219.0,0,0.0
15988,19,1,156.78,180,26,3.536538461538462,0,156.78,180.0,0,0.0
15990,44,2,792.11,443,52,3.0548076923076923,243,396.055,221.5,0,0.0
15992,4,1,41.989999999999995,17,3,6.109999999999999,0,41.989999999999995,17.0,0,0.0
15993,9,7,2768.97,2031,334,2.2432287822878227,35,395.5671428571428,290.14285714285717,3,0.3
15994,55,1,414.27,173,31,3.4353125,0,414.27,173.0,0,0.0
15996,88,6,1032.58,380,103,3.919763779527559,277,172.09666666666666,63.333333333333336,1,0.14285714285714285
15998,37,5,3080.22,2032,370,2.5555357142857145,325,616.044,406.4,1,0.16666666666666666
16000,3,3,12393.7,5110,9,3.3455555555555554,0,4131.233333333334,1703.3333333333333,0,0.0
16003,30,5,2735.37,1185,82,5.018446601941747,329,547.074,237.0,0,0.0
16005,12,4,578.71,280,173,2.396169154228856,258,144.6775,70.0,0,0.0
16006,211,1,101.4,84,8,1.5775000000000001,0,101.4,84.0,0,0.0
16007,48,4,1693.81,1388,221,1.7911286089238845,167,423.4525,347.0,0,0.0
16008,24,3,478.78,323,29,2.111515151515152,180,159.59333333333333,107.66666666666667,0,0.0
16009,22,4,972.11,366,68,3.4603658536585367,137,243.0275,91.5,0,0.0
16010,246,3,392.4,202,62,2.2455696202531645,116,130.79999999999998,67.33333333333333,0,0.0
16011,8,16,3352.96,2035,99,2.1197619047619045,357,209.56,127.1875,0,0.0
16012,35,3,1415.29,799,87,2.5875531914893615,119,471.7633333333333,266.3333333333333,0,0.0
16013,4,47,37130.6,15536,30,2.803669064748201,367,790.0127659574467,330.5531914893617,5,0.09615384615384616
16014,38,3,646.83,258,123,2.8318840579710147,253,215.61,86.0,1,0.25
16015,4,3,704.26,906,145,1.2561666666666667,45,234.75333333333333,302.0,1,0.25
16016,3,8,1465.51,602,156,3.0029464285714282,363,183.18875,75.25,2,0.2
16017,47,1,211.88,102,26,2.675625,0,211.88,102.0,0,0.0
16018,39,2,408.90000000000003,190,26,3.3039285714285715,141,204.45000000000002,95.0,0,0.0
16019,47,9,3786.2400000000002,1733,133,3.3305,317,420.6933333333334,192.55555555555554,1,0.1
16020,17,3,851.01,487,42,2.4445652173913044,48,283.67,162.33333333333334,0,0.0
16022,260,1,602.63,255,68,3.2222535211267607,0,602.63,255.0,0,0.0
16023,46,3,719.81,358,90,3.1293069306930694,220,239.93666666666664,119.33333333333333,0,0.0
16024,12,1,245.75,377,60,1.156393442622951,0,245.75,377.0,0,0.0
16025,30,1,439.65999999999997,338,28,1.9764285714285712,0,439.65999999999997,338.0,0,0.0
16026,43,1,236.09,243,30,1.285625,0,236.09,243.0,0,0.0
16027,92,6,934.62,1147,11,13.510000000000002,210,155.77,191.16666666666666,0,0.0
16029,39,62,72708.09,40107,43,2.4079166666666665,335,1172.711129032258,646.8870967741935,4,0.06060606060606061
16030,310,1,331.24,283,28,2.3137931034482757,0,331.24,283.0,0,0.0
16031,92,2,547.9,421,91,2.8360204081632654,154,273.95,210.5,0,0.0
16033,6,20,8778.82,3529,538,3.340168439716312,364,438.941,176.45,7,0.25925925925925924
16034,196,3,437.7,242,18,2.5545454545454547,136,145.9,80.66666666666667,0,0.0
16036,87,2,758.92,716,55,2.1336363636363638,176,379.46,358.0,0,0.0
16037,270,3,855.02,428,37,3.1225641025641027,88,285.00666666666666,142.66666666666666,0,0.0
16038,8,3,471.78000000000003,244,24,3.19,194,157.26000000000002,81.33333333333333,1,0.25
16040,65,3,1313.55,684,57,3.9113846153846157,203,437.84999999999997,228.0,0,0.0
16041,31,3,3166.4,1584,6,5.39,110,1055.4666666666667,528.0,0,0.0
16042,22,5,1177.47,743,68,2.9917142857142855,310,235.494,148.6,2,0.2857142857142857
16043,38,4,773.99,503,30,4.506923076923077,280,193.4975,125.75,0,0.0
16045,120,4,1340.7,897,71,2.8589156626506025,170,335.175,224.25,0,0.0
16048,373,2,256.44,144,8,1.62125,0,128.22,72.0,1,0.3333333333333333
16049,40,3,1074.81,763,248,2.0523076923076924,34,358.27,254.33333333333334,0,0.0
16050,174,1,137.9,278,10,2.585,0,137.9,278.0,0,0.0
16052,54,1,362.06,282,34,2.4885294117647057,0,362.06,282.0,0,0.0
16053,33,2,1511.95,1793,81,2.883809523809524,89,755.975,896.5,0,0.0
16054,145,1,783.9,380,70,3.998142857142857,0,783.9,380.0,0,0.0
16055,221,1,134.8,22,8,8.9875,0,134.8,22.0,0,0.0
16056,45,1,650.75,345,66,3.666363636363636,0,650.75,345.0,0,0.0
16057,16,7,2263.12,863,109,4.028181818181818,268,323.30285714285714,123.28571428571429,3,0.3
16059,66,6,1453.16,641,126,3.106629213483146,301,242.19333333333336,106.83333333333333,0,0.0
16062,10,4,1153.62,800,50,2.7225,355,288.405,200.0,0,0.0
16063,260,1,335.32,262,23,2.242608695652174,0,335.32,262.0,0,0.0
16065,365,1,367.14,228,71,1.8763013698630138,0,367.14,228.0,0,0.0
16066,17,5,1521.04,935,77,3.122871287128713,107,304.20799999999997,187.0,0,0.0
16070,22,2,852.15,457,32,2.1045454545454545,9,426.075,228.5,0,0.0
16071,45,1,326.24,180,21,2.737142857142857,0,326.24,180.0,0,0.0
16072,288,1,584.3199999999999,140,23,8.399565217391304,0,584.3199999999999,140.0,0,0.0
16073,297,1,122.39999999999999,48,1,2.55,0,122.39999999999999,48.0,1,0.5
16076,3,10,2234.73,1435,71,2.541007751937985,205,223.473,143.5,1,0.09090909090909091
16078,284,1,79.2,16,1,4.95,0,79.2,16.0,0,0.0
16079,17,3,1352.0,864,18,2.9714285714285715,23,450.6666666666667,288.0,0,0.0
16080,82,2,217.16,128,10,1.7919999999999998,192,108.58,64.0,1,0.3333333333333333
16081,56,5,2799.42,1473,175,2.814260089686099,310,559.884,294.6,0,0.0
16083,101,2,1317.62,908,31,1.5748387096774195,259,658.81,454.0,0,0.0
16084,299,1,436.18,216,38,2.6457894736842107,0,436.18,216.0,0,0.0
16085,23,5,981.51,636,123,2.387125748502994,297,196.302,127.2,0,0.0
16086,59,5,1121.39,511,24,3.22025641025641,307,224.27800000000002,102.2,1,0.16666666666666666
16091,155,2,315.06,154,16,2.841666666666667,43,157.53,77.0,0,0.0
16092,115,3,817.86,628,37,2.176862745098039,139,272.62,209.33333333333334,2,0.4
16093,107,1,17.0,20,1,0.85,0,17.0,20.0,0,0.0
16094,12,4,1078.23,647,48,3.607936507936508,207,269.5575,161.75,2,0.3333333333333333
16096,264,1,320.62,155,12,13.269166666666669,0,320.62,155.0,0,0.0
16097,240,1,185.04999999999998,87,10,5.359999999999999,0,185.04999999999998,87.0,0,0.0
16098,88,7,2005.63,613,34,4.424626865671642,286,286.5185714285714,87.57142857142857,0,0.0
16099,50,3,731.9,434,29,1.8684615384615386,175,243.96666666666667,144.66666666666666,0,0.0
16101,71,1,1290.7,757,76,2.4839473684210525,0,1290.7,757.0,2,0.6666666666666666
16102,42,3,1842.14,942,41,2.5987719298245615,86,614.0466666666667,314.0,0,0.0
16103,7,6,1429.64,558,30,4.607291666666667,226,238.27333333333334,93.0,0,0.0
16104,62,1,298.21,122,28,3.3332142857142855,0,298.21,122.0,0,0.0
16105,249,1,336.96,330,13,1.18,0,336.96,330.0,0,0.0
16106,66,1,108.38,74,6,1.5133333333333334,0,108.38,74.0,0,0.0
16107,18,7,3204.1600000000003,1176,16,4.36483870967742,165,457.7371428571429,168.0,0,0.0
16108,85,1,842.5,615,48,1.9610416666666666,0,842.5,615.0,1,0.5
16109,219,2,611.88,612,18,1.5788888888888888,89,305.94,306.0,0,0.0
16110,45,3,1320.95,720,283,2.2987719298245612,266,440.31666666666666,240.0,0,0.0
16112,143,4,195.73999999999998,574,15,0.5575,195,48.934999999999995,143.5,0,0.0
16113,183,1,161.38,176,30,2.6510000000000002,0,161.38,176.0,0,0.0
16114,171,1,135.75000000000003,43,8,3.34375,0,135.75000000000003,43.0,0,0.0
16115,10,8,1660.8799999999999,994,169,2.3796774193548385,282,207.60999999999999,124.25,0,0.0
16116,212,1,612.78,248,34,4.36735294117647,0,612.78,248.0,1,0.5
16117,190,1,232.21,130,30,2.449,0,232.21,130.0,0,0.0
16119,8,2,423.36,240,14,2.131875,64,211.68,120.0,0,0.0
16120,59,4,1309.14,878,26,1.807,0,327.285,219.5,1,0.2
16121,57,2,854.66,576,170,1.9905392156862745,158,427.33,288.0,0,0.0
16122,73,4,684.4200000000001,1128,26,1.583157894736842,293,171.10500000000002,282.0,0,0.0
16123,52,1,307.78,170,16,3.1075,0,307.78,170.0,0,0.0
16124,317,1,249.0,48,11,8.549999999999999,0,249.0,48.0,1,0.5
16125,367,1,289.35,124,13,3.209230769230769,0,289.35,124.0,0,0.0
16126,29,4,6287.77,2125,57,3.6533333333333333,267,1571.9425,531.25,0,0.0
16127,39,1,656.25,323,40,3.10625,0,656.25,323.0,0,0.0
16128,18,5,1880.22,988,76,2.425056179775281,264,376.044,197.6,0,0.0
16131,52,6,3506.54,1802,55,3.2437179487179484,188,584.4233333333333,300.3333333333333,0,0.0
16133,4,33,14589.04,8887,219,3.2128106508875742,314,442.09212121212124,269.3030303030303,13,0.2826086956521739
16134,22,2,618.09,371,34,2.047428571428571,337,309.045,185.5,1,0.3333333333333333
16135,263,1,517.55,209,21,3.4428571428571426,0,517.55,209.0,0,0.0
16136,60,3,709.38,440,35,2.655675675675676,217,236.46,146.66666666666666,0,0.0
16139,19,3,635.41,330,25,2.7732258064516127,187,211.8033333333333,110.0,0,0.0
16140,66,2,725.18,730,32,1.7917142857142858,305,362.59,365.0,1,0.3333333333333333
16141,88,1,620.4,238,30,4.6883333333333335,0,620.4,238.0,0,0.0
16142,250,1,535.34,422,37,2.8767567567567567,0,535.34,422.0,0,0.0
16143,3,6,2424.94,919,75,4.138119658119658,365,404.1566666666667,153.16666666666666,1,0.14285714285714285
16144,247,1,175.2,16,1,10.95,0,175.2,16.0,0,0.0
16145,9,11,3799.4900000000002,3123,134,2.2435267857142858,351,345.40818181818184,283.90909090909093,7,0.3888888888888889
16146,157,3,734.13,427,26,2.0944827586206896,74,244.71,142.33333333333334,0,0.0
16147,134,1,375.0,246,22,3.9104545454545456,0,375.0,246.0,0,0.0
16148,296,1,76.32000000000001,72,1,1.06,0,76.32000000000001,72.0,0,0.0
16149,5,2,280.52,308,18,1.2538888888888888,137,140.26,154.0,0,0.0
16150,43,5,2053.02,1047,91,3.028974358974359,329,410.604,209.4,5,0.5
16152,269,1,1829.04,642,29,5.976206896551724,0,1829.04,642.0,0,0.0
16153,50,5,1824.23,1073,78,2.9908988764044944,305,364.846,214.6,0,0.0
16156,9,9,3092.04,1273,108,3.1065625,302,343.56,141.44444444444446,4,0.3076923076923077
16157,16,3,656.69,347,12,3.445555555555556,56,218.89666666666668,115.66666666666667,1,0.25
16159,282,1,348.2,236,14,1.8714285714285714,0,348.2,236.0,0,0.0
16160,65,2,1025.44,1162,20,1.741,20,512.72,581.0,2,0.5
16161,2,19,5533.67,2583,286,3.182972399150743,367,291.2457894736842,135.94736842105263,6,0.24
16162,252,1,37.4,4,2,9.35,0,37.4,4.0,0,0.0
16163,232,2,856.6,192,5,4.791666666666667,132,428.3,96.0,1,0.3333333333333333
16164,17,3,822.48,433,27,2.433529411764706,25,274.16,144.33333333333334,1,0.25
16168,11,27,3787.6,1892,57,3.3155102040816327,359,140.28148148148148,70.07407407407408,1,0.03571428571428571
16169,8,4,1822.97,1325,71,2.0698823529411765,67,455.7425,331.25,0,0.0
16170,51,6,1885.05,1770,106,2.08032,197,314.175,295.0,1,0.14285714285714285
16171,59,1,73.2,24,3,3.4166666666666665,0,73.2,24.0,0,0.0
16172,95,5,1140.21,787,52,1.9330434782608694,146,228.042,157.4,0,0.0
16173,16,6,1418.32,575,70,4.0340476190476195,82,236.38666666666666,95.83333333333333,1,0.14285714285714285
16174,126,3,1009.5500000000001,651,19,3.7252173913043474,25,336.5166666666667,217.0,0,0.0
16175,94,4,1037.59,533,45,3.5925862068965517,145,259.3975,133.25,0,0.0
16177,50,1,331.95,95,15,5.41,0,331.95,95.0,0,0.0
16178,138,1,197.9,94,8,3.19375,0,197.9,94.0,0,0.0
16179,61,1,215.83,99,11,3.732727272727273,0,215.83,99.0,0,0.0
16180,100,8,10254.18,5867,90,2.43179012345679,152,1281.7725,733.375,2,0.2
16181,73,1,305.54,152,11,2.411818181818182,0,305.54,152.0,0,0.0
16182,72,4,6617.65,3791,17,2.12,222,1654.4125,947.75,0,0.0
16183,67,1,338.71000000000004,113,15,3.5153333333333334,0,338.71000000000004,113.0,0,0.0
16184,64,6,1158.79,561,26,4.008,147,193.13166666666666,93.5,1,0.14285714285714285
16185,17,2,529.41,260,31,3.302258064516129,215,264.705,130.0,0,0.0
16186,23,12,4006.94,3020,87,1.8390366972477066,349,333.9116666666667,251.66666666666666,1,0.07692307692307693
16187,32,15,6911.4400000000005,5048,160,2.1664745762711863,252,460.7626666666667,336.53333333333336,2,0.11764705882352941
16188,45,4,981.86,782,65,2.2217910447761198,198,245.465,195.5,0,0.0
16189,16,2,215.48,134,9,3.9436363636363634,69,107.74,67.0,0,0.0
16190,40,1,215.08,88,6,7.1866666666666665,0,215.08,88.0,0,0.0
16191,3,13,5180.52,3351,65,2.2528358208955224,357,398.5015384615385,257.7692307692308,11,0.4583333333333333
16193,237,1,314.45,219,19,2.3473684210526318,0,314.45,219.0,0,0.0
16198,75,1,400.68100000000004,129,15,4.1794,0,400.68100000000004,129.0,0,0.0
16200,4,2,1068.8700000000001,516,149,2.6325581395348836,159,534.4350000000001,258.0,0,0.0
16201,3,4,1863.47,1286,74,2.0225225225225225,106,465.8675,321.5,1,0.2
16202,361,1,365.27,191,18,3.4850000000000003,0,365.27,191.0,0,0.0
16203,59,4,592.9,262,27,2.875714285714286,313,148.225,65.5,1,0.2
16204,23,1,384.18,218,45,2.0682,0,384.18,218.0,0,0.0
16205,31,4,751.03,512,72,2.2147916666666667,148,187.7575,128.0,0,0.0
16206,55,4,537.0600000000001,272,52,2.346031746031746,272,134.26500000000001,68.0,0,0.0
16207,25,1,394.38,140,19,4.256842105263158,0,394.38,140.0,0,0.0
16208,45,2,664.26,333,61,3.159242424242424,244,332.13,166.5,0,0.0
16209,89,5,2262.62,1179,37,2.483913043478261,157,452.524,235.8,0,0.0
16210,2,17,21076.3,7558,73,3.7064754098360657,372,1239.7823529411764,444.5882352941176,0,0.0
16211,89,1,547.02,154,23,3.8082608695652174,0,547.02,154.0,1,0.5
16212,19,2,690.34,244,40,4.468048780487805,264,345.17,122.0,1,0.3333333333333333
16213,79,1,159.0,48,6,3.8166666666666664,0,159.0,48.0,0,0.0
16214,171,3,1062.75,420,36,4.525454545454545,98,354.25,140.0,0,0.0
16215,81,1,242.35,104,14,4.285714285714286,0,242.35,104.0,0,0.0
16216,267,1,914.9300000000001,254,37,8.991621621621622,0,914.9300000000001,254.0,0,0.0
16217,235,2,304.25,91,13,4.21,46,152.125,45.5,1,0.3333333333333333
16218,30,7,3084.68,2088,56,1.6713095238095237,343,440.6685714285714,298.2857142857143,1,0.125
16221,37,3,860.86,714,90,2.2657894736842104,330,286.9533333333333,238.0,0,0.0
16222,318,1,773.5500000000001,325,120,3.277868852459016,0,773.5500000000001,325.0,0,0.0
16224,57,4,1295.3,1116,90,2.4532291666666666,192,323.825,279.0,0,0.0
16225,45,5,1096.32,493,109,2.393358208955224,232,219.26399999999998,98.6,0,0.0
16226,203,3,255.12,192,6,1.7675,32,85.04,64.0,0,0.0
16227,225,1,314.22,90,6,3.313333333333334,0,314.22,90.0,1,0.5
16229,87,2,1010.6,318,46,3.3648936170212767,125,505.3,159.0,0,0.0
16230,190,2,542.03,365,32,1.9505714285714284,30,271.015,182.5,0,0.0
16232,44,4,990.88,550,24,2.445945945945946,171,247.72,137.5,1,0.2
16233,71,3,536.6800000000001,174,22,3.6286363636363634,295,178.89333333333335,58.0,2,0.4
16235,41,4,857.31,329,41,4.709555555555555,291,214.3275,82.25,1,0.2
16236,78,1,432.2,184,20,2.8775000000000004,0,432.2,184.0,0,0.0
16239,57,2,414.2,228,18,2.331578947368421,132,207.1,114.0,1,0.3333333333333333
16240,24,2,3718.8,1641,126,4.088148148148148,53,1859.4,820.5,3,0.6
16241,10,13,2590.31,1443,347,2.225236641221374,360,199.2546153846154,111.0,0,0.0
16242,8,7,3579.86,1969,184,2.4226027397260275,268,511.40857142857146,281.2857142857143,1,0.125
16243,34,2,409.1,110,49,5.841372549019608,21,204.55,55.0,0,0.0
16244,212,2,1522.75,855,88,2.567252747252747,160,761.375,427.5,0,0.0
16245,24,3,1413.66,1014,80,2.924444444444444,233,471.22,338.0,2,0.4
16247,170,1,114.56,182,16,2.7112499999999997,0,114.56,182.0,0,0.0
16248,62,1,152.94,78,7,2.0314285714285716,0,152.94,78.0,0,0.0
16249,53,5,1800.07,950,67,3.4831884057971014,186,360.014,190.0,0,0.0
16250,261,2,389.44,208,22,3.0883333333333334,112,194.72,104.0,0,0.0
16253,67,2,3683.86,3233,114,1.7190243902439024,188,1841.93,1616.5,0,0.0
16255,17,8,2619.91,1767,146,2.851,348,327.48875,220.875,2,0.2
16256,267,1,752.4300000000001,581,13,2.3407692307692307,0,752.4300000000001,581.0,1,0.5
16257,177,1,46.95,2,2,23.475,0,46.95,2.0,0,0.0
16258,45,5,5203.51,2994,111,3.034148148148148,173,1040.702,598.8,0,0.0
16260,51,1,1035.45,311,18,5.366666666666666,0,1035.45,311.0,0,0.0
16261,17,4,728.54,301,98,3.3365546218487396,228,182.135,75.25,0,0.0
16265,9,9,5447.0,2646,164,3.743875968992248,355,605.2222222222222,294.0,2,0.18181818181818182
16266,74,7,861.89,398,44,3.9349180327868853,132,123.12714285714286,56.857142857142854,0,0.0
16268,71,2,667.65,533,45,4.259111111111111,0,333.825,266.5,0,0.0
16270,353,1,1141.24,688,54,3.222777777777778,0,1141.24,688.0,0,0.0
16271,16,4,1389.64,1023,88,1.5613178294573644,342,347.41,255.75,1,0.2
16272,117,1,411.7,224,25,1.7372,0,411.7,224.0,0,0.0
16274,373,1,331.55,151,63,4.13015873015873,0,331.55,151.0,0,0.0
16275,197,1,559.87,336,33,4.386969696969698,0,559.87,336.0,0,0.0
16276,177,1,810.6000000000001,420,6,1.9916666666666665,0,810.6000000000001,420.0,0,0.0
16278,100,1,566.38,114,23,9.835217391304349,0,566.38,114.0,2,0.6666666666666666
16279,21,3,1502.78,1046,102,2.20122641509434,155,500.9266666666667,348.6666666666667,1,0.25
16281,72,1,2062.06,934,17,2.373529411764706,0,2062.06,934.0,0,0.0
16282,340,1,168.3,114,11,2.731818181818182,0,168.3,114.0,0,0.0
16283,6,5,1569.11,1234,116,2.4266666666666667,202,313.822,246.8,2,0.2857142857142857
16284,31,2,812.68,535,87,2.164757281553398,19,406.34,267.5,0,0.0
16287,170,1,142.5,298,8,2.2375000000000003,0,142.5,298.0,0,0.0
16292,122,1,302.25,191,17,2.360588235294118,0,302.25,191.0,1,0.5
16293,22,10,2248.9900000000002,982,102,4.160847457627119,345,224.89900000000003,98.2,2,0.16666666666666666
16295,10,4,1328.55,841,70,3.7668354430379747,54,332.1375,210.25,0,0.0
16297,269,1,301.9,206,20,2.7915,0,301.9,206.0,2,0.6666666666666666
16298,23,3,598.2,198,22,4.071111111111112,164,199.4,66.0,0,0.0
16302,127,1,233.22,158,11,1.7618181818181817,0,233.22,158.0,1,0.5
16303,26,3,5360.63,2659,119,2.858703703703704,307,1786.8766666666668,886.3333333333334,1,0.25
16305,139,1,361.21999999999997,256,22,1.6831818181818183,0,361.21999999999997,256.0,0,0.0
16306,214,6,632.27,487,36,1.6270731707317072,153,105.37833333333333,81.16666666666667,3,0.3333333333333333
16308,38,4,2560.0,8000,1,0.32,223,640.0,2000.0,0,0.0
16309,106,2,706.57,467,39,2.4180952380952383,134,353.285,233.5,1,0.3333333333333333
16311,18,2,616.26,394,35,2.4735135135135136,31,308.13,197.0,0,0.0
16313,3,2,274.15000000000003,165,16,3.098125,46,137.07500000000002,82.5,0,0.0
16315,331,1,226.37,75,14,5.351428571428571,0,226.37,75.0,0,0.0
16316,64,8,2938.91,1484,120,5.010463576158941,293,367.36375,185.5,4,0.3333333333333333
16317,120,3,1341.65,890,64,2.979420289855072,177,447.2166666666667,296.6666666666667,0,0.0
16318,35,1,328.15,199,19,2.473684210526316,0,328.15,199.0,0,0.0
16319,218,1,404.40000000000003,72,3,5.616666666666667,0,404.40000000000003,72.0,0,0.0
16320,172,2,1038.46,732,56,2.4805357142857143,40,519.23,366.0,0,0.0
16321,72,5,373.65000000000003,135,7,3.6750000000000003,251,74.73,27.0,2,0.2857142857142857
16322,1,2,326.75,231,28,2.437837837837838,35,163.375,115.5,0,0.0
16323,196,1,207.50000000000003,50,1,4.15,0,207.50000000000003,50.0,0,0.0
16324,128,3,408.59000000000003,270,100,2.122252252252252,48,136.1966666666667,90.0,0,0.0
16325,47,3,594.24,194,14,3.690555555555556,198,198.08,64.66666666666667,2,0.4
16326,6,14,3039.2200000000003,682,158,5.088733333333334,328,217.08714285714288,48.714285714285715,1,0.06666666666666667
16327,14,6,3789.67,2524,141,2.09123417721519,355,631.6116666666667,420.6666666666667,0,0.0
16330,18,3,251.91,147,39,2.6733333333333333,94,83.97,49.0,1,0.25
16332,28,7,1582.8,797,125,2.789271523178808,277,226.1142857142857,113.85714285714286,1,0.125
16333,8,22,26626.8,32184,9,1.0662222222222224,302,1210.3090909090909,1462.909090909091,0,0.0
16337,37,1,151.05,87,10,3.04,0,151.05,87.0,0,0.0
16338,157,1,214.79999999999998,94,11,3.7345454545454544,0,214.79999999999998,94.0,0,0.0
16339,284,1,94.05,21,17,4.958333333333333,0,94.05,21.0,0,0.0
16340,107,1,534.31,486,124,1.555177304964539,0,534.31,486.0,0,0.0
16341,25,4,1971.87,1398,60,1.8232467532467531,176,492.9675,349.5,2,0.3333333333333333
16342,75,4,322.41,157,10,5.6033333333333335,104,80.6025,39.25,0,0.0
16343,16,2,328.58,175,29,2.6313953488372093,0,164.29,87.5,0,0.0
16344,158,1,101.10000000000001,18,1,5.7,0,101.10000000000001,18.0,0,0.0
16345,44,1,565.46,288,35,4.142702702702703,0,565.46,288.0,0,0.0
16347,11,2,847.45,341,61,3.672705882352941,25,423.725,170.5,0,0.0
16348,32,7,1413.31,799,156,2.8109954751131223,207,201.90142857142857,114.14285714285714,0,0.0
16349,291,1,53.5,9,9,5.944444444444445,0,53.5,9.0,0,0.0
16350,21,4,1116.47,545,40,3.4387719298245614,312,279.1175,136.25,1,0.2
16351,333,1,153.9,90,8,1.9875,0,153.9,90.0,0,0.0
16352,18,2,494.44,300,28,1.9617857142857142,20,247.22,150.0,0,0.0
16353,4,23,6675.71,2006,51,3.010851063829787,366,290.24826086956523,87.21739130434783,0,0.0
16354,63,2,395.8,150,38,3.1382051282051284,9,197.9,75.0,0,0.0
16356,198,3,211.77,93,20,2.201290322580645,79,70.59,31.0,1,0.25
16357,33,3,658.88,246,31,4.5797058823529415,180,219.62666666666667,82.0,0,0.0
16358,1,4,2027.5,1302,82,1.8883486238532112,183,506.875,325.5,1,0.2
16359,7,9,1750.92,1183,39,8.14318181818182,324,194.54666666666668,131.44444444444446,3,0.25
16360,5,6,3450.41,2110,365,2.296289308176101,83,575.0683333333333,351.6666666666667,2,0.25
16361,10,4,891.21,418,87,3.114903846153846,61,222.8025,104.5,0,0.0
16362,32,5,709.99,340,58,2.8844155844155845,58,141.998,68.0,4,0.4444444444444444
16363,53,1,109.36000000000001,52,5,2.9560000000000004,0,109.36000000000001,52.0,0,0.0
16364,12,2,705.79,279,48,3.4959615384615383,125,352.895,139.5,0,0.0
16365,18,9,1540.42,504,45,5.143137254901961,349,171.1577777777778,56.0,0,0.0
16366,19,1,327.3,256,18,2.828888888888889,0,327.3,256.0,0,0.0
16367,37,2,800.67,643,123,2.3650393700787404,325,400.335,321.5,0,0.0
16368,2,2,479.91,251,58,2.4233333333333333,25,239.955,125.5,0,0.0
16369,18,3,1543.33,1026,90,2.364347826086956,178,514.4433333333333,342.0,0,0.0
16370,82,4,1301.91,640,143,2.8917194570135747,142,325.4775,160.0,0,0.0
16372,33,2,355.73,158,86,2.705978260869565,0,177.865,79.0,0,0.0
16374,66,2,458.78000000000003,236,100,2.522222222222222,196,229.39000000000001,118.0,0,0.0
16376,9,2,974.96,691,104,2.5146721311475413,8,487.48,345.5,1,0.3333333333333333
16377,267,1,676.2,1500,5,0.534,0,676.2,1500.0,0,0.0
16378,247,3,362.95,267,22,1.8021739130434784,63,120.98333333333333,89.0,0,0.0
16379,4,4,2157.4,1410,87,1.9833333333333334,74,539.35,352.5,1,0.2
16380,61,1,1743.1499999999999,1428,28,1.845483870967742,0,1743.1499999999999,1428.0,0,0.0
16383,75,2,643.76,467,80,2.2327551020408163,193,321.88,233.5,0,0.0
16384,90,2,584.5,260,33,3.503030303030303,174,292.25,130.0,0,0.0
16385,60,3,554.86,258,52,2.620350877192983,306,184.95333333333335,86.0,0,0.0
16386,29,2,302.57,205,76,1.7476543209876543,225,151.285,102.5,0,0.0
16387,323,1,94.36,44,4,3.16,0,94.36,44.0,0,0.0
16389,53,4,1382.07,1242,33,2.7785294117647057,229,345.5175,310.5,1,0.2
16392,270,1,217.89,201,41,2.007674418604651,0,217.89,201.0,0,0.0
16393,2,13,3040.96,1573,120,1.979051987767584,366,233.92000000000002,121.0,7,0.35
16394,57,5,1555.34,2604,61,1.231566265060241,232,311.068,520.8,4,0.4444444444444444
16395,61,5,1482.06,1472,150,1.9983980582524272,270,296.412,294.4,0,0.0
16398,154,2,1705.8,758,75,5.544634146341464,99,852.9,379.0,2,0.5
16399,19,2,406.21999999999997,245,67,2.8349295774647887,216,203.10999999999999,122.5,0,0.0
16400,95,1,303.93,172,28,3.0141379310344827,0,303.93,172.0,0,0.0
16401,1,12,4098.32,3882,66,1.4426344086021505,326,341.52666666666664,323.5,7,0.3684210526315789
16402,265,2,293.45,146,55,2.700877192982456,104,146.725,73.0,0,0.0
16403,312,1,177.5,114,10,1.6099999999999999,0,177.5,114.0,1,0.5
16404,70,1,443.05,157,23,5.165217391304347,0,443.05,157.0,0,0.0
16405,302,2,167.25,187,3,2.33,7,83.625,93.5,0,0.0
16406,19,1,154.35,116,54,1.7863793103448276,0,154.35,116.0,0,0.0
16407,13,10,2079.68,1093,99,2.9770833333333333,299,207.968,109.3,0,0.0
16409,36,5,2022.98,1304,145,2.7067965367965368,281,404.596,260.8,0,0.0
16411,19,2,211.7,131,41,2.0145454545454546,349,105.85,65.5,0,0.0
16412,54,1,135.99,63,25,2.098666666666667,0,135.99,63.0,0,0.0
16413,57,1,262.2,148,30,2.5261290322580647,0,262.2,148.0,0,0.0
16414,22,2,126.25,27,5,7.064285714285714,258,63.125,13.5,0,0.0
16415,44,1,200.27,178,45,1.91,0,200.27,178.0,0,0.0
16416,27,3,1051.4,672,59,3.0419718309859154,29,350.4666666666667,224.0,1,0.25
16418,45,3,631.12,280,76,3.601578947368421,181,210.37333333333333,93.33333333333333,0,0.0
16419,113,6,958.71,428,36,4.368399999999999,199,159.785,71.33333333333333,1,0.14285714285714285
16422,17,51,34684.4,33704,68,1.8139295392953931,351,680.086274509804,660.8627450980392,9,0.15
16423,25,1,346.12,230,18,1.9155555555555557,0,346.12,230.0,0,0.0
16424,191,1,133.56,88,5,3.9979999999999998,0,133.56,88.0,1,0.5
16425,302,1,302.7,199,21,4.171904761904762,0,302.7,199.0,0,0.0
16426,2,10,1863.76,1215,211,2.1071671388101985,273,186.376,121.5,0,0.0
16427,263,2,241.06,156,8,1.488888888888889,21,120.53,78.0,0,0.0
16429,106,1,284.55,9,2,19.950000000000003,0,284.55,9.0,0,0.0
16430,57,1,300.85,103,6,4.358333333333333,0,300.85,103.0,0,0.0
16431,213,3,623.28,442,51,1.8013157894736842,84,207.76,147.33333333333334,0,0.0
16432,64,1,287.4,276,8,3.1675,0,287.4,276.0,0,0.0
16433,28,1,184.26,106,17,1.906470588235294,0,184.26,106.0,0,0.0
16434,29,7,1511.8,760,88,3.279252336448598,270,215.97142857142856,108.57142857142857,0,0.0
16438,6,5,798.35,463,74,2.194015151515152,76,159.67000000000002,92.6,0,0.0
16440,8,5,3640.67,2018,186,2.2190425531914895,206,728.134,403.6,0,0.0
16441,67,2,381.2,173,22,3.2916666666666665,224,190.6,86.5,0,0.0
16442,2,3,609.3,443,161,2.2329824561403506,359,203.1,147.66666666666666,0,0.0
16444,46,4,654.67,407,68,2.3755952380952383,218,163.6675,101.75,1,0.2
16445,34,1,230.51,111,62,2.6320634920634918,0,230.51,111.0,0,0.0
16446,1,2,168472.5,80997,3,1.6600000000000001,204,84236.25,40498.5,1,0.3333333333333333
16447,136,1,255.91,221,34,3.037058823529412,0,255.91,221.0,0,0.0
16448,198,1,182.99,76,19,2.917894736842105,0,182.99,76.0,0,0.0
16449,198,2,707.69,367,40,3.2979999999999996,82,353.845,183.5,1,0.3333333333333333
16450,150,1,311.92,200,11,1.4845454545454544,0,311.92,200.0,0,0.0
16451,88,1,266.97,120,14,2.6149999999999998,0,266.97,120.0,0,0.0
16454,64,1,5.9,2,1,2.95,0,5.9,2.0,0,0.0
16455,64,7,1841.18,988,69,2.1015151515151516,307,263.0257142857143,141.14285714285714,0,0.0
16456,99,5,2158.18,1147,80,2.145909090909091,273,431.63599999999997,229.4,0,0.0
16457,218,1,208.36,140,9,2.67,0,208.36,140.0,0,0.0
16458,3,18,3482.7400000000002,2154,52,1.7633663366336634,357,193.48555555555558,119.66666666666667,0,0.0
16460,28,3,811.23,876,128,1.6868181818181818,53,270.41,292.0,0,0.0
16461,178,1,142.92,48,31,3.935625,0,142.92,48.0,0,0.0
16462,74,3,136.0,16,1,8.5,210,45.333333333333336,5.333333333333333,1,0.25
16463,21,4,1422.4,1163,74,1.993170731707317,182,355.6,290.75,3,0.42857142857142855
16464,20,3,1298.66,952,152,2.5217391304347827,122,432.8866666666667,317.3333333333333,0,0.0
16466,34,7,1595.96,785,103,2.8897945205479454,258,227.99428571428572,112.14285714285714,0,0.0
16468,74,1,74.9,31,2,7.29,0,74.9,31.0,0,0.0
16469,24,4,625.42,260,148,2.9528654970760235,222,156.355,65.0,0,0.0
16470,52,4,752.77,522,120,1.9395121951219512,307,188.1925,130.5,1,0.2
16471,275,1,223.95000000000002,141,13,2.2961538461538464,0,223.95000000000002,141.0,0,0.0
16473,165,3,316.11,196,18,2.6505555555555556,171,105.37,65.33333333333333,1,0.25
16474,7,7,1810.49,907,236,2.2721428571428572,137,258.64142857142855,129.57142857142858,4,0.36363636363636365
16475,88,4,544.3,319,23,5.110714285714286,185,136.075,79.75,0,0.0
16477,64,7,2494.46,1415,111,2.32513698630137,307,356.3514285714286,202.14285714285714,0,0.0
16478,25,3,331.0,224,15,2.942941176470588,40,110.33333333333333,74.66666666666667,0,0.0
16479,10,2,300.83,102,35,3.177142857142857,0,150.415,51.0,0,0.0
16480,76,1,769.29,455,51,3.3305660377358492,0,769.29,455.0,0,0.0
16482,16,1,220.62,346,18,1.3616666666666668,0,220.62,346.0,0,0.0
16483,192,1,139.35,44,19,4.410526315789474,0,139.35,44.0,0,0.0
16484,174,2,404.3,200,25,3.2872000000000003,17,202.15,100.0,1,0.3333333333333333
16485,77,1,363.65,235,41,3.0811904761904763,0,363.65,235.0,0,0.0
16488,33,3,498.8,728,28,4.441034482758622,115,166.26666666666668,242.66666666666666,1,0.25
16491,47,1,731.5,478,39,2.54974358974359,0,731.5,478.0,0,0.0
16493,80,4,1351.63,1164,40,1.8078571428571428,250,337.9075,291.0,2,0.3333333333333333
16494,297,1,826.53,675,47,1.4991999999999999,0,826.53,675.0,0,0.0
16495,3,3,648.26,328,78,3.1364772727272725,272,216.08666666666667,109.33333333333333,0,0.0
16496,9,3,1599.52,1111,92,2.8450526315789477,308,533.1733333333333,370.3333333333333,1,0.25
16497,50,6,2965.69,1396,128,3.6586029411764707,283,494.2816666666667,232.66666666666666,0,0.0
16498,161,2,100.97,45,15,2.3680000000000003,0,50.485,22.5,1,0.3333333333333333
16499,360,2,365.45,127,18,4.302631578947368,4,182.725,63.5,3,0.6
16500,5,6,400.86,123,8,17.12,326,66.81,20.5,0,0.0
16503,107,4,1431.93,569,71,4.173571428571428,253,357.9825,142.25,1,0.2
16504,25,1,465.88,510,76,1.2212048192771083,0,465.88,510.0,0,0.0
16505,32,1,777.6,576,4,1.35,0,777.6,576.0,0,0.0
16506,20,2,90.30000000000001,42,3,2.183333333333333,20,45.150000000000006,21.0,0,0.0
16509,297,1,363.7,64,13,7.623076923076923,0,363.7,64.0,0,0.0
16510,372,1,248.1,92,13,5.346153846153846,0,248.1,92.0,0,0.0
16511,22,3,916.33,401,134,3.049367088607595,244,305.4433333333333,133.66666666666666,0,0.0
16513,5,4,874.59,407,33,2.5905714285714287,38,218.6475,101.75,0,0.0
16515,52,5,1624.14,826,89,2.631711711711712,259,324.82800000000003,165.2,0,0.0
16516,30,1,101.69999999999999,58,6,2.1166666666666667,0,101.69999999999999,58.0,0,0.0
16517,277,1,162.7,96,17,2.8852941176470592,0,162.7,96.0,0,0.0
16518,61,2,484.32,327,36,2.3545000000000003,222,242.16,163.5,1,0.3333333333333333
16519,25,2,212.98,53,12,6.9941666666666675,340,106.49,26.5,0,0.0
16520,186,3,1046.57,558,129,2.7175641025641024,179,348.8566666666666,186.0,1,0.25
16523,2,21,9418.470000000001,4265,151,3.613206896551724,313,448.4985714285715,203.0952380952381,7,0.25
16525,2,26,13027.45,7397,75,3.657595628415301,364,501.0557692307693,284.5,3,0.10344827586206896
16526,172,1,290.36,106,15,5.615333333333334,0,290.36,106.0,0,0.0
16527,81,1,228.06,106,14,2.922857142857143,0,228.06,106.0,0,0.0
16528,4,1,244.41,171,17,3.2235294117647055,0,244.41,171.0,0,0.0
16529,190,1,455.25,198,30,3.12,0,455.25,198.0,0,0.0
16531,22,7,1244.59,915,68,2.795194805194805,338,177.79857142857142,130.71428571428572,0,0.0
16532,18,3,6748.8,2016,2,3.4825,320,2249.6,672.0,0,0.0
16533,19,3,1082.81,611,112,2.5932954545454545,48,360.93666666666667,203.66666666666666,2,0.4
16535,5,1,593.75,356,31,3.0245161290322584,0,593.75,356.0,0,0.0
16536,110,1,548.12,250,49,3.6918518518518515,0,548.12,250.0,1,0.5
16539,3,4,1388.81,477,36,3.893333333333333,370,347.2025,119.25,0,0.0
16542,54,1,119.62,46,5,3.0780000000000003,0,119.62,46.0,0,0.0
16545,165,1,339.3,78,3,3.766666666666667,0,339.3,78.0,0,0.0
16546,291,2,787.15,549,25,1.8880000000000001,81,393.575,274.5,1,0.3333333333333333
16549,10,10,4034.9,2294,445,2.0461837837837837,324,403.49,229.4,0,0.0
16550,109,5,2298.97,1540,162,2.5740637450199206,259,459.794,308.0,4,0.4444444444444444
16551,96,3,922.12,970,26,1.95125,240,307.37333333333333,323.3333333333333,0,0.0
16552,243,2,379.73,219,17,4.11,130,189.865,109.5,0,0.0
16553,163,12,5719.82,4600,62,2.1411904761904763,197,476.65166666666664,383.3333333333333,2,0.14285714285714285
16554,42,3,837.1,402,51,3.4196153846153843,289,279.03333333333336,134.0,4,0.5714285714285714
16555,35,2,285.89,175,15,2.827058823529412,74,142.945,87.5,0,0.0
16556,67,7,3313.79,1890,144,3.882898550724638,293,473.3985714285714,270.0,0,0.0
16557,24,2,281.85,111,11,6.818181818181818,113,140.925,55.5,0,0.0
16558,1,20,8338.49,5377,264,3.041195652173913,365,416.92449999999997,268.85,4,0.16666666666666666
16560,27,2,841.41,500,52,3.930535714285714,331,420.705,250.0,1,0.3333333333333333
16561,6,2,511.12,244,29,2.8583870967741936,54,255.56,122.0,0,0.0
16563,54,1,1077.74,486,19,3.415263157894737,0,1077.74,486.0,0,0.0
16565,364,1,173.7,46,3,5.116666666666667,0,173.7,46.0,0,0.0
16566,15,5,614.66,362,14,2.6955555555555555,277,122.93199999999999,72.4,1,0.16666666666666666
16567,194,2,865.6,996,34,2.1654285714285715,142,432.8,498.0,0,0.0
16569,3,1,124.2,93,5,2.592,0,124.2,93.0,0,0.0
16570,15,10,3738.4,2112,68,3.17515873015873,296,373.84000000000003,211.2,5,0.3333333333333333
16571,27,3,1421.69,1239,73,2.0289655172413794,255,473.8966666666667,413.0,2,0.4
16572,127,3,1009.6,532,40,3.7794736842105263,148,336.53333333333336,177.33333333333334,1,0.25
16573,85,2,663.61,360,40,3.7616666666666667,205,331.805,180.0,2,0.5
16574,71,1,451.44,416,28,1.4257142857142857,0,451.44,416.0,0,0.0
16581,183,1,105.84,134,9,1.1855555555555555,0,105.84,134.0,1,0.5
16582,113,1,313.62,164,6,1.6216666666666668,0,313.62,164.0,0,0.0
16583,374,1,233.45,111,14,2.564285714285714,0,233.45,111.0,0,0.0
16584,80,2,936.08,646,25,2.709285714285714,174,468.04,323.0,1,0.3333333333333333
16586,249,1,463.95,95,8,4.68125,0,463.95,95.0,0,0.0
16587,232,1,225.15,71,13,6.707692307692308,0,225.15,71.0,0,0.0
16589,71,3,459.24,368,31,1.8603030303030303,90,153.08,122.66666666666667,0,0.0
16591,69,1,213.5,41,10,4.443,0,213.5,41.0,0,0.0
16592,4,16,4113.68,2927,142,2.1810185185185187,283,257.105,182.9375,3,0.15789473684210525
16593,51,3,330.03,116,24,4.8348148148148145,277,110.00999999999999,38.666666666666664,0,0.0
16594,75,1,181.09,64,53,3.0179245283018865,0,181.09,64.0,0,0.0
16595,61,1,360.16,335,83,1.7484705882352942,0,360.16,335.0,0,0.0
16596,16,2,250.15,97,12,4.104166666666667,350,125.075,48.5,0,0.0
16597,4,1,90.04,184,7,1.6214285714285714,0,90.04,184.0,0,0.0
16598,286,1,145.04999999999998,73,10,2.56,0,145.04999999999998,73.0,1,0.5
16600,4,6,813.52,1145,50,1.4333870967741935,334,135.58666666666667,190.83333333333334,0,0.0
16601,41,1,241.53,130,28,3.1986206896551725,0,241.53,130.0,0,0.0
16602,36,1,528.08,336,29,2.5113793103448274,0,528.08,336.0,1,0.5
16603,75,2,482.47,480,34,2.1564705882352944,16,241.235,240.0,0,0.0
16607,18,14,3347.71,2859,140,4.347848837209303,341,239.12214285714285,204.21428571428572,2,0.125
16609,15,7,5493.46,2420,155,3.5644202898550725,237,784.78,345.7142857142857,2,0.2222222222222222
16610,219,1,75.66,66,6,1.2966666666666666,0,75.66,66.0,0,0.0
16611,186,1,129.49,47,9,3.7870000000000004,0,129.49,47.0,1,0.5
16612,33,4,1187.66,506,48,3.23469696969697,278,296.915,126.5,0,0.0
16613,70,1,618.59,293,30,2.897,0,618.59,293.0,0,0.0
16614,183,1,506.19,223,26,4.756538461538462,0,506.19,223.0,0,0.0
16616,15,2,500.42,370,31,2.83969696969697,142,250.21,185.0,0,0.0
16617,236,1,151.85,91,5,3.91,0,151.85,91.0,0,0.0
16618,31,5,2647.59,1363,79,3.626041666666667,291,529.518,272.6,1,0.16666666666666666
16619,264,1,226.21,133,14,2.6757142857142857,0,226.21,133.0,1,0.5
16620,4,2,178.96,88,9,2.9177777777777774,257,89.48,44.0,0,0.0
16621,52,4,813.48,302,22,4.59103448275862,226,203.37,75.5,0,0.0
16623,246,1,129.45,39,5,3.1900000000000004,0,129.45,39.0,0,0.0
16624,81,2,810.5699999999999,488,44,3.07375,116,405.28499999999997,244.0,0,0.0
16625,275,1,333.08,164,23,2.737391304347826,0,333.08,164.0,0,0.0
16626,1,17,4413.1,2690,86,4.136648044692738,265,259.59411764705885,158.23529411764707,3,0.15
16627,79,1,322.8,162,20,5.0675,0,322.8,162.0,0,0.0
16628,30,5,2188.05,1205,79,2.440512820512821,205,437.61,241.0,1,0.16666666666666666
16629,74,2,408.63,489,58,2.464833333333333,22,204.315,244.5,0,0.0
16633,17,6,2883.1,1138,115,4.659407894736842,216,480.51666666666665,189.66666666666666,1,0.14285714285714285
16634,223,2,217.9,82,9,4.5055555555555555,149,108.95,41.0,0,0.0
16637,32,4,1154.47,927,66,2.7930434782608695,193,288.6175,231.75,1,0.2
16638,23,10,1680.72,1255,92,3.7991489361702127,346,168.072,125.5,1,0.09090909090909091
16639,31,3,1257.51,510,48,3.3548,204,419.17,170.0,1,0.25
16641,106,1,231.10000000000002,256,12,2.138333333333333,0,231.10000000000002,256.0,0,0.0
16642,5,2,688.33,479,32,3.3020588235294115,202,344.165,239.5,1,0.3333333333333333
16643,246,1,487.51,269,27,3.635925925925926,0,487.51,269.0,0,0.0
16644,178,2,833.78,826,62,1.5379032258064516,34,416.89,413.0,0,0.0
16647,170,2,214.06,146,12,3.2507142857142854,35,107.03,73.0,0,0.0
16648,43,1,290.65999999999997,281,19,1.2542105263157894,0,290.65999999999997,281.0,1,0.5
16650,72,1,518.42,372,24,2.2529166666666667,0,518.42,372.0,0,0.0
16652,59,7,6773.97,3283,74,3.9659322033898308,214,967.71,469.0,4,0.36363636363636365
16653,16,2,1212.66,733,67,3.3256521739130434,55,606.33,366.5,1,0.3333333333333333
16654,141,4,601.27,282,29,4.256206896551724,227,150.3175,70.5,1,0.2
16655,18,6,3789.52,2363,208,2.592480620155039,314,631.5866666666667,393.8333333333333,0,0.0
16656,22,15,8625.8,8894,14,2.2016438356164385,342,575.0533333333333,592.9333333333333,6,0.2857142857142857
16657,10,4,874.43,1130,158,1.6116666666666666,244,218.6075,282.5,0,0.0
16658,368,1,123.24,40,8,3.02125,0,123.24,40.0,0,0.0
16659,189,1,39.12,72,2,0.62,0,39.12,72.0,0,0.0
16660,16,4,1267.6499999999999,571,16,2.499375,303,316.91249999999997,142.75,1,0.2
16665,362,1,135.39999999999998,59,9,5.388888888888889,0,135.39999999999998,59.0,0,0.0
16666,19,1,118.98,233,32,0.7559375,0,118.98,233.0,0,0.0
16667,68,2,567.1800000000001,236,52,3.5936538461538463,216,283.59000000000003,118.0,0,0.0
16668,15,6,306.71999999999997,318,9,1.283,269,51.12,53.0,0,0.0
16669,24,2,1344.48,871,140,2.778766233766234,54,672.24,435.5,0,0.0
16670,17,11,4095.9,2556,179,2.9523809523809526,341,372.3545454545455,232.36363636363637,6,0.35294117647058826
16671,28,3,1692.27,875,3,2.8033333333333332,136,564.09,291.6666666666667,0,0.0
16672,2,20,8134.9400000000005,2832,22,3.634912280701754,264,406.747,141.6,2,0.09090909090909091
16674,55,2,304.24,181,89,1.9753763440860217,43,152.12,90.5,0,0.0
16676,34,4,1592.1200000000001,636,75,4.986741573033708,303,398.03000000000003,159.0,1,0.2
16678,3,12,3109.99,2397,92,1.8485276073619632,280,259.1658333333333,199.75,3,0.2
16679,366,1,129.75,29,3,6.916666666666667,0,129.75,29.0,0,0.0
16680,43,1,183.7,94,10,3.03,0,183.7,94.0,0,0.0
16681,73,6,1770.34,1407,18,1.9406818181818182,180,295.0566666666667,234.5,0,0.0
16682,5,5,1028.0,1040,15,1.7696666666666665,183,205.6,208.0,0,0.0
16684,4,28,66653.56,50255,119,2.4516245487364623,353,2380.4842857142858,1794.8214285714287,2,0.06666666666666667
16685,61,2,324.24,396,60,2.2548387096774194,0,162.12,198.0,0,0.0
16686,47,7,2959.88,1977,406,2.7683639705882355,307,422.84000000000003,282.42857142857144,2,0.2222222222222222
16688,1,4,1260.86,804,52,2.7750000000000004,59,315.215,201.0,0,0.0
16689,76,2,422.59999999999997,330,12,3.5399999999999996,6,211.29999999999998,165.0,1,0.3333333333333333
16690,72,2,225.57999999999998,138,10,3.486666666666667,129,112.78999999999999,69.0,1,0.3333333333333333
16692,256,2,1126.0,151,1,7.975,32,563.0,75.5,0,0.0
16693,69,2,477.86,203,58,4.353220338983052,203,238.93,101.5,0,0.0
16696,135,4,657.9000000000001,146,7,3.9300000000000006,112,164.47500000000002,36.5,0,0.0
16697,241,1,112.75,27,20,4.640476190476191,0,112.75,27.0,0,0.0
16698,227,2,1998.0,840,4,2.37,26,999.0,420.0,0,0.0
16700,9,13,5076.55,4024,159,2.037077922077922,357,390.50384615384615,309.53846153846155,4,0.23529411764705882
16701,9,13,5398.3,6393,99,2.1824999999999997,352,415.25384615384615,491.7692307692308,5,0.2777777777777778
16705,1,20,14034.99,5476,133,4.505185185185185,358,701.7495,273.8,9,0.3103448275862069
16706,37,3,531.35,249,108,2.8052032520325203,76,177.11666666666667,83.0,0,0.0
16708,46,1,656.63,285,27,3.3644444444444446,0,656.63,285.0,0,0.0
16709,85,5,3029.87,851,64,5.439240506329114,197,605.9739999999999,170.2,0,0.0
16710,19,10,2467.99,1823,268,2.3813705583756346,349,246.79899999999998,182.3,0,0.0
16711,3,5,1651.03,833,18,3.4931818181818177,354,330.206,166.6,0,0.0
16712,9,11,3603.66,1727,258,2.9981693363844393,266,327.6054545454545,157.0,0,0.0
16713,19,15,6910.78,4271,338,3.0826494345718904,347,460.71866666666665,284.73333333333335,6,0.2857142857142857
16714,317,2,1114.06,588,76,3.5290697674418605,0,557.03,294.0,1,0.3333333333333333
16715,78,1,301.71999999999997,642,19,0.4531578947368421,0,301.71999999999997,642.0,0,0.0
16716,267,2,901.2,120,1,7.300000000000001,44,450.6,60.0,1,0.3333333333333333
16717,24,6,3843.08,1860,176,3.5152525252525253,342,640.5133333333333,310.0,3,0.3333333333333333
16718,369,1,606.0500000000001,407,41,2.3229545454545453,0,606.0500000000001,407.0,0,0.0
16719,15,7,1770.22,1175,107,3.912908163265306,353,252.88857142857142,167.85714285714286,1,0.125
16720,26,1,152.95,180,25,2.3888,0,152.95,180.0,0,0.0
16721,262,1,292.47,172,37,2.363243243243243,0,292.47,172.0,0,0.0
16722,17,13,4730.81,5001,96,1.2201777777777778,351,363.90846153846155,384.6923076923077,3,0.1875
16723,91,2,576.4,398,37,6.734047619047619,16,288.2,199.0,0,0.0
16725,302,6,756.82,287,109,3.6522916666666663,69,126.13666666666667,47.833333333333336,1,0.14285714285714285
16726,26,5,1358.74,945,121,2.1982022471910114,335,271.748,189.0,0,0.0
16727,364,1,256.32,167,41,1.6643181818181818,0,256.32,167.0,0,0.0
16728,46,4,1048.28,671,218,2.3329277566539925,218,262.07,167.75,0,0.0
16729,38,21,7202.01,5718,233,2.139419847328244,203,342.95285714285717,272.2857142857143,5,0.19230769230769232
16730,52,3,743.11,994,75,1.4010975609756098,267,247.70333333333335,331.3333333333333,1,0.25
16732,32,1,603.75,317,28,3.3810714285714285,0,603.75,317.0,0,0.0
16734,52,3,646.76,345,44,3.531538461538461,61,215.58666666666667,115.0,0,0.0
16735,79,5,2247.41,1532,88,2.444655172413793,255,449.48199999999997,306.4,2,0.2857142857142857
16737,53,1,417.59999999999997,288,1,1.45,0,417.59999999999997,288.0,0,0.0
16738,298,1,3.75,3,1,1.25,0,3.75,3.0,0,0.0
16739,177,1,323.0,172,13,2.9038461538461537,0,323.0,172.0,1,0.5
16743,29,7,2213.13,2035,89,1.467421052631579,329,316.1614285714286,290.7142857142857,1,0.125
16744,11,7,1291.91,798,198,2.517203389830508,161,184.55857142857144,114.0,0,0.0
16745,87,17,7180.7,6719,148,1.9284507042253523,225,422.3941176470588,395.2352941176471,1,0.05555555555555555
16746,5,18,6680.11,4660,234,2.7738288288288286,354,371.1172222222222,258.8888888888889,1,0.05263157894736842
16747,38,2,836.06,583,34,2.828095238095238,30,418.03,291.5,2,0.5
16748,18,5,1515.9,880,42,1.7210144927536233,316,303.18,176.0,0,0.0
16750,45,5,623.93,214,74,3.8141052631578947,187,124.78599999999999,42.8,0,0.0
16751,31,1,1764.72,1031,24,1.4,0,1764.72,1031.0,0,0.0
16752,373,1,207.5,54,9,13.594444444444443,0,207.5,54.0,0,0.0
16753,58,1,223.92000000000002,189,34,2.1223529411764703,0,223.92000000000002,189.0,0,0.0
16754,372,1,2002.4,4280,2,0.62,0,2002.4,4280.0,0,0.0
16755,114,3,1475.43,1058,133,2.721878787878788,201,491.81,352.6666666666667,2,0.4
16756,215,1,239.4,106,13,3.6584615384615384,0,239.4,106.0,0,0.0
16757,319,1,106.83000000000001,81,7,1.3628571428571428,0,106.83000000000001,81.0,0,0.0
16758,65,1,369.34000000000003,203,22,4.041363636363636,0,369.34000000000003,203.0,0,0.0
16759,8,3,789.79,609,40,2.9404761904761907,23,263.2633333333333,203.0,1,0.25
16761,97,1,316.62,341,13,1.196923076923077,0,316.62,341.0,0,0.0
16762,20,3,1207.24,480,51,3.491746031746032,124,402.41333333333336,160.0,0,0.0
16763,199,1,611.85,319,23,4.6673913043478255,0,611.85,319.0,1,0.5
16764,4,13,2790.9500000000003,1253,209,2.3704571428571426,139,214.68846153846155,96.38461538461539,5,0.2777777777777778
16765,294,1,34.0,4,1,8.5,0,34.0,4.0,0,0.0
16766,273,2,1145.6,536,17,2.835294117647059,0,572.8,268.0,0,0.0
16767,31,11,5575.56,4423,148,1.6176923076923075,285,506.86909090909097,402.09090909090907,0,0.0
16768,48,3,478.09000000000003,196,47,4.027962962962963,224,159.36333333333334,65.33333333333333,2,0.4
16769,260,1,361.54,80,33,4.653947368421052,0,361.54,80.0,0,0.0
16770,58,5,757.1,456,116,2.3155,314,151.42000000000002,91.2,1,0.16666666666666666
16771,33,5,2230.61,1475,199,2.8663636363636367,304,446.122,295.0,0,0.0
16773,57,1,171.59,171,23,2.77,0,171.59,171.0,0,0.0
16774,68,4,661.52,322,36,2.4722916666666666,110,165.38,80.5,1,0.2
16775,10,11,1691.51,439,84,4.648025477707006,357,153.77363636363637,39.90909090909091,0,0.0
16776,60,1,371.54,254,61,1.9367605633802816,0,371.54,254.0,0,0.0
16777,80,2,222.62,62,45,3.67625,176,111.31,31.0,0,0.0
16778,74,2,245.94,194,16,2.365,199,122.97,97.0,0,0.0
16779,2,22,10611.720000000001,5301,161,2.3832326283987917,364,482.35090909090917,240.95454545454547,6,0.21428571428571427
16780,100,2,422.24,270,51,2.5869491525423727,158,211.12,135.0,0,0.0
16781,372,1,311.25,113,17,5.008823529411765,0,311.25,113.0,1,0.5
16782,10,13,2267.9500000000003,705,103,3.7166666666666663,355,174.45769230769233,54.23076923076923,6,0.3157894736842105
16784,20,1,107.6,24,3,4.483333333333333,0,107.6,24.0,0,0.0
16788,123,2,592.74,303,137,2.4075510204081634,131,296.37,151.5,0,0.0
16789,8,1,80.8,32,5,2.8899999999999997,0,80.8,32.0,0,0.0
16790,4,6,1545.6200000000001,898,88,2.3633333333333333,34,257.60333333333335,149.66666666666666,2,0.25
16791,29,7,1693.03,756,217,2.895782747603834,303,241.86142857142858,108.0,1,0.125
16792,282,2,110.38000000000001,44,11,4.001666666666666,0,55.190000000000005,22.0,0,0.0
16793,57,1,243.84,146,16,2.426875,0,243.84,146.0,0,0.0
16794,1,10,1194.48,922,141,1.7740072202166064,179,119.44800000000001,92.2,2,0.16666666666666666
16795,365,1,414.88,239,64,2.2053030303030305,0,414.88,239.0,0,0.0
16796,89,1,305.62,186,18,1.7455555555555555,0,305.62,186.0,0,0.0
16800,11,1,1162.65,524,148,3.7121794871794873,0,1162.65,524.0,0,0.0
16801,163,4,1594.23,493,72,6.002266666666667,110,398.5575,123.25,1,0.2
16803,65,1,332.3,245,24,2.1033333333333335,0,332.3,245.0,0,0.0
16804,23,3,536.99,246,59,3.2141666666666664,247,178.99666666666667,82.0,0,0.0
16805,174,2,460.59,539,94,1.7842857142857145,186,230.295,269.5,0,0.0
16806,103,4,736.21,355,67,2.6244565217391305,135,184.0525,88.75,0,0.0
16807,143,3,1121.59,778,57,2.5701492537313433,128,373.8633333333333,259.3333333333333,0,0.0
16808,99,2,288.42,196,21,2.332173913043478,175,144.21,98.0,0,0.0
16809,23,5,914.69,652,79,1.5418120805369127,239,182.93800000000002,130.4,1,0.16666666666666666
16810,192,1,309.54,114,15,3.5353333333333334,0,309.54,114.0,1,0.5
16811,5,2,547.07,477,26,2.3685714285714283,12,273.535,238.5,0,0.0
16812,361,1,479.35,81,15,5.533333333333333,0,479.35,81.0,0,0.0
16813,8,10,1652.18,1501,248,1.753051643192488,196,165.21800000000002,150.1,0,0.0
16814,14,21,6406.8,2691,121,3.3091509433962263,355,305.0857142857143,128.14285714285714,1,0.045454545454545456
16816,103,4,417.06,274,28,2.2528571428571427,254,104.265,68.5,0,0.0
16817,3,9,1604.75,822,73,3.5644186046511632,365,178.30555555555554,91.33333333333333,4,0.3076923076923077
16818,11,11,3349.57,2164,172,2.5258510638297875,194,304.50636363636363,196.72727272727272,2,0.15384615384615385
16820,96,1,497.61,307,26,3.7388461538461537,0,497.61,307.0,0,0.0
16823,227,1,358.38,136,34,3.273157894736842,0,358.38,136.0,0,0.0
16824,16,2,460.64,236,23,3.383076923076923,148,230.32,118.0,0,0.0
16825,39,2,775.1800000000001,566,27,3.3082142857142856,147,387.59000000000003,283.0,0,0.0
16826,51,1,341.7,158,22,3.985,0,341.7,158.0,0,0.0
16828,112,1,113.5,58,7,2.142857142857143,0,113.5,58.0,0,0.0
16829,157,1,197.22,99,11,3.019090909090909,0,197.22,99.0,0,0.0
16830,39,1,325.91,264,23,2.13,0,325.91,264.0,0,0.0
16832,184,3,199.15,33,11,8.083333333333334,33,66.38333333333334,11.0,0,0.0
16833,1,4,1106.53,440,46,3.1982978723404254,333,276.6325,110.0,0,0.0
16834,228,1,413.46,358,24,1.5062499999999999,0,413.46,358.0,0,0.0
16835,128,2,180.85,61,10,4.297,244,90.425,30.5,0,0.0
16836,40,2,251.87,165,11,2.174545454545455,76,125.935,82.5,0,0.0
16837,31,11,3170.98,1563,123,4.203090909090909,214,288.2709090909091,142.0909090909091,1,0.08333333333333333
16838,197,2,588.85,185,24,11.256799999999998,90,294.425,92.5,1,0.3333333333333333
16839,9,34,16594.35,8975,114,2.9833082706766914,360,488.06911764705876,263.97058823529414,5,0.1282051282051282
16841,37,6,1869.82,2250,101,1.2737931034482757,250,311.63666666666666,375.0,1,0.14285714285714285
16842,101,3,1264.19,693,45,3.161111111111111,201,421.3966666666667,231.0,1,0.25
16843,43,16,10196.57,10159,226,1.8746825396825397,284,637.285625,634.9375,1,0.058823529411764705
16846,50,1,214.32,135,11,2.661818181818182,0,214.32,135.0,0,0.0
16847,43,1,193.44,78,12,3.3074999999999997,0,193.44,78.0,0,0.0
16848,53,1,281.42,182,14,1.7100000000000002,0,281.42,182.0,0,0.0
16849,187,1,124.57,33,8,5.1049999999999995,0,124.57,33.0,0,0.0
16850,334,1,332.41,249,19,2.1210526315789475,0,332.41,249.0,0,0.0
16851,4,3,342.45,271,17,1.9634999999999998,47,114.14999999999999,90.33333333333333,0,0.0
16852,10,2,144.91000000000003,56,9,8.315555555555555,165,72.45500000000001,28.0,0,0.0
16855,24,2,328.4,164,19,3.7394736842105263,19,164.2,82.0,0,0.0
16856,15,1,35.400000000000006,12,2,2.95,0,35.400000000000006,12.0,0,0.0
16858,369,1,375.69000000000005,91,9,5.349,0,375.69000000000005,91.0,1,0.5
16859,145,2,747.81,827,50,2.820576923076923,116,373.905,413.5,3,0.6
16861,60,2,173.76,140,6,1.8950000000000002,98,86.88,70.0,1,0.3333333333333333
16863,31,2,502.8,409,25,1.68,335,251.4,204.5,2,0.5
16866,141,3,207.73999999999998,60,10,3.808181818181818,20,69.24666666666666,20.0,0,0.0
16869,23,4,817.12,583,113,2.284173228346457,152,204.28,145.75,1,0.2
16871,22,6,2812.34,1253,131,3.4572992700729923,248,468.72333333333336,208.83333333333334,1,0.14285714285714285
16872,77,3,680.02,600,5,9.68142857142857,107,226.67333333333332,200.0,0,0.0
16873,5,6,7123.62,3840,179,3.503727598566308,359,1187.27,640.0,4,0.4
16875,67,5,2095.53,1069,93,3.585267857142857,272,419.10600000000005,213.8,4,0.4444444444444444
16877,12,6,846.62,458,111,2.5448717948717947,195,141.10333333333332,76.33333333333333,0,0.0
16878,84,1,13.3,12,3,1.5833333333333333,0,13.3,12.0,1,0.5
16880,31,7,1491.43,746,121,3.6927011494252873,158,213.0614285714286,106.57142857142857,0,0.0
16881,67,1,432.0,600,1,0.72,0,432.0,600.0,0,0.0
16882,67,3,705.12,424,39,2.767179487179487,250,235.04,141.33333333333334,0,0.0
16883,187,2,272.48,103,33,3.6686486486486487,184,136.24,51.5,0,0.0
16884,38,2,429.84000000000003,320,26,1.9965384615384614,0,214.92000000000002,160.0,0,0.0
16885,15,3,450.41,178,82,3.4257291666666667,341,150.13666666666668,59.333333333333336,0,0.0
16887,35,1,192.32999999999998,156,35,1.9522222222222223,0,192.32999999999998,156.0,0,0.0
16889,195,3,1578.67,925,112,3.099037037037037,142,526.2233333333334,308.3333333333333,0,0.0
16891,2,5,742.43,265,166,3.075913978494624,369,148.486,53.0,0,0.0
16892,1,5,518.19,236,87,3.265360824742268,182,103.638,47.2,2,0.2857142857142857
16893,367,1,145.93,62,44,2.5971111111111114,0,145.93,62.0,0,0.0
16895,65,1,202.27,91,57,2.5338709677419353,0,202.27,91.0,0,0.0
16897,299,2,289.78,73,37,5.09972972972973,14,144.89,36.5,1,0.3333333333333333
16898,26,3,501.03,412,150,2.0812101910828025,342,167.01,137.33333333333334,1,0.25
16899,8,6,1271.06,520,80,3.3582926829268294,352,211.84333333333333,86.66666666666667,0,0.0
16900,17,3,882.16,832,77,2.088846153846154,46,294.05333333333334,277.3333333333333,1,0.25
16902,116,1,1706.88,629,43,3.8652272727272727,0,1706.88,629.0,0,0.0
16903,29,1,363.2,247,50,2.4151785714285716,0,363.2,247.0,0,0.0
16904,4,15,3634.95,1973,385,2.789155354449472,362,242.32999999999998,131.53333333333333,0,0.0
16905,5,7,3037.6,1381,117,3.5584924623115577,366,433.9428571428571,197.28571428571428,1,0.125
16906,82,4,559.59,263,74,3.354651162790698,166,139.8975,65.75,0,0.0
16907,29,5,928.76,286,89,3.7702857142857145,336,185.752,57.2,0,0.0
16909,72,1,379.14,436,18,3.238888888888889,0,379.14,436.0,1,0.5
16910,4,8,1508.96,884,318,2.1793577981651375,86,188.62,110.5,0,0.0
16912,29,11,2555.58,1025,88,4.054,294,232.32545454545453,93.18181818181819,3,0.21428571428571427
16913,290,1,113.44,82,8,2.07125,0,113.44,82.0,0,0.0
16914,36,1,183.76,112,25,2.603,0,183.76,112.0,0,0.0
16915,9,6,621.6800000000001,132,46,5.300175438596492,274,103.61333333333334,22.0,0,0.0
16916,24,2,562.41,431,129,2.2576470588235296,348,281.205,215.5,0,0.0
16917,277,1,391.52,232,9,3.873333333333333,0,391.52,232.0,0,0.0
16918,50,6,1068.82,721,97,2.080625,267,178.13666666666666,120.16666666666667,1,0.14285714285714285
16919,156,11,2592.25,1403,141,2.802239263803681,212,235.6590909090909,127.54545454545455,0,0.0
16921,61,1,154.18,154,50,1.557818181818182,0,154.18,154.0,0,0.0
16923,12,19,7069.08,3344,313,3.091884984025559,350,372.0568421052632,176.0,7,0.2692307692307692
16924,21,3,829.89,467,69,2.6811111111111114,62,276.63,155.66666666666666,1,0.25
16926,371,1,230.25,35,14,6.978571428571429,0,230.25,35.0,0,0.0
16927,116,3,543.05,993,5,2.9066666666666667,245,181.01666666666665,331.0,0,0.0
16928,80,17,2806.75,2091,68,1.8646798029556648,292,165.10294117647058,123.0,2,0.10526315789473684
16929,4,7,1295.39,929,51,2.0796103896103895,151,185.0557142857143,132.71428571428572,0,0.0
16930,26,3,378.89,339,47,1.639811320754717,42,126.29666666666667,113.0,0,0.0
16931,5,21,4554.87,3134,448,2.0453837471783296,364,216.89857142857142,149.23809523809524,0,0.0
16932,53,1,150.23000000000002,82,44,2.167708333333333,0,150.23000000000002,82.0,0,0.0
16933,1,2,563.23,288,42,2.8868181818181817,237,281.615,144.0,3,0.6
16934,55,2,931.03,397,59,3.928524590163934,0,465.515,198.5,0,0.0
16936,26,1,261.9,171,56,1.8964285714285716,0,261.9,171.0,0,0.0
16938,9,4,2711.6800000000003,2533,212,2.8279148936170215,300,677.9200000000001,633.25,1,0.2
16940,52,3,3049.88,2169,226,2.0787868852459015,237,1016.6266666666667,723.0,0,0.0
16942,13,9,1904.99,805,159,2.984693140794224,215,211.66555555555556,89.44444444444444,1,0.1
16943,212,3,816.73,145,23,6.822424242424242,106,272.24333333333334,48.333333333333336,0,0.0
16945,22,19,4345.5,2725,137,2.2293172690763052,336,228.71052631578948,143.42105263157896,0,0.0
16947,236,1,406.48,312,21,2.610952380952381,0,406.48,312.0,0,0.0
16948,139,3,435.02,1614,15,1.1131578947368421,187,145.00666666666666,538.0,0,0.0
16949,4,6,1286.27,791,57,6.3966666666666665,312,214.37833333333333,131.83333333333334,1,0.14285714285714285
16950,57,3,1178.56,644,39,3.0883333333333334,310,392.8533333333333,214.66666666666666,0,0.0
16951,135,3,1277.75,1318,73,1.4517441860465115,169,425.9166666666667,439.3333333333333,1,0.25
16952,109,2,167.61,92,16,5.236875,0,83.805,46.0,0,0.0
16953,30,1,20.8,10,1,2.08,0,20.8,10.0,0,0.0
16954,1,9,2085.08,1054,40,3.3449999999999998,358,231.67555555555555,117.11111111111111,0,0.0
16955,185,4,518.67,266,18,4.1983999999999995,188,129.6675,66.5,1,0.2
16956,18,1,308.74,114,16,4.229375,0,308.74,114.0,1,0.5
16957,239,2,416.64,172,15,3.329375,42,208.32,86.0,0,0.0
16959,87,1,117.35000000000001,49,7,3.007142857142857,0,117.35000000000001,49.0,0,0.0
16960,39,3,505.1,301,91,2.0311000000000003,213,168.36666666666667,100.33333333333333,0,0.0
16961,116,1,234.17,125,14,2.674285714285714,0,234.17,125.0,0,0.0
16963,187,1,110.55000000000001,35,7,3.342857142857143,0,110.55000000000001,35.0,0,0.0
16965,227,1,192.07,243,25,2.4215999999999998,0,192.07,243.0,0,0.0
16966,8,7,2154.97,1981,8,1.2935714285714286,231,307.8528571428571,283.0,2,0.2222222222222222
16967,189,1,319.02,333,21,1.1404761904761904,0,319.02,333.0,0,0.0
16968,4,2,439.43,326,31,2.803548387096774,103,219.715,163.0,0,0.0
16969,39,3,650.41,816,42,2.382142857142857,152,216.8033333333333,272.0,0,0.0
16971,38,1,357.21,72,40,7.760731707317073,0,357.21,72.0,0,0.0
16976,267,1,251.51999999999998,88,2,6.005,0,251.51999999999998,88.0,0,0.0
16978,78,1,344.33,166,39,2.944871794871795,0,344.33,166.0,0,0.0
16979,4,6,1852.0,865,64,3.4710112359550562,294,308.6666666666667,144.16666666666666,2,0.25
16980,255,2,1028.46,739,71,2.362345679012346,36,514.23,369.5,0,0.0
16982,61,1,384.06,182,22,2.453181818181818,0,384.06,182.0,0,0.0
16983,13,7,1905.87,1335,112,2.39986013986014,356,272.26714285714286,190.71428571428572,1,0.125
16984,88,2,4459.52,2380,354,3.5410000000000004,41,2229.76,1190.0,3,0.6
16985,17,10,5464.12,1832,62,4.208,341,546.412,183.2,1,0.09090909090909091
16986,30,2,1873.2,1040,3,1.9833333333333334,0,936.6,520.0,0,0.0
16987,3,7,1616.8,401,74,4.71765625,202,230.97142857142856,57.285714285714285,0,0.0
16988,5,1,126.12,43,7,5.977142857142858,0,126.12,43.0,0,0.0
16989,7,6,1133.25,1233,7,1.5,143,188.875,205.5,0,0.0
16990,219,1,179.0,100,1,1.79,0,179.0,100.0,0,0.0
16992,11,5,1614.31,860,84,3.8163440860215054,274,322.86199999999997,172.0,1,0.16666666666666666
16996,30,6,1456.96,544,13,2.984054054054054,323,242.82666666666668,90.66666666666667,3,0.3333333333333333
16997,288,3,702.0,360,7,1.95,37,234.0,120.0,0,0.0
16998,150,4,295.0,76,1,3.85,154,73.75,19.0,1,0.2
16999,23,2,484.82,294,21,2.427391304347826,50,242.41,147.0,0,0.0
17001,1,11,3989.57,2164,75,3.05698224852071,358,362.6881818181818,196.72727272727272,0,0.0
17002,86,3,1493.73,679,41,3.438775510204082,205,497.91,226.33333333333334,1,0.25
17004,46,2,1312.1399999999999,771,38,2.665581395348837,46,656.0699999999999,385.5,0,0.0
17006,5,4,781.78,272,37,3.7497727272727275,70,195.445,68.0,0,0.0
17007,51,6,889.9300000000001,597,50,3.3242307692307693,306,148.3216666666667,99.5,1,0.14285714285714285
17010,18,1,195.36,118,11,2.5500000000000003,0,195.36,118.0,1,0.5
17011,30,1,270.9,186,15,1.79,0,270.9,186.0,0,0.0
17014,8,3,583.4300000000001,243,63,2.9747222222222223,58,194.4766666666667,81.0,1,0.25
17015,29,3,1838.6100000000001,1978,182,1.418551401869159,156,612.87,659.3333333333334,0,0.0
17017,3,20,8694.26,6673,88,1.6860714285714284,369,434.713,333.65,7,0.25925925925925924
17018,41,2,920.1,176,15,6.223125,285,460.05,88.0,0,0.0
17019,11,4,1258.08,820,166,2.120263157894737,357,314.52,205.0,0,0.0
17022,31,1,71.0,108,7,0.9585714285714285,0,71.0,108.0,0,0.0
17024,45,3,95.85,69,2,1.3833333333333335,112,31.95,23.0,0,0.0
17025,61,3,357.77,235,8,2.006666666666667,312,119.25666666666666,78.33333333333333,0,0.0
17026,185,2,154.82999999999998,97,4,4.035,184,77.41499999999999,48.5,0,0.0
17027,79,6,877.5600000000001,416,110,2.6454054054054055,238,146.26000000000002,69.33333333333333,1,0.14285714285714285
17029,111,2,716.0,400,1,1.79,126,358.0,200.0,0,0.0
17030,64,1,146.87,146,11,2.661818181818182,0,146.87,146.0,0,0.0
17031,12,2,380.35,235,19,1.606818181818182,143,190.175,117.5,0,0.0
17033,86,3,1030.14,750,24,2.2567857142857144,273,343.38000000000005,250.0,0,0.0
17034,16,3,745.52,410,28,3.3606666666666665,271,248.50666666666666,136.66666666666666,1,0.25
17035,246,2,433.53000000000003,229,27,3.3057142857142856,65,216.76500000000001,114.5,1,0.3333333333333333
17037,88,1,1267.32,656,75,2.7634666666666665,0,1267.32,656.0,1,0.5
17038,30,1,112.4,28,22,4.440909090909091,0,112.4,28.0,0,0.0
17040,138,1,449.73,181,15,3.3006666666666664,0,449.73,181.0,0,0.0
17041,27,3,1071.49,927,59,1.9510144927536233,333,357.16333333333336,309.0,1,0.25
17042,3,5,1036.58,990,74,1.8214432989690723,244,207.31599999999997,198.0,0,0.0
17043,32,4,1735.18,998,100,3.143627450980392,234,433.795,249.5,0,0.0
17044,25,1,948.48,504,6,2.236666666666667,0,948.48,504.0,2,0.6666666666666666
17045,113,3,339.44,106,20,4.968181818181819,134,113.14666666666666,35.333333333333336,0,0.0
17046,157,1,642.02,510,22,2.169090909090909,0,642.02,510.0,0,0.0
17047,85,3,1100.9,533,59,3.536923076923077,119,366.9666666666667,177.66666666666666,0,0.0
17048,118,3,925.35,485,41,3.7065116279069765,213,308.45,161.66666666666666,3,0.5
17049,3,9,5655.03,2673,201,3.9342902208201895,273,628.3366666666666,297.0,2,0.18181818181818182
17050,96,6,3185.64,1595,169,2.755487012987013,203,530.9399999999999,265.8333333333333,0,0.0
17051,194,1,240.89000000000001,179,40,1.8349999999999997,0,240.89000000000001,179.0,0,0.0
17052,28,1,399.09,251,72,1.92,0,399.09,251.0,0,0.0
17053,131,1,498.48,122,13,4.499230769230769,0,498.48,122.0,1,0.5
17054,28,5,1356.33,804,64,4.77144578313253,216,271.26599999999996,160.8,1,0.16666666666666666
17058,82,3,1179.89,592,51,3.765322580645161,158,393.2966666666667,197.33333333333334,0,0.0
17059,30,5,3080.39,1850,292,2.6585408560311286,339,616.078,370.0,0,0.0
17060,266,1,234.24,216,5,1.7719999999999998,0,234.24,216.0,0,0.0
17061,74,11,5232.2300000000005,1526,57,5.0870707070707075,158,475.65727272727275,138.72727272727272,1,0.08333333333333333
17062,314,4,528.29,406,51,2.213235294117647,55,132.0725,101.5,1,0.2
17063,21,7,1461.14,770,66,2.656025641025641,268,208.73428571428573,110.0,4,0.36363636363636365
17064,59,3,855.45,316,53,3.7162295081967214,268,285.15000000000003,105.33333333333333,0,0.0
17068,12,21,4545.89,2159,115,2.5058983050847456,355,216.47095238095238,102.80952380952381,1,0.045454545454545456
17069,28,9,2709.7000000000003,1506,111,2.8552447552447555,345,301.0777777777778,167.33333333333334,4,0.3076923076923077
17070,114,1,304.24,131,62,2.5412903225806454,0,304.24,131.0,0,0.0
17071,28,9,2429.03,1197,102,3.376714285714286,281,269.89222222222224,133.0,5,0.35714285714285715
17073,18,4,1444.84,758,141,3.134393063583815,91,361.21,189.5,0,0.0
17075,18,4,834.12,292,62,3.8464935064935064,299,208.53,73.0,1,0.2
17076,36,3,841.0799999999999,295,17,5.8696,328,280.35999999999996,98.33333333333333,0,0.0
17078,36,2,375.86,782,27,0.6103703703703703,0,187.93,391.0,0,0.0
17079,78,1,118.80000000000001,24,2,4.95,0,118.80000000000001,24.0,0,0.0
17080,22,2,287.62,166,8,3.76375,247,143.81,83.0,1,0.3333333333333333
17081,25,2,288.91,77,55,3.835714285714286,20,144.455,38.5,0,0.0
17082,33,2,2003.85,1049,75,4.224567901234568,285,1001.925,524.5,0,0.0
17083,109,3,1405.78,772,24,2.0717307692307694,194,468.5933333333333,257.3333333333333,0,0.0
17084,35,2,2747.9900000000002,1702,146,2.8845637583892616,0,1373.9950000000001,851.0,0,0.0
17085,123,5,1562.4,785,115,2.724032258064516,239,312.48,157.0,1,0.16666666666666666
17086,7,6,2050.08,1859,76,2.1609374999999997,56,341.68,309.8333333333333,0,0.0
17088,28,4,1991.01,868,96,3.8090434782608695,225,497.7525,217.0,0,0.0
17090,4,7,1974.65,903,45,2.7237704918032786,349,282.09285714285716,129.0,1,0.125
17091,3,9,3827.76,1746,119,3.139846153846154,365,425.3066666666667,194.0,1,0.1
17092,50,4,1774.03,1130,99,2.2467741935483874,227,443.5075,282.5,0,0.0
17094,322,1,302.0,152,14,2.1464285714285714,0,302.0,152.0,1,0.5
17095,23,3,1324.16,618,69,3.755135135135135,312,441.3866666666667,206.0,2,0.4
17096,15,4,1022.13,339,46,4.555416666666667,246,255.5325,84.75,3,0.42857142857142855
17097,2,8,954.42,459,153,2.5918009478672985,363,119.3025,57.375,1,0.1111111111111111
17100,18,2,971.74,800,65,1.9433846153846153,0,485.87,400.0,0,0.0
17101,10,4,1621.73,815,28,2.8811904761904765,167,405.4325,203.75,0,0.0
17102,262,1,25.5,2,1,12.75,0,25.5,2.0,0,0.0
17105,159,2,665.78,693,80,1.9445555555555554,147,332.89,346.5,0,0.0
17107,33,6,10797.48,4826,269,3.3522355769230767,244,1799.58,804.3333333333334,1,0.14285714285714285
17109,29,6,881.29,588,107,2.318189655172414,203,146.88166666666666,98.0,2,0.25
17110,165,1,163.29999999999998,50,12,5.166666666666667,0,163.29999999999998,50.0,0,0.0
17111,47,1,231.61,282,29,1.8762068965517242,0,231.61,282.0,0,0.0
17114,6,8,801.12,215,85,5.1258536585365855,329,100.14,26.875,2,0.2
17115,8,3,837.5,372,33,4.382307692307692,224,279.1666666666667,124.0,2,0.4
17117,288,1,116.19999999999999,68,9,3.966666666666667,0,116.19999999999999,68.0,0,0.0
17118,318,1,157.02,154,10,1.3579999999999999,0,157.02,154.0,0,0.0
17119,3,2,606.91,334,35,3.578857142857143,56,303.455,167.0,1,0.3333333333333333
17120,233,1,307.46,120,18,4.396111111111111,0,307.46,120.0,0,0.0
17122,119,1,138.32,80,7,1.97,0,138.32,80.0,0,0.0
17123,162,1,345.29999999999995,246,9,1.7722222222222221,0,345.29999999999995,246.0,0,0.0
17124,185,1,294.24,129,31,3.396451612903226,0,294.24,129.0,0,0.0
17125,50,1,230.5,281,34,3.3182857142857145,0,230.5,281.0,0,0.0
17126,152,5,989.45,780,187,1.8836290322580644,210,197.89000000000001,156.0,2,0.2857142857142857
17128,335,1,157.09,76,14,3.985,0,157.09,76.0,0,0.0
17131,5,5,2463.17,983,78,3.519402985074627,70,492.634,196.6,0,0.0
17133,16,7,4892.240000000001,2730,13,2.1211111111111114,250,698.8914285714287,390.0,0,0.0
17134,107,2,413.2,98,21,5.558695652173912,157,206.6,49.0,0,0.0
17135,16,7,1139.73,1224,34,5.040961538461539,355,162.81857142857143,174.85714285714286,0,0.0
17138,276,1,380.5,126,24,4.90625,0,380.5,126.0,0,0.0
17139,16,12,10650.77,5176,309,3.7661635220125786,273,887.5641666666667,431.3333333333333,3,0.2
17140,247,1,454.12,296,16,2.5250000000000004,0,454.12,296.0,0,0.0
17142,239,1,579.0,81,15,19.186666666666667,0,579.0,81.0,0,0.0
17144,1,2,984.57,483,42,5.275833333333334,83,492.285,241.5,0,0.0
17146,106,3,749.78,212,33,7.031142857142857,253,249.92666666666665,70.66666666666667,0,0.0
17147,23,4,1714.59,882,68,3.190987654320988,289,428.6475,220.5,2,0.3333333333333333
17148,52,1,124.88,82,9,1.62,0,124.88,82.0,0,0.0
17152,195,3,1689.5,517,9,3.482857142857143,68,563.1666666666666,172.33333333333334,1,0.25
17153,24,1,213.78,104,14,2.789285714285714,0,213.78,104.0,0,0.0
17154,75,1,329.34,490,23,1.1069565217391304,0,329.34,490.0,0,0.0
17155,18,2,251.70000000000002,242,19,2.568,160,125.85000000000001,121.0,0,0.0
17157,8,2,319.0,172,11,2.5461538461538464,168,159.5,86.0,1,0.3333333333333333
17158,32,3,1266.97,778,53,3.2455223880597015,328,422.3233333333333,259.3333333333333,0,0.0
17159,22,3,1538.88,1111,96,2.389108910891089,150,512.96,370.3333333333333,1,0.25
17160,31,6,3518.03,2856,111,1.6480349344978165,210,586.3383333333334,476.0,0,0.0
17162,29,10,1715.46,1001,81,3.83,276,171.546,100.1,1,0.09090909090909091
17163,22,2,293.1,66,3,4.529999999999999,56,146.55,33.0,0,0.0
17164,33,7,2467.35,1501,92,2.4883333333333333,240,352.4785714285714,214.42857142857142,1,0.125
17165,284,1,158.68,100,10,3.0669999999999997,0,158.68,100.0,0,0.0
17166,39,2,206.34,78,11,3.115,165,103.17,39.0,1,0.3333333333333333
17169,58,2,835.78,526,51,2.830740740740741,125,417.89,263.0,2,0.5
17171,289,1,224.91,185,16,2.38,0,224.91,185.0,0,0.0
17172,79,1,317.76,480,15,0.8446666666666667,0,317.76,480.0,0,0.0
17173,5,8,3766.6,1122,36,3.7151162790697674,125,470.825,140.25,1,0.1111111111111111
17174,218,1,59.9,41,4,1.6625,0,59.9,41.0,0,0.0
17175,44,4,1443.69,866,42,4.0947619047619055,252,360.9225,216.5,1,0.2
17176,202,1,306.13,170,15,2.772666666666667,0,306.13,170.0,0,0.0
17179,178,3,711.79,290,56,2.314375,183,237.26333333333332,96.66666666666667,0,0.0
17180,56,4,783.97,670,91,1.9075199999999999,259,195.9925,167.5,2,0.3333333333333333
17181,57,2,239.92000000000002,241,23,3.039565217391304,316,119.96000000000001,120.5,0,0.0
17183,8,6,3347.31,1296,42,4.032465753424658,97,557.885,216.0,2,0.25
17186,47,2,144.0,200,1,0.72,13,72.0,100.0,0,0.0
17187,227,1,203.95,144,10,3.7649999999999997,0,203.95,144.0,0,0.0
17188,11,7,2474.23,1328,71,2.6591666666666667,351,353.4614285714286,189.71428571428572,2,0.2222222222222222
17189,106,2,383.75,226,52,2.3425000000000002,253,191.875,113.0,0,0.0
17190,59,2,444.74,161,19,12.313684210526317,148,222.37,80.5,1,0.3333333333333333
17191,28,7,2093.68,1166,163,2.5697881355932206,340,299.09714285714284,166.57142857142858,0,0.0
17193,36,7,1699.3000000000002,1254,17,2.4309375,141,242.7571428571429,179.14285714285714,2,0.2222222222222222
17194,361,1,226.78,112,25,3.1292,0,226.78,112.0,0,0.0
17197,30,1,1013.01,191,29,5.508965517241379,0,1013.01,191.0,0,0.0
17198,24,3,692.22,357,89,2.8972916666666664,347,230.74,119.0,0,0.0
17201,54,1,289.78,231,38,1.9963157894736843,0,289.78,231.0,0,0.0
17203,36,6,3560.08,2846,116,1.7545945945945947,24,593.3466666666667,474.3333333333333,0,0.0
17204,175,4,1564.56,646,44,4.6410526315789475,88,391.14,161.5,5,0.5555555555555556
17205,54,1,384.08,884,13,0.5253846153846153,0,384.08,884.0,0,0.0
17206,53,1,204.24,76,7,2.7885714285714287,0,204.24,76.0,0,0.0
17211,27,8,2317.2200000000003,1323,150,3.2573933649289097,342,289.65250000000003,165.375,1,0.1111111111111111
17212,253,1,226.85,147,4,1.385,0,226.85,147.0,0,0.0
17213,40,7,2781.23,1176,85,4.155414012738853,326,397.31857142857143,168.0,4,0.36363636363636365
17214,60,6,1059.1200000000001,272,79,5.328415841584158,298,176.52,45.333333333333336,1,0.14285714285714285
17217,234,1,113.5,24,9,3.716666666666667,0,113.5,24.0,0,0.0
17218,4,10,1951.97,955,146,2.9098523985239853,363,195.197,95.5,0,0.0
17219,32,1,114.23,89,24,1.8852000000000002,0,114.23,89.0,0,0.0
17220,24,14,3187.55,1897,303,2.4691006423982866,339,227.68214285714288,135.5,0,0.0
17221,7,2,334.48,287,59,1.9653225806451613,28,167.24,143.5,0,0.0
17222,65,1,328.65,122,27,2.9444444444444446,0,328.65,122.0,0,0.0
17223,310,2,381.89,109,42,3.7,58,190.945,54.5,0,0.0
17226,309,1,393.49,406,21,2.5752380952380953,0,393.49,406.0,0,0.0
17227,19,6,939.32,741,28,1.3721276595744683,349,156.55333333333334,123.5,0,0.0
17228,16,8,1906.09,1532,140,1.7266346153846153,356,238.26125,191.5,0,0.0
17229,96,2,318.76,185,39,2.008936170212766,46,159.38,92.5,0,0.0
17230,264,8,3638.41,1651,51,3.736521739130435,95,454.80125,206.375,3,0.2727272727272727
17231,12,10,3124.72,1724,292,2.7403389830508473,349,312.472,172.4,4,0.2857142857142857
17232,3,2,417.77,202,30,2.625142857142857,11,208.885,101.0,0,0.0
17233,35,1,190.88,131,25,2.4748,0,190.88,131.0,0,0.0
17234,183,1,149.89000000000001,55,14,3.697857142857143,0,149.89000000000001,55.0,0,0.0
17235,25,2,550.06,224,24,3.179310344827586,347,275.03,112.0,0,0.0
17236,13,6,916.13,474,88,2.6937142857142855,350,152.68833333333333,79.0,0,0.0
17237,11,2,314.69,105,18,3.2257894736842103,11,157.345,52.5,0,0.0
17238,3,17,3719.1,1807,297,2.7016396396396396,368,218.7705882352941,106.29411764705883,0,0.0
17239,313,1,382.5,150,15,4.066666666666666,0,382.5,150.0,1,0.5
17242,108,2,1135.04,611,30,2.14775,72,567.52,305.5,0,0.0
17243,1,26,8531.65,3316,179,4.193031088082901,368,328.1403846153846,127.53846153846153,4,0.13333333333333333
17244,53,1,954.9,616,31,1.7067741935483869,0,954.9,616.0,0,0.0
17245,205,1,171.45,75,9,2.9055555555555554,0,171.45,75.0,0,0.0
17247,15,1,280.09000000000003,105,53,3.303888888888889,0,280.09000000000003,105.0,0,0.0
17248,120,1,318.65,213,68,1.905217391304348,0,318.65,213.0,0,0.0
17250,4,2,381.97,167,55,3.0223214285714284,257,190.985,83.5,0,0.0
17251,363,1,269.83,108,37,3.3294594594594593,0,269.83,108.0,0,0.0
17252,117,2,348.91,192,86,2.747558139534884,69,174.455,96.0,0,0.0
17253,18,1,178.26,43,18,5.614444444444445,0,178.26,43.0,0,0.0
17254,5,2,271.19,251,100,1.5078378378378379,10,135.595,125.5,0,0.0
17255,41,2,291.48,227,69,1.9629729729729728,258,145.74,113.5,0,0.0
17256,107,2,240.0,141,12,2.448125,204,120.0,70.5,0,0.0
17259,148,2,581.23,388,104,2.3613793103448275,220,290.615,194.0,0,0.0
17262,52,5,1253.3600000000001,367,9,4.0275,313,250.67200000000003,73.4,0,0.0
17263,208,1,63.440000000000005,36,23,2.011304347826087,0,63.440000000000005,36.0,0,0.0
17265,139,2,550.01,389,106,2.3179508196721312,41,275.005,194.5,0,0.0
17266,2,3,296.58,153,60,2.668493150684932,145,98.86,51.0,0,0.0
17267,127,2,317.2,158,37,3.4818918918918924,0,158.6,79.0,0,0.0
17268,108,4,763.64,844,3,1.0066666666666666,137,190.91,211.0,0,0.0
17272,42,4,2148.63,1778,70,1.8583333333333334,220,537.1575,444.5,1,0.2
17274,35,1,107.82,77,24,1.7172,0,107.82,77.0,0,0.0
17277,228,2,1065.3500000000001,430,67,3.351594202898551,95,532.6750000000001,215.0,0,0.0
17278,241,1,246.04,179,15,4.753333333333334,0,246.04,179.0,0,0.0
17279,58,1,187.82999999999998,48,8,6.736666666666666,0,187.82999999999998,48.0,0,0.0
17282,130,3,1685.46,1866,79,2.405393258426966,169,561.82,622.0,0,0.0
17284,60,6,1647.48,1362,229,1.6152233676975944,276,274.58,227.0,1,0.14285714285714285
17286,22,1,151.37,117,44,1.856818181818182,0,151.37,117.0,0,0.0
17287,26,7,1049.06,556,88,3.1524590163934425,346,149.8657142857143,79.42857142857143,0,0.0
17288,9,7,1417.63,1201,118,2.697857142857143,349,202.51857142857145,171.57142857142858,0,0.0
17289,32,3,931.02,513,86,2.2070192307692307,148,310.34,171.0,1,0.25
17290,4,2,513.01,397,92,2.6145833333333335,12,256.505,198.5,0,0.0
17291,308,1,550.8000000000001,72,1,7.65,0,550.8000000000001,72.0,0,0.0
17293,8,9,1854.06,1135,93,2.7444696969696967,352,206.00666666666666,126.11111111111111,0,0.0
17295,29,3,547.0,293,53,2.8467647058823533,35,182.33333333333334,97.66666666666667,0,0.0
17297,17,1,128.18,65,49,2.2220408163265306,0,128.18,65.0,0,0.0
17298,101,2,498.42,387,30,2.0803333333333334,23,249.21,193.5,0,0.0
17299,12,4,656.61,668,50,1.6403636363636362,161,164.1525,167.0,0,0.0
17301,21,1,163.24,137,59,1.6742372881355931,0,163.24,137.0,0,0.0
17302,15,5,1135.63,575,68,2.506582278481013,290,227.12600000000003,115.0,1,0.16666666666666666
17303,361,1,250.04,144,53,2.940943396226415,0,250.04,144.0,0,0.0
17306,11,19,8631.31,11491,13,1.558030303030303,342,454.2794736842105,604.7894736842105,2,0.09523809523809523
17309,95,1,82.75,41,11,2.9375,0,82.75,41.0,0,0.0
17311,78,2,1384.85,1005,55,3.0627272727272725,238,692.425,502.5,0,0.0
17312,139,3,644.3,372,11,2.305,20,214.76666666666665,124.0,0,0.0
17313,31,1,2328.84,1402,24,2.1425,0,2328.84,1402.0,1,0.5
17314,25,8,2527.92,1896,120,2.458091603053435,287,315.99,237.0,3,0.2727272727272727
17315,2,36,6241.15,3837,254,2.7120726495726495,355,173.36527777777778,106.58333333333333,5,0.12195121951219512
17317,46,3,2600.34,1146,8,3.2244444444444444,43,866.7800000000001,382.0,2,0.4
17320,100,3,1200.6200000000001,634,57,3.742191780821918,267,400.2066666666667,211.33333333333334,0,0.0
17321,8,2,657.16,364,94,2.632222222222222,59,328.58,182.0,0,0.0
17323,15,7,903.12,756,124,1.4299484536082476,277,129.01714285714286,108.0,2,0.2222222222222222
17324,18,4,986.48,843,43,2.745510204081633,348,246.62,210.75,0,0.0
17325,280,1,96.8,60,6,1.633333333333333,0,96.8,60.0,0,0.0
17329,14,2,523.11,142,29,4.12939393939394,300,261.555,71.0,0,0.0
17330,23,2,363.9,120,5,4.488333333333333,44,181.95,60.0,0,0.0
17331,124,1,175.2,16,1,10.95,0,175.2,16.0,0,0.0
17333,86,1,494.25,375,28,1.772142857142857,0,494.25,375.0,0,0.0
17334,302,2,307.02,315,11,1.3527272727272728,6,153.51,157.5,1,0.3333333333333333
17337,151,4,1979.61,1246,420,2.3060384615384617,158,494.9025,311.5,3,0.42857142857142855
17338,17,8,6484.75,3044,388,2.7848817802503474,344,810.59375,380.5,2,0.2
17339,94,2,243.36,152,9,2.9522222222222223,270,121.68,76.0,0,0.0
17340,30,11,12353.29,5967,229,3.148869778869779,336,1123.0263636363636,542.4545454545455,4,0.26666666666666666
17341,157,3,682.29,443,147,2.0989808917197452,209,227.42999999999998,147.66666666666666,0,0.0
17343,355,1,193.64,56,17,4.70235294117647,0,193.64,56.0,0,0.0
17344,46,1,157.62,65,31,2.8296774193548386,0,157.62,65.0,0,0.0
17345,15,4,519.6899999999999,341,70,2.697710843373494,181,129.92249999999999,85.25,0,0.0
17346,4,15,2622.88,1617,299,2.3961490683229814,369,174.85866666666666,107.8,1,0.0625
17347,86,1,228.96,216,1,1.06,0,228.96,216.0,0,0.0
17348,15,5,1156.6,1398,180,1.6993427230046947,283,231.32,279.6,0,0.0
17349,179,1,98.25,102,8,3.3175,0,98.25,102.0,0,0.0
17350,8,4,1281.32,770,66,2.472857142857143,42,320.33,192.5,1,0.2
17351,36,3,587.15,113,22,5.725555555555555,237,195.71666666666667,37.666666666666664,0,0.0
17353,129,2,1740.0,1200,5,1.45,25,870.0,600.0,0,0.0
17354,51,1,1393.06,1006,15,1.4068749999999999,0,1393.06,1006.0,0,0.0
17356,312,1,178.22,166,19,1.121578947368421,0,178.22,166.0,0,0.0
17357,24,2,384.39,152,41,3.4481818181818182,0,192.195,76.0,0,0.0
17358,303,2,360.81,190,55,2.731551724137931,52,180.405,95.0,0,0.0
17359,11,1,127.86,161,13,2.104,0,127.86,161.0,0,0.0
17360,17,3,568.24,328,113,2.848,166,189.41333333333333,109.33333333333333,0,0.0
17361,49,3,488.2,157,26,4.833793103448276,242,162.73333333333332,52.333333333333336,0,0.0
17362,239,2,312.23,191,30,2.991142857142857,70,156.115,95.5,0,0.0
17364,1,11,4462.68,2692,288,2.711477832512315,330,405.69818181818187,244.72727272727272,1,0.08333333333333333
17365,13,8,4762.32,4737,277,1.9420689655172414,320,595.29,592.125,0,0.0
17367,238,1,167.55,149,33,1.9278787878787877,0,167.55,149.0,0,0.0
17368,23,8,1878.87,1377,93,2.50392523364486,314,234.85875,172.125,1,0.1111111111111111
17370,73,4,446.18,540,31,1.396969696969697,96,111.545,135.0,0,0.0
17371,17,3,418.4,151,83,3.1536046511627904,343,139.46666666666667,50.333333333333336,0,0.0
17372,41,8,1337.18,747,215,2.3232270916334663,321,167.1475,93.375,0,0.0
17373,40,4,646.92,408,47,1.8789473684210525,272,161.73,102.0,0,0.0
17374,219,2,495.77,85,24,7.0996428571428565,62,247.885,42.5,0,0.0
17375,199,3,400.1,367,63,2.7102898550724634,162,133.36666666666667,122.33333333333333,1,0.25
17376,71,2,203.2,86,23,3.454166666666667,240,101.6,43.0,0,0.0
17377,24,20,4058.32,2038,190,2.6302475247524755,349,202.916,101.9,1,0.047619047619047616
17379,11,1,389.71999999999997,623,71,1.3534615384615383,0,389.71999999999997,623.0,0,0.0
17381,9,29,20275.61,25649,40,1.3353211009174313,363,699.1589655172414,884.448275862069,1,0.03333333333333333
17382,65,1,65.4,25,2,8.55,0,65.4,25.0,0,0.0
17383,4,1,193.39000000000001,148,49,1.8118367346938775,0,193.39000000000001,148.0,0,0.0
17384,19,2,336.4,88,12,3.2493333333333334,199,168.2,44.0,0,0.0
17385,15,1,256.11,197,42,1.9497777777777776,0,256.11,197.0,0,0.0
17386,8,6,2686.42,1902,23,1.6421428571428573,157,447.7366666666667,317.0,0,0.0
17387,20,2,746.81,522,71,2.432236842105263,13,373.405,261.0,0,0.0
17388,78,4,1259.56,1068,13,4.6979999999999995,209,314.89,267.0,0,0.0
17389,1,34,31833.68,7612,45,5.688826291079812,330,936.2847058823529,223.88235294117646,8,0.19047619047619047
17391,164,2,508.8,480,2,1.06,0,254.4,240.0,0,0.0
17392,307,2,411.27,275,52,3.392181818181818,51,205.635,137.5,0,0.0
17394,219,1,203.86999999999998,241,4,3.4425,0,203.86999999999998,241.0,0,0.0
17396,39,7,7312.8,2004,23,3.8938461538461535,332,1044.6857142857143,286.2857142857143,0,0.0
17397,22,2,681.41,250,88,3.0520224719101123,0,340.705,125.0,0,0.0
17398,115,3,653.38,310,30,4.841578947368421,140,217.79333333333332,103.33333333333333,0,0.0
17400,126,5,2097.84,1088,175,3.3175728155339805,226,419.56800000000004,217.6,0,0.0
17402,5,12,2598.85,700,32,5.357758620689655,364,216.57083333333333,58.333333333333336,0,0.0
17403,36,1,263.92,111,32,3.141875,0,263.92,111.0,0,0.0
17404,4,13,31781.82,32744,109,1.7917948717948717,356,2444.7553846153846,2518.769230769231,3,0.1875
17405,1,3,1031.41,726,77,3.1534146341463414,149,343.80333333333334,242.0,2,0.4
17406,333,3,2184.42,780,99,6.7990090090090085,33,728.14,260.0,2,0.4
17408,163,1,32.65,3,2,11.35,0,32.65,3.0,0,0.0
17409,185,2,771.85,105,13,7.625384615384615,63,385.925,52.5,0,0.0
17410,16,5,1214.72,616,57,3.48953125,199,242.94400000000002,123.2,0,0.0
17411,12,3,778.94,306,39,4.144146341463415,249,259.6466666666667,102.0,1,0.25
17412,3,7,1258.06,738,48,2.721060606060606,369,179.72285714285712,105.42857142857143,0,0.0
17414,44,2,778.0,2100,5,0.425,141,389.0,1050.0,0,0.0
17415,80,1,507.84,114,14,13.96642857142857,0,507.84,114.0,0,0.0
17416,30,7,6893.42,4302,186,2.3484758364312266,251,984.7742857142857,614.5714285714286,2,0.2222222222222222
17418,42,2,463.46000000000004,289,29,2.941666666666667,281,231.73000000000002,144.5,0,0.0
17419,11,12,4226.57,1876,155,4.12121359223301,355,352.21416666666664,156.33333333333334,2,0.14285714285714285
17420,50,3,598.83,265,28,3.881333333333333,323,199.61,88.33333333333333,0,0.0
17422,16,6,1979.37,2253,93,1.4844444444444445,279,329.895,375.5,4,0.4
17423,46,2,698.41,459,26,2.2849999999999997,171,349.205,229.5,2,0.5
17425,19,2,759.17,407,42,2.670930232558139,41,379.585,203.5,0,0.0
17426,8,6,5037.26,3094,179,3.014686346863469,274,839.5433333333334,515.6666666666666,1,0.14285714285714285
17427,72,1,100.8,34,2,4.165,0,100.8,34.0,0,0.0
17428,1,28,17256.85,9474,252,3.572774390243903,368,616.3160714285714,338.35714285714283,5,0.15151515151515152
17429,128,3,524.9200000000001,624,36,2.086153846153846,90,174.97333333333336,208.0,1,0.25
17430,33,2,265.76,190,14,1.997857142857143,332,132.88,95.0,0,0.0
17431,313,1,403.3,292,41,1.9611627906976743,0,403.3,292.0,0,0.0
17432,18,2,365.76,207,44,2.5272916666666667,19,182.88,103.5,0,0.0
17433,88,1,303.15999999999997,185,53,2.4059259259259256,0,303.15999999999997,185.0,0,0.0
17434,2,7,2373.82,1693,100,2.741044776119403,82,339.1171428571429,241.85714285714286,2,0.2222222222222222
17436,2,2,216.29999999999998,90,7,2.4277777777777776,225,108.14999999999999,45.0,0,0.0
17438,254,1,388.45000000000005,103,17,5.238235294117647,0,388.45000000000005,103.0,1,0.5
17440,157,3,186.42000000000002,246,3,0.678,90,62.14000000000001,82.0,2,0.4
17442,37,6,2248.56,1496,96,2.5273333333333334,253,374.76,249.33333333333334,4,0.4
17443,220,1,534.24,504,1,1.06,0,534.24,504.0,0,0.0
17444,152,2,2389.1,2118,131,2.484776119402985,21,1194.55,1059.0,0,0.0
17446,177,2,120.9,198,6,0.7722222222222223,133,60.45,99.0,0,0.0
17447,40,2,541.53,443,33,1.6922222222222223,31,270.765,221.5,0,0.0
17449,2,7,2516.21,1120,177,3.4996363636363634,357,359.4585714285714,160.0,1,0.125
17450,8,46,194390.79,69973,124,3.3789285714285713,359,4225.886739130435,1521.1521739130435,3,0.061224489795918366
17451,1,7,1721.4,1203,83,2.2744,104,245.91428571428574,171.85714285714286,3,0.3
17453,18,2,486.71999999999997,219,19,3.4231578947368417,46,243.35999999999999,109.5,0,0.0
17454,192,4,517.53,243,57,2.6434426229508197,167,129.3825,60.75,0,0.0
17455,204,1,131.7,66,8,2.825,0,131.7,66.0,0,0.0
17456,365,1,249.86,222,17,1.5076470588235293,0,249.86,222.0,0,0.0
17457,127,5,1737.7,826,14,3.221052631578947,212,347.54,165.2,0,0.0
17458,15,1,316.5,170,52,2.4331481481481485,0,316.5,170.0,0,0.0
17459,43,2,657.3,537,88,1.9172072072072073,16,328.65,268.5,0,0.0
17460,94,6,622.4300000000001,236,18,4.310689655172414,278,103.73833333333334,39.333333333333336,2,0.25
17461,23,3,735.82,770,104,2.4043396226415097,6,245.27333333333334,256.6666666666667,0,0.0
17462,60,2,675.69,227,25,3.8862962962962966,223,337.845,113.5,1,0.3333333333333333
17463,16,5,1875.86,1086,162,2.815817307692308,296,375.17199999999997,217.2,1,0.16666666666666666
17464,158,1,289.96000000000004,220,9,2.7211111111111115,0,289.96000000000004,220.0,0,0.0
17466,10,2,763.28,306,41,4.690975609756098,68,381.64,153.0,0,0.0
17468,10,2,137.0,116,5,1.17,4,68.5,58.0,0,0.0
17469,16,5,1870.97,787,61,3.0990909090909096,188,374.194,157.4,1,0.16666666666666666
17470,45,5,1125.07,1675,67,1.2026923076923077,323,225.01399999999998,335.0,0,0.0
17472,191,3,697.54,455,142,2.0647126436781607,108,232.51333333333332,151.66666666666666,0,0.0
17475,79,1,194.37,178,14,1.7764285714285715,0,194.37,178.0,0,0.0
17480,78,1,511.82,338,29,1.8,0,511.82,338.0,1,0.5
17481,4,4,1255.59,1061,69,2.549390243902439,90,313.8975,265.25,1,0.2
17483,65,3,414.04,191,18,3.264761904761905,117,138.01333333333335,63.666666666666664,0,0.0
17486,261,1,396.87,191,24,2.89625,0,396.87,191.0,0,0.0
17489,59,2,376.64,428,28,1.076896551724138,153,188.32,214.0,0,0.0
17490,1,7,2092.32,1134,63,3.0061842105263157,175,298.90285714285716,162.0,4,0.36363636363636365
17491,1,10,3558.87,2013,72,3.312935779816514,366,355.887,201.3,1,0.09090909090909091
17492,248,1,374.57,155,12,3.5233333333333334,0,374.57,155.0,0,0.0
17495,8,2,497.56,229,21,3.68,31,248.78,114.5,0,0.0
17496,359,1,271.05,79,10,5.165,0,271.05,79.0,0,0.0
17498,76,1,272.22,394,17,2.0194117647058825,0,272.22,394.0,0,0.0
17499,290,1,622.88,711,40,1.73825,0,622.88,711.0,0,0.0
17500,17,3,1138.0,17,3,54.3,12,379.3333333333333,5.666666666666667,0,0.0
17501,221,2,288.6,160,18,3.4944444444444445,0,144.3,80.0,0,0.0
17502,9,4,689.1,376,25,2.8096428571428573,19,172.275,94.0,0,0.0
17503,3,2,558.96,486,36,2.3276315789473685,35,279.48,243.0,0,0.0
17504,206,9,2997.0299999999997,1664,112,3.409527559055118,116,333.00333333333333,184.88888888888889,1,0.1
17505,162,2,1145.84,556,48,2.9532692307692305,44,572.92,278.0,0,0.0
17506,76,1,302.2,139,14,3.6342857142857143,0,302.2,139.0,1,0.5
17507,262,2,605.58,359,79,2.6617045454545454,47,302.79,179.5,0,0.0
17508,281,1,387.31,289,22,1.622272727272727,0,387.31,289.0,0,0.0
17509,58,8,6083.64,3512,75,2.2636538461538462,5,760.455,439.0,3,0.2727272727272727
17510,25,1,308.48,214,20,2.211,0,308.48,214.0,0,0.0
17511,3,31,91062.38,64549,453,2.3066251298027,370,2937.496129032258,2082.2258064516127,14,0.3111111111111111
17512,29,10,2924.9900000000002,2753,61,1.9543809523809526,272,292.499,275.3,1,0.09090909090909091
17513,72,1,513.2,254,6,2.77,0,513.2,254.0,0,0.0
17514,128,1,208.65,135,40,2.228,0,208.65,135.0,0,0.0
17515,31,4,639.02,243,49,3.7408045977011493,286,159.755,60.75,0,0.0
17516,15,5,764.88,414,113,2.7762962962962963,270,152.976,82.8,0,0.0
17517,309,1,153.94,102,11,2.5381818181818185,0,153.94,102.0,0,0.0
17519,17,6,1844.02,1236,60,3.1192682926829267,351,307.33666666666664,206.0,1,0.14285714285714285
17520,54,1,546.81,365,30,3.2976666666666663,0,546.81,365.0,0,0.0
17521,30,3,723.2099999999999,519,38,1.9406666666666665,169,241.06999999999996,173.0,1,0.25
17522,2,5,1066.15,1022,58,1.9662499999999998,216,213.23000000000002,204.4,0,0.0
17523,11,4,652.74,872,25,3.128181818181818,7,163.185,218.0,0,0.0
17524,361,1,145.0,90,6,1.5916666666666668,0,145.0,90.0,0,0.0
17525,360,1,422.70000000000005,82,9,6.005555555555556,0,422.70000000000005,82.0,0,0.0
17526,5,4,1195.8999999999999,310,17,5.22578947368421,360,298.97499999999997,77.5,4,0.5
17527,54,4,939.37,488,45,3.408936170212766,164,234.8425,122.0,2,0.3333333333333333
17528,1,8,3628.5,2138,183,3.161818181818182,70,453.5625,267.25,3,0.2727272727272727
17530,1,10,2362.53,1511,305,2.3243298969072166,363,236.25300000000001,151.1,0,0.0
17531,190,1,296.7,136,14,4.1242857142857146,0,296.7,136.0,0,0.0
17534,54,1,223.36,103,9,2.677777777777778,0,223.36,103.0,0,0.0
17535,280,1,164.4,136,13,1.473076923076923,0,164.4,136.0,0,0.0
17536,177,1,76.5,6,3,12.75,0,76.5,6.0,0,0.0
17537,30,2,887.67,699,74,2.561891891891892,273,443.835,349.5,0,0.0
17538,26,1,98.42,134,9,1.1933333333333334,0,98.42,134.0,0,0.0
17540,25,2,578.9,194,20,3.534,291,289.45,97.0,1,0.3333333333333333
17542,270,1,170.75,134,24,2.5839999999999996,0,170.75,134.0,0,0.0
17545,43,3,642.32,337,122,2.5307801418439717,0,214.10666666666668,112.33333333333333,0,0.0
17548,234,1,103.3,58,5,2.43,0,103.3,58.0,2,0.6666666666666666
17549,24,2,148.86,210,5,1.7666666666666666,27,74.43,105.0,0,0.0
17550,197,3,267.16,86,42,2.978095238095238,45,89.05333333333334,28.666666666666668,0,0.0
17551,359,1,290.34,142,39,2.5902564102564103,0,290.34,142.0,0,0.0
17552,60,4,930.41,719,43,2.2583673469387753,311,232.6025,179.75,1,0.2
17553,130,1,1487.6,1048,2,3.1,0,1487.6,1048.0,0,0.0
17554,1,5,1952.45,1763,58,3.0594318181818183,146,390.49,352.6,0,0.0
17555,20,2,480.31,348,101,2.1773333333333333,314,240.155,174.0,0,0.0
17556,206,1,157.9,101,6,4.778333333333333,0,157.9,101.0,0,0.0
17557,14,3,541.46,306,27,2.702058823529412,66,180.48666666666668,102.0,0,0.0
17560,95,4,854.95,635,22,3.4342307692307696,215,213.7375,158.75,0,0.0
17561,19,1,165.12,144,44,2.1131111111111114,0,165.12,144.0,0,0.0
17562,14,7,1122.38,817,48,1.8968253968253967,159,160.34,116.71428571428571,1,0.125
17564,24,3,454.01,146,38,3.722448979591837,55,151.33666666666667,48.666666666666664,0,0.0
17566,8,2,869.77,497,113,2.6519718309859153,17,434.885,248.5,0,0.0
17567,7,8,4331.48,2632,110,2.3494545454545457,365,541.435,329.0,2,0.2
17569,332,1,344.14,159,29,3.3531034482758617,0,344.14,159.0,0,0.0
17571,50,4,1424.42,875,246,2.7939629629629628,248,356.105,218.75,0,0.0
17572,71,4,226.75000000000003,95,7,3.158333333333333,302,56.68750000000001,23.75,0,0.0
17573,29,3,380.6,308,24,2.2028,64,126.86666666666667,102.66666666666667,1,0.25
17574,243,1,185.65,77,8,3.3162499999999997,0,185.65,77.0,0,0.0
17576,8,19,3564.83,1967,245,2.9943781094527364,357,187.62263157894736,103.52631578947368,3,0.13636363636363635
17578,218,1,143.45999999999998,138,5,1.286,0,143.45999999999998,138.0,1,0.5
17579,5,3,448.90000000000003,258,46,2.476,174,149.63333333333335,86.0,1,0.25
17580,253,3,212.77,87,42,2.1395454545454546,105,70.92333333333333,29.0,0,0.0
17581,1,25,11025.24,5915,229,3.12125284738041,371,441.0096,236.6,6,0.1935483870967742
17582,236,1,175.27,123,28,2.134137931034483,0,175.27,123.0,0,0.0
17584,7,2,1242.3,458,30,3.982857142857143,120,621.15,229.0,1,0.3333333333333333
17585,109,4,1116.68,1650,176,1.39625,228,279.17,412.5,0,0.0
17588,100,3,1240.2,676,19,5.203043478260869,132,413.40000000000003,225.33333333333334,0,0.0
17589,60,4,2402.92,1630,171,2.1784920634920635,180,600.73,407.5,0,0.0
17590,2,3,1466.77,821,161,2.693076923076923,37,488.92333333333335,273.6666666666667,0,0.0
17591,73,7,2203.67,1000,81,3.5926751592356685,293,314.81,142.85714285714286,1,0.125
17593,4,5,3923.86,3089,190,2.5075471698113208,349,784.772,617.8,1,0.16666666666666666
17594,85,2,993.18,550,42,1.9409999999999998,169,496.59,275.0,0,0.0
17595,12,2,386.69,228,68,2.502560975609756,24,193.345,114.0,0,0.0
17596,23,7,2806.69,4376,168,1.9309811320754717,345,400.9557142857143,625.1428571428571,0,0.0
17597,214,1,2044.3700000000001,1176,55,3.3992727272727272,0,2044.3700000000001,1176.0,0,0.0
17600,18,1,161.67000000000002,144,13,3.5307692307692307,0,161.67000000000002,144.0,0,0.0
17601,239,1,116.00999999999999,103,9,1.6122222222222222,0,116.00999999999999,103.0,0,0.0
17602,2,6,5054.42,4116,335,1.9610889292196005,321,842.4033333333333,686.0,2,0.25
17603,78,1,394.72,74,11,13.392727272727273,0,394.72,74.0,1,0.5
17604,217,2,309.36,169,57,2.5342857142857143,94,154.68,84.5,0,0.0
17608,33,2,191.99,229,54,1.1892857142857143,0,95.995,114.5,0,0.0
17609,41,5,1098.28,692,198,2.3332900432900434,286,219.656,138.4,1,0.16666666666666666
17611,7,15,3961.12,2550,440,2.537425044091711,353,264.07466666666664,170.0,4,0.21052631578947367
17612,53,6,2048.45,1808,116,2.5762962962962965,244,341.4083333333333,301.3333333333333,3,0.3333333333333333
17613,23,14,4544.55,2490,211,2.649313725490196,282,324.6107142857143,177.85714285714286,3,0.17647058823529413
17614,57,1,386.32,235,97,2.231224489795918,0,386.32,235.0,0,0.0
17615,130,3,329.6,140,13,3.9107142857142856,91,109.86666666666667,46.666666666666664,0,0.0
17616,174,3,571.1999999999999,224,1,2.55,194,190.39999999999998,74.66666666666667,0,0.0
17618,6,3,930.28,319,56,4.394179104477613,356,310.0933333333333,106.33333333333333,0,0.0
17619,312,1,214.37,124,71,1.8206756756756755,0,214.37,124.0,0,0.0
17620,60,1,81.44,60,4,2.7575,0,81.44,60.0,0,0.0
17621,21,3,1379.9,514,24,3.1365384615384615,333,459.9666666666667,171.33333333333334,1,0.25
17623,33,1,527.0500000000001,265,33,2.8709090909090906,0,527.0500000000001,265.0,0,0.0
17624,15,2,843.48,554,49,2.958,203,421.74,277.0,0,0.0
17625,18,4,2020.4,1180,223,2.5556209150326796,239,505.1,295.0,0,0.0
17628,81,1,75.75,79,5,2.41,0,75.75,79.0,0,0.0
17629,6,8,1814.12,1629,106,2.0857723577235774,354,226.765,203.625,1,0.1111111111111111
17630,170,2,503.59999999999997,158,24,7.825000000000001,62,251.79999999999998,79.0,0,0.0
17631,2,3,528.33,334,39,3.712820512820513,230,176.11,111.33333333333333,0,0.0
17633,31,4,1324.84,644,59,2.797428571428571,88,331.21,161.0,2,0.3333333333333333
17634,36,9,2358.59,838,209,3.7335810810810814,301,262.0655555555556,93.11111111111111,0,0.0
17636,19,1,285.56,182,20,2.3905000000000003,0,285.56,182.0,1,0.5
17637,31,2,547.0600000000001,280,35,3.432857142857143,83,273.53000000000003,140.0,0,0.0
17639,276,1,108.5,49,7,5.514285714285714,0,108.5,49.0,0,0.0
17640,87,1,621.66,250,5,2.566,0,621.66,250.0,0,0.0
17642,120,2,712.29,474,34,2.3432500000000003,56,356.145,237.0,0,0.0
17643,373,1,101.55,71,8,4.01875,0,101.55,71.0,0,0.0
17644,1,11,2895.64,1793,102,2.771783439490446,259,263.24,163.0,6,0.35294117647058826
17646,219,3,1008.39,323,46,4.756666666666667,145,336.13,107.66666666666667,1,0.25
17647,65,1,133.06,30,7,7.097142857142857,0,133.06,30.0,0,0.0
17648,61,4,1797.5,487,81,5.536483516483516,188,449.375,121.75,1,0.2
17649,138,1,868.49,399,52,3.581153846153846,0,868.49,399.0,1,0.5
17650,21,1,166.08,150,8,1.89625,0,166.08,150.0,0,0.0
17651,12,10,3945.0,3112,149,2.0029310344827587,165,394.5,311.2,4,0.2857142857142857
17652,25,12,4867.72,2509,118,3.3447490347490345,255,405.6433333333334,209.08333333333334,6,0.3333333333333333
17653,37,4,1207.56,1409,44,4.069090909090909,83,301.89,352.25,1,0.2
17654,277,1,117.55,41,22,3.1568181818181817,0,117.55,41.0,0,0.0
17655,11,7,2638.94,1116,66,4.826153846153846,355,376.99142857142857,159.42857142857142,1,0.125
17656,73,5,1674.69,1399,67,2.772560975609756,55,334.938,279.8,0,0.0
17658,26,2,595.42,616,17,2.561052631578947,185,297.71,308.0,1,0.3333333333333333
17659,17,12,2999.46,1525,127,4.0412025316455695,354,249.955,127.08333333333333,2,0.14285714285714285
17660,141,1,178.75,121,37,1.963684210526316,0,178.75,121.0,0,0.0
17663,26,7,1802.91,797,63,3.9981395348837214,261,257.55857142857144,113.85714285714286,2,0.2222222222222222
17664,19,2,604.64,604,41,1.9167441860465118,193,302.32,302.0,0,0.0
17666,4,2,728.16,596,14,1.8988888888888888,61,364.08,298.0,0,0.0
17667,66,5,2055.51,1033,85,3.6650862068965515,232,411.10200000000003,206.6,0,0.0
17668,1,2,347.75,93,14,7.336666666666667,36,173.875,46.5,0,0.0
17669,43,7,3406.7200000000003,1916,45,1.8576470588235294,206,486.67428571428576,273.7142857142857,0,0.0
17670,228,1,205.7,110,11,2.590909090909091,0,205.7,110.0,0,0.0
17671,16,4,1572.71,772,40,3.197358490566038,349,393.1775,193.0,2,0.3333333333333333
17672,50,2,3178.17,1690,105,3.331818181818182,259,1589.085,845.0,2,0.5
17673,2,6,1594.97,1462,118,1.6019266055045873,318,265.8283333333333,243.66666666666666,1,0.14285714285714285
17674,74,2,551.04,672,19,0.7588888888888888,294,275.52,336.0,0,0.0
17675,1,31,20374.28,8360,239,3.53868085106383,366,657.2348387096774,269.6774193548387,10,0.24390243902439024
17676,4,6,1371.18,922,49,1.9038961038961038,362,228.53,153.66666666666666,0,0.0
17677,2,30,16345.38,9772,178,2.7223762376237626,367,544.846,325.73333333333335,13,0.3023255813953488
17678,264,1,298.11,207,16,2.235625,0,298.11,207.0,0,0.0
17679,53,2,1992.1100000000001,729,29,5.309,32,996.0550000000001,364.5,0,0.0
17680,24,1,184.4,96,11,2.8000000000000003,0,184.4,96.0,0,0.0
17682,10,6,2474.33,1367,48,2.400762711864407,358,412.3883333333333,227.83333333333334,1,0.14285714285714285
17684,44,1,239.41,145,15,2.916,0,239.41,145.0,0,0.0
17685,17,7,3155.83,1907,88,2.0283464566929137,355,450.8328571428571,272.42857142857144,0,0.0
17686,7,7,5739.46,2478,205,3.8588811188811194,295,819.9228571428572,354.0,0,0.0
17690,30,15,4726.8,1769,186,5.674761904761905,342,315.12,117.93333333333334,1,0.0625
17691,358,2,290.40000000000003,134,18,3.4026315789473687,10,145.20000000000002,67.0,0,0.0
17692,127,4,725.5799999999999,624,33,1.6777777777777778,232,181.39499999999998,156.0,1,0.2
17693,137,1,200.47,231,16,2.0825,0,200.47,231.0,2,0.6666666666666666
17694,142,1,283.12,184,15,2.6086666666666667,0,283.12,184.0,0,0.0
17695,132,2,765.34,779,30,1.2517142857142858,39,382.67,389.5,0,0.0
17696,38,8,2285.71,1756,78,2.3863478260869564,326,285.71375,219.5,6,0.42857142857142855
17697,236,1,338.95,93,19,5.084210526315789,0,338.95,93.0,0,0.0
17698,261,1,154.95,93,8,2.1375,0,154.95,93.0,0,0.0
17700,17,4,2534.64,1266,116,3.167887323943662,264,633.66,316.5,2,0.3333333333333333
17701,253,1,417.95,109,24,5.754166666666666,0,417.95,109.0,0,0.0
17702,30,4,1824.37,1353,58,1.7451351351351354,175,456.0925,338.25,2,0.3333333333333333
17703,35,3,798.74,590,47,1.6427272727272726,103,266.24666666666667,196.66666666666666,0,0.0
17704,169,2,885.19,343,27,3.918709677419355,71,442.595,171.5,0,0.0
17705,3,9,1823.52,963,63,2.987378640776699,298,202.61333333333334,107.0,1,0.1
17706,4,17,10504.49,3899,270,4.205471204188481,362,617.9111764705882,229.35294117647058,5,0.22727272727272727
17707,185,2,152.4,144,3,1.7700000000000002,151,76.2,72.0,0,0.0
17708,188,2,263.33,90,28,3.1261764705882356,137,131.665,45.0,0,0.0
17709,170,1,137.45,17,7,13.007142857142858,0,137.45,17.0,0,0.0
17711,11,2,385.1,246,22,2.4530434782608697,279,192.55,123.0,0,0.0
17712,45,1,522.91,215,29,4.665172413793103,0,522.91,215.0,0,0.0
17714,321,1,153.0,92,10,2.05,0,153.0,92.0,0,0.0
17715,201,1,326.4,384,1,0.85,0,326.4,384.0,0,0.0
17716,23,11,5655.99,3072,171,2.530040816326531,245,514.180909090909,279.27272727272725,1,0.08333333333333333
17718,232,1,139.35,83,6,4.191666666666666,0,139.35,83.0,0,0.0
17719,38,15,5396.04,2466,111,4.476167883211679,217,359.736,164.4,3,0.16666666666666666
17720,26,4,1195.94,576,39,5.4342,341,298.985,144.0,0,0.0
17722,96,4,2424.04,1595,111,3.3454782608695655,270,606.01,398.75,2,0.3333333333333333
17723,127,6,3276.4000000000005,792,4,4.07,87,546.0666666666667,132.0,0,0.0
17724,71,3,1033.0,300,38,4.37125,67,344.3333333333333,100.0,1,0.25
17725,16,11,3439.08,2162,115,2.5801041666666666,250,312.64363636363635,196.54545454545453,3,0.21428571428571427
17727,15,1,1060.25,645,66,3.1312121212121213,0,1060.25,645.0,1,0.5
17728,4,3,2876.01,1469,153,3.3267272727272728,82,958.6700000000001,489.6666666666667,1,0.25
17730,3,13,5298.4800000000005,3576,127,1.9898165137614678,323,407.5753846153847,275.0769230769231,2,0.13333333333333333
17731,79,4,1240.11,493,54,5.1274626865671635,104,310.0275,123.25,1,0.2
17732,373,1,303.97,93,18,4.9494444444444445,0,303.97,93.0,0,0.0
17733,39,2,692.19,463,33,2.959142857142857,222,346.095,231.5,0,0.0
17734,54,3,700.63,422,40,2.8969767441860466,180,233.54333333333332,140.66666666666666,0,0.0
17735,2,19,13110.02,8439,319,2.192463768115942,365,690.001052631579,444.1578947368421,0,0.0
17736,9,3,377.44,238,24,5.2212,104,125.81333333333333,79.33333333333333,1,0.25
17737,9,2,168.24,108,8,2.414,49,84.12,54.0,0,0.0
17738,19,4,1879.05,1029,89,3.5612371134020617,262,469.7625,257.25,1,0.2
17739,12,7,2791.35,861,29,4.5727659574468085,348,398.7642857142857,123.0,1,0.125
17742,113,2,355.11,89,13,8.895333333333333,219,177.555,44.5,0,0.0
17744,4,6,2322.4,3412,110,0.8940441176470588,354,387.06666666666666,568.6666666666666,0,0.0
17746,240,1,110.25,29,6,5.741666666666667,0,110.25,29.0,1,0.5
17747,113,1,71.4,12,1,5.95,0,71.4,12.0,1,0.5
17749,178,2,674.52,320,33,4.591714285714286,78,337.26,160.0,0,0.0
17750,5,9,1694.16,3696,100,0.6767032967032967,158,188.24,410.6666666666667,0,0.0
17752,359,1,80.64,192,1,0.42,0,80.64,192.0,0,0.0
17754,1,5,1664.65,1816,82,0.9578651685393258,259,332.93,363.2,1,0.16666666666666666
17757,1,30,5589.4400000000005,3317,274,2.7428010825439784,370,186.31466666666668,110.56666666666666,1,0.03225806451612903
17758,19,8,3408.2000000000003,2054,310,2.3832425742574257,230,426.02500000000003,256.75,0,0.0
17759,17,3,818.71,696,81,2.343595505617978,152,272.90333333333336,232.0,0,0.0
17760,22,2,287.59,239,25,2.2716,351,143.795,119.5,0,0.0
17761,33,1,712.78,398,19,3.142105263157895,0,712.78,398.0,0,0.0
17763,263,1,15.0,12,1,1.25,0,15.0,12.0,0,0.0
17764,51,2,772.55,351,71,3.2528169014084507,160,386.275,175.5,0,0.0
17765,159,3,367.63,143,51,3.8707142857142856,98,122.54333333333334,47.666666666666664,0,0.0
17767,15,1,271.2,128,21,2.7976190476190474,0,271.2,128.0,0,0.0
17768,8,3,2081.9,1122,77,3.716326530612245,157,693.9666666666667,374.0,0,0.0
17769,13,10,3957.43,1850,200,3.0790131578947366,308,395.743,185.0,2,0.16666666666666666
17770,199,5,1143.27,365,33,4.827105263157895,83,228.654,73.0,0,0.0
17771,57,2,245.33,283,50,2.2877358490566038,266,122.665,141.5,0,0.0
17772,11,2,173.45,55,50,3.3338,0,86.725,27.5,0,0.0
17774,97,4,1213.73,508,123,3.3523529411764703,208,303.4325,127.0,1,0.2
17775,255,1,56.4,72,3,0.7833333333333333,0,56.4,72.0,0,0.0
17777,25,3,647.56,501,141,1.6206315789473684,75,215.85333333333332,167.0,0,0.0
17779,21,3,650.32,396,73,2.735925925925926,122,216.77333333333334,132.0,2,0.4
17781,159,2,188.02,34,12,5.5566666666666675,93,94.01,17.0,0,0.0
17783,72,2,283.47,354,67,1.922686567164179,175,141.735,177.0,0,0.0
17785,53,1,131.94,67,13,2.563076923076923,0,131.94,67.0,0,0.0
17786,85,2,266.85,195,57,2.1176470588235294,231,133.425,97.5,0,0.0
17787,153,4,1817.54,896,94,2.8246875,218,454.385,224.0,0,0.0
17788,74,2,1112.95,210,2,5.5375,55,556.475,105.0,0,0.0
17789,281,1,225.9,74,14,3.9714285714285715,0,225.9,74.0,0,0.0
17790,27,14,1964.3,835,121,3.136825396825397,338,140.30714285714285,59.642857142857146,0,0.0
17791,30,1,106.1,46,10,2.77,0,106.1,46.0,0,0.0
17793,25,1,300.34,226,49,3.7665384615384614,0,300.34,226.0,0,0.0
17795,180,2,342.83,305,43,1.9642222222222223,85,171.415,152.5,0,0.0
17796,40,4,690.0,176,63,4.017901234567901,329,172.5,44.0,0,0.0
17797,22,3,780.43,498,102,2.552792792792793,160,260.1433333333333,166.0,0,0.0
17799,22,10,3039.17,1753,280,2.5177227722772275,339,303.91700000000003,175.3,1,0.09090909090909091
17800,37,9,1186.21,731,50,2.204901960784314,296,131.8011111111111,81.22222222222223,0,0.0
17802,82,3,1285.04,752,102,2.2339285714285713,290,428.34666666666664,250.66666666666666,1,0.25
17805,74,1,512.31,478,10,2.257,0,512.31,478.0,0,0.0
17806,11,1,546.04,727,43,1.0211627906976743,0,546.04,727.0,0,0.0
17809,16,12,5411.91,2057,46,2.9057377049180326,357,450.9925,171.41666666666666,2,0.14285714285714285
17811,4,39,7755.12,4145,358,2.7188875453446193,329,198.84923076923076,106.28205128205128,12,0.23529411764705882
17812,13,4,699.81,329,113,3.090827067669173,355,174.9525,82.25,0,0.0
17813,14,5,1698.07,752,297,3.4466666666666668,57,339.614,150.4,2,0.2857142857142857
17816,37,4,36.56,30,16,1.4105882352941177,328,9.14,7.5,0,0.0
17817,4,3,387.68,67,32,9.148484848484848,272,129.22666666666666,22.333333333333332,0,0.0
17819,72,7,3704.87,1031,36,4.4487499999999995,299,529.2671428571429,147.28571428571428,1,0.125
17824,51,1,298.4,408,13,1.0692307692307692,0,298.4,408.0,0,0.0
17827,5,5,1987.33,1240,190,2.403627906976744,359,397.466,248.0,0,0.0
17828,23,4,1165.09,655,53,3.255,162,291.2725,163.75,4,0.5
17829,299,1,889.24,496,30,2.5856666666666666,0,889.24,496.0,0,0.0
17830,2,3,398.7,92,18,6.01304347826087,287,132.9,30.666666666666668,0,0.0
17831,33,1,35.400000000000006,12,2,2.95,0,35.400000000000006,12.0,0,0.0
17832,50,1,155.37,208,61,1.1116393442622952,0,155.37,208.0,0,0.0
17835,3,3,342.24,344,45,1.684915254237288,20,114.08,114.66666666666667,0,0.0
17836,47,1,109.83,87,22,1.408695652173913,0,109.83,87.0,0,0.0
17837,42,8,1535.33,508,109,3.724285714285714,120,191.91625,63.5,2,0.2
17838,27,5,2720.8,1831,96,3.876239316239316,345,544.1600000000001,366.2,1,0.16666666666666666
17839,42,1,318.15,257,50,1.6819230769230769,0,318.15,257.0,0,0.0
17841,2,124,40495.99,22816,1322,2.5378218338333114,371,326.580564516129,184.0,45,0.26627218934911245
17843,303,1,197.73,88,35,3.298285714285714,0,197.73,88.0,0,0.0
17844,107,1,51.559999999999995,52,5,0.998,0,51.559999999999995,52.0,0,0.0
17848,81,9,901.1999999999999,398,41,4.231372549019608,276,100.13333333333333,44.22222222222222,0,0.0
17849,218,4,605.8000000000001,114,14,10.323076923076924,115,151.45000000000002,28.5,0,0.0
17850,372,34,5391.21,1733,21,3.9603703703703705,1,158.565,50.970588235294116,1,0.02857142857142857
17852,12,2,114.34,53,21,2.3679166666666664,0,57.17,26.5,0,0.0
17854,185,2,311.26,84,15,3.586,41,155.63,42.0,0,0.0
17855,373,1,208.97,197,17,1.7658823529411765,0,208.97,197.0,0,0.0
17856,2,4,1418.03,842,12,3.5593333333333335,279,354.5075,210.5,2,0.3333333333333333
17857,4,22,25301.54,14822,18,1.8218750000000001,361,1150.07,673.7272727272727,2,0.08333333333333333
17858,6,12,5140.66,2694,101,5.932131979695432,363,428.3883333333333,224.5,0,0.0
17859,305,1,141.92000000000002,102,23,1.9047826086956523,0,141.92000000000002,102.0,0,0.0
17860,369,1,226.45000000000002,93,49,2.6282692307692312,0,226.45000000000002,93.0,0,0.0
17861,3,8,2097.88,1985,172,2.4416438356164383,316,262.235,248.125,1,0.1111111111111111
17862,324,1,330.9,100,11,5.145454545454545,0,330.9,100.0,0,0.0
17863,59,6,3160.0,2638,110,1.547027027027027,310,526.6666666666666,439.6666666666667,0,0.0
17864,13,3,554.85,706,70,1.8374444444444444,262,184.95000000000002,235.33333333333334,0,0.0
17865,31,20,10524.220000000001,5756,190,2.7654742547425477,333,526.211,287.8,7,0.25925925925925924
17866,143,1,329.65,174,9,3.4000000000000004,0,329.65,174.0,1,0.5
17867,30,6,1157.8700000000001,508,62,2.3976470588235292,258,192.97833333333335,84.66666666666667,2,0.25
17869,107,5,428.18,111,37,6.1585,260,85.636,22.2,0,0.0
17870,2,12,1865.89,1351,214,2.236259259259259,364,155.49083333333334,112.58333333333333,1,0.07692307692307693
17871,205,1,155.9,182,10,2.132,0,155.9,182.0,0,0.0
17873,80,5,1719.5800000000002,1034,23,1.812857142857143,293,343.91600000000005,206.8,1,0.16666666666666666
17874,185,6,683.46,221,37,4.084565217391304,70,113.91000000000001,36.833333333333336,1,0.14285714285714285
17877,170,1,237.61,98,12,3.5408333333333335,0,237.61,98.0,0,0.0
17878,44,1,379.45,401,26,2.246153846153846,0,379.45,401.0,0,0.0
17879,174,1,178.51999999999998,45,6,3.638333333333333,0,178.51999999999998,45.0,0,0.0
17880,365,1,458.92,314,26,2.4615384615384617,0,458.92,314.0,0,0.0
17881,304,1,133.35000000000002,32,8,4.53125,0,133.35000000000002,32.0,0,0.0
17883,3,4,664.34,374,133,2.308732394366197,242,166.085,93.5,0,0.0
17884,4,4,695.0699999999999,817,107,1.9502654867256637,367,173.76749999999998,204.25,0,0.0
17885,12,1,156.34,110,50,2.1401886792452833,0,156.34,110.0,0,0.0
17886,32,3,869.28,469,93,3.021078431372549,217,289.76,156.33333333333334,0,0.0
17887,129,1,111.35,30,10,5.235,0,111.35,30.0,0,0.0
17888,21,8,716.0,973,60,3.008,335,89.5,121.625,2,0.2
17889,212,2,201.37,77,20,3.5685000000000002,109,100.685,38.5,0,0.0
17890,323,2,586.89,402,88,2.4861538461538464,38,293.445,201.0,0,0.0
17891,162,1,203.85999999999999,393,34,0.711764705882353,0,203.85999999999999,393.0,0,0.0
17892,56,3,244.1,109,27,3.275,99,81.36666666666666,36.333333333333336,0,0.0
17893,225,1,107.21,149,15,2.2066666666666666,0,107.21,149.0,0,0.0
17894,72,8,1118.54,402,126,2.817958115183246,294,139.8175,50.25,0,0.0
17895,44,1,95.45,127,15,1.9280000000000002,0,95.45,127.0,0,0.0
17896,23,1,256.32,288,2,0.89,0,256.32,288.0,0,0.0
17897,173,3,541.8100000000001,222,100,3.085833333333333,200,180.60333333333335,74.0,1,0.25
17898,85,2,152.06,190,27,1.4814285714285713,121,76.03,95.0,0,0.0
17899,159,1,154.55,170,29,2.420967741935484,0,154.55,170.0,0,0.0
17900,190,2,112.19999999999999,73,4,3.608333333333333,0,56.099999999999994,36.5,2,0.5
17901,29,1,110.38,24,19,5.328947368421052,0,110.38,24.0,0,0.0
17904,21,1,181.07,59,33,3.7317647058823527,0,181.07,59.0,1,0.5
17905,71,4,798.99,406,33,3.8709090909090906,302,199.7475,101.5,0,0.0
17906,247,1,72.9,26,12,3.8249999999999997,0,72.9,26.0,0,0.0
17908,374,1,232.03,169,51,2.6622222222222223,0,232.03,169.0,0,0.0
17911,9,1,366.23,223,39,2.181025641025641,0,366.23,223.0,0,0.0
17912,310,5,310.06,184,35,4.063513513513513,54,62.012,36.8,1,0.16666666666666666
17913,59,2,408.65,288,55,2.425344827586207,296,204.325,144.0,0,0.0
17914,4,1,329.36,457,72,2.0296,0,329.36,457.0,0,0.0
17917,45,3,335.03,184,77,2.2221739130434783,317,111.67666666666666,61.333333333333336,0,0.0
17919,88,1,1304.04,756,23,2.1630434782608696,0,1304.04,756.0,0,0.0
17920,4,17,4107.6,2471,406,2.345632530120482,369,241.62352941176474,145.35294117647058,0,0.0
17921,64,4,820.23,425,114,2.365774647887324,202,205.0575,106.25,0,0.0
17923,282,1,207.50000000000003,50,1,4.15,0,207.50000000000003,50.0,0,0.0
17924,12,7,2962.5,1160,26,3.246451612903226,361,423.2142857142857,165.71428571428572,6,0.46153846153846156
17925,373,1,244.08,72,1,3.39,0,244.08,72.0,0,0.0
17926,133,2,397.29,306,17,3.1552380952380954,70,198.645,153.0,0,0.0
17928,45,2,184.46,68,22,3.1068181818181815,200,92.23,34.0,0,0.0
17929,11,4,843.0,108,4,7.57,297,210.75,27.0,1,0.2
17930,36,5,1740.48,1594,26,1.4825641025641025,203,348.096,318.8,0,0.0
17931,134,2,408.36,249,63,3.069384615384615,121,204.18,124.5,0,0.0
17932,29,3,1331.57,789,84,2.7395555555555555,182,443.8566666666666,263.0,0,0.0
17934,52,2,704.25,478,21,3.4528571428571433,7,352.125,239.0,0,0.0
17935,138,2,142.89,81,27,1.8303571428571428,3,71.445,40.5,0,0.0
17936,5,1,380.13,257,68,2.414722222222222,0,380.13,257.0,0,0.0
17937,9,7,4301.22,1754,19,3.473255813953488,353,614.46,250.57142857142858,0,0.0
17939,160,1,99.14,40,12,2.455833333333333,0,99.14,40.0,0,0.0
17940,49,9,2152.1800000000003,9322,5,0.23470588235294118,253,239.13111111111115,1035.7777777777778,0,0.0
17941,131,1,304.56,252,2,1.255,0,304.56,252.0,0,0.0
17942,8,1,77.50000000000001,38,2,1.525,0,77.50000000000001,38.0,0,0.0
17946,233,2,149.57999999999998,75,18,3.1445,26,74.78999999999999,37.5,0,0.0
17947,37,1,176.68,168,9,0.9422222222222223,0,176.68,168.0,0,0.0
17948,147,1,358.56000000000006,144,1,2.49,0,358.56000000000006,144.0,0,0.0
17949,1,44,58030.48,30450,28,3.3681159420289855,370,1318.8745454545456,692.0454545454545,5,0.10204081632653061
17950,72,3,482.2,366,63,2.3209859154929577,293,160.73333333333332,122.0,1,0.25
17951,40,3,1008.5400000000001,616,18,2.2085,333,336.18,205.33333333333334,1,0.25
17954,5,12,2314.13,2221,326,1.9439832285115304,365,192.84416666666667,185.08333333333334,4,0.25
17955,199,4,557.3,273,14,5.631052631578947,20,139.325,68.25,0,0.0
17956,249,1,12.75,1,1,12.75,0,12.75,1.0,0,0.0
17957,66,1,110.72,275,30,1.3913333333333333,0,110.72,275.0,0,0.0
17958,117,1,508.4599999999999,84,7,4.04,0,508.4599999999999,84.0,0,0.0
17960,171,1,73.78,41,26,1.7196153846153845,0,73.78,41.0,0,0.0
17961,21,39,1296.44,560,211,3.2722489959839356,350,33.242051282051285,14.35897435897436,0,0.0
17962,142,1,102.41,127,33,1.6879411764705883,0,102.41,127.0,0,0.0
17964,32,2,463.21,294,84,2.7619387755102043,340,231.605,147.0,0,0.0
17965,38,14,2599.19,1532,274,3.510123076923077,331,185.65642857142856,109.42857142857143,0,0.0
17966,38,5,1098.43,2571,53,1.4894117647058824,223,219.686,514.2,0,0.0
17967,372,1,112.27,73,41,1.9209523809523812,0,112.27,73.0,0,0.0
17968,374,1,265.1,151,74,1.9256790123456788,0,265.1,151.0,0,0.0
17969,166,2,228.2,152,14,4.701428571428571,194,114.1,76.0,0,0.0
17970,211,1,562.79,513,27,3.056551724137931,0,562.79,513.0,0,0.0
17972,242,1,135.19,36,30,4.343,0,135.19,36.0,0,0.0
17973,52,1,337.04,176,15,3.244,0,337.04,176.0,0,0.0
17974,25,3,703.99,500,143,2.0266060606060607,194,234.66333333333333,166.66666666666666,0,0.0
17975,15,13,4479.96,1563,188,3.187431506849315,351,344.6123076923077,120.23076923076923,1,0.07142857142857142
17976,372,1,321.79,93,56,3.6531578947368417,0,321.79,93.0,0,0.0
17977,29,1,288.14,342,19,3.2476190476190476,0,288.14,342.0,0,0.0
17978,365,1,300.91999999999996,499,12,2.3633333333333333,0,300.91999999999996,499.0,0,0.0
17979,36,4,729.01,379,115,2.3555474452554743,224,182.2525,94.75,1,0.2
17980,166,3,811.45,682,23,2.2036666666666664,193,270.48333333333335,227.33333333333334,0,0.0
17984,145,1,152.68,98,48,2.066666666666667,0,152.68,98.0,0,0.0
17985,22,1,631.35,171,20,4.866666666666667,0,631.35,171.0,0,0.0
17986,56,1,20.8,10,1,2.08,0,20.8,10.0,0,0.0
17987,185,1,198.57,261,13,0.9092307692307693,0,198.57,261.0,0,0.0
17988,12,7,201.12,43,37,5.094736842105263,314,28.731428571428573,6.142857142857143,1,0.125
17990,237,3,630.84,414,27,2.3224137931034488,124,210.28,138.0,0,0.0
17991,225,2,93.35,25,4,4.91,0,46.675,12.5,0,0.0
17994,122,4,674.89,495,63,2.3658227848101268,169,168.7225,123.75,2,0.3333333333333333
17995,282,1,76.1,133,2,1.685,0,76.1,133.0,0,0.0
17997,74,8,1962.46,2273,133,1.5246951219512195,89,245.3075,284.125,4,0.3333333333333333
17999,37,2,380.39,219,87,2.866593406593407,329,190.195,109.5,0,0.0
18001,12,2,415.13,362,56,2.850701754385965,74,207.565,181.0,0,0.0
18004,362,1,157.92,75,32,2.6772972972972973,0,157.92,75.0,0,0.0
18005,4,2,226.47,86,52,3.168490566037736,43,113.235,43.0,0,0.0
18006,23,1,444.68,220,21,3.2290909090909095,0,444.68,220.0,0,0.0
18008,70,9,2116.19,1581,24,3.8,248,235.13222222222223,175.66666666666666,0,0.0
18009,235,1,247.39,125,31,3.950322580645161,0,247.39,125.0,1,0.5
18010,257,1,174.8,60,14,5.014285714285714,0,174.8,60.0,0,0.0
18011,373,1,102.78999999999999,71,28,2.3610714285714285,0,102.78999999999999,71.0,0,0.0
18013,155,2,187.29,285,31,1.1703225806451614,0,93.645,142.5,0,0.0
18014,28,1,154.27,65,28,2.8148275862068965,0,154.27,65.0,0,0.0
18015,4,1,120.03,157,46,1.2758695652173913,0,120.03,157.0,0,0.0
18016,32,5,1477.66,1027,90,3.3571311475409837,331,295.53200000000004,205.4,0,0.0
18017,81,3,523.0,300,1,1.7433333333333334,229,174.33333333333334,100.0,0,0.0
18018,108,2,122.14,55,29,3.8113793103448277,91,61.07,27.5,0,0.0
18019,52,1,38.45,7,5,5.71,0,38.45,7.0,0,0.0
18022,36,1,612.72,703,141,1.7510365853658538,0,612.72,703.0,0,0.0
18024,153,2,389.78,184,21,2.5828571428571427,0,194.89,92.0,1,0.3333333333333333
18027,99,1,115.31,78,21,2.7923809523809524,0,115.31,78.0,0,0.0
18030,4,2,230.64999999999998,67,8,6.705555555555555,38,115.32499999999999,33.5,1,0.3333333333333333
18032,334,1,73.5,42,5,1.8699999999999999,0,73.5,42.0,0,0.0
18033,65,1,93.82000000000001,252,32,1.7966666666666666,0,93.82000000000001,252.0,0,0.0
18034,22,2,418.68,559,99,1.3205454545454545,0,209.34,279.5,0,0.0
18035,36,3,713.89,584,44,2.5148979591836738,7,237.96333333333334,194.66666666666666,0,0.0
18036,32,3,403.12,232,77,1.905744680851064,213,134.37333333333333,77.33333333333333,0,0.0
18037,154,6,70.02,20,19,3.598421052631579,207,11.67,3.3333333333333335,0,0.0
18040,19,2,357.20000000000005,148,18,3.0710526315789473,226,178.60000000000002,74.0,0,0.0
18041,12,21,4097.37,3758,285,1.970305676855895,361,195.11285714285714,178.95238095238096,1,0.045454545454545456
18042,54,1,165.04999999999998,33,7,5.45,0,165.04999999999998,33.0,0,0.0
18043,25,3,529.29,265,106,2.9669565217391303,342,176.42999999999998,88.33333333333333,0,0.0
18044,4,10,2088.6,1033,88,4.251574803149607,356,208.85999999999999,103.3,1,0.09090909090909091
18045,45,1,178.34,138,43,2.592093023255814,0,178.34,138.0,0,0.0
18048,203,2,172.29000000000002,127,6,1.5,0,86.14500000000001,63.5,0,0.0
18050,359,1,74.4,40,5,2.31,0,74.4,40.0,0,0.0
18053,71,1,300.02,302,20,1.5855000000000001,0,300.02,302.0,1,0.5
18055,7,10,6761.34,2452,223,4.005195530726256,362,676.134,245.2,1,0.09090909090909091
18056,288,1,363.65,211,19,3.7578947368421054,0,363.65,211.0,0,0.0
18058,10,1,170.16,88,3,1.7966666666666666,0,170.16,88.0,0,0.0
18059,23,3,306.46,258,17,1.913333333333333,44,102.15333333333332,86.0,1,0.25
18061,22,10,2119.41,955,18,5.010434782608696,344,211.94099999999997,95.5,0,0.0
18062,173,3,720.52,396,23,4.489259259259259,164,240.17333333333332,132.0,0,0.0
18064,133,2,814.0,384,7,2.2471428571428573,102,407.0,192.0,0,0.0
18065,6,14,2392.83,1027,110,4.154306569343065,358,170.91642857142855,73.35714285714286,1,0.06666666666666667
18066,75,1,318.0,108,10,3.4299999999999997,0,318.0,108.0,0,0.0
18067,40,1,396.33,189,36,2.8329729729729727,0,396.33,189.0,0,0.0
18068,289,1,101.69999999999999,6,1,16.95,0,101.69999999999999,6.0,0,0.0
18069,26,5,2009.24,1296,334,2.2087746170678337,301,401.848,259.2,2,0.2857142857142857
18071,258,2,453.0,260,23,2.998,108,226.5,130.0,0,0.0
18072,186,1,247.44,288,18,0.885,0,247.44,288.0,1,0.5
18073,114,12,3859.82,3102,23,3.8472222222222223,82,321.6516666666667,258.5,1,0.07692307692307693
18074,374,1,489.6,190,13,4.7807692307692315,0,489.6,190.0,0,0.0
18075,23,10,2611.75,1464,97,3.4669014084507044,337,261.175,146.4,4,0.2857142857142857
18077,8,11,2584.41,1839,101,1.8161434977578474,358,234.94636363636363,167.1818181818182,0,0.0
18078,217,2,336.13,145,27,2.98551724137931,41,168.065,72.5,0,0.0
18079,45,4,3613.15,7347,99,0.9102439024390243,193,903.2875,1836.75,0,0.0
18080,19,2,1231.5,642,2,1.9,223,615.75,321.0,0,0.0
18081,36,3,343.45,195,14,3.84,97,114.48333333333333,65.0,0,0.0
18082,26,1,680.84,608,62,2.165857142857143,0,680.84,608.0,0,0.0
18084,16,1,90.47999999999999,312,1,0.29,0,90.47999999999999,312.0,1,0.5
18085,330,2,689.95,265,25,2.8448275862068964,43,344.975,132.5,0,0.0
18086,274,1,101.34,106,7,1.48,0,101.34,106.0,0,0.0
18087,291,1,3202.9199999999996,3906,1,0.82,0,3202.9199999999996,3906.0,2,0.6666666666666666
18088,61,1,166.03,107,35,2.1624324324324324,0,166.03,107.0,0,0.0
18092,2,11,9068.26,4252,28,3.7192134831460675,363,824.3872727272727,386.54545454545456,1,0.08333333333333333
18093,93,4,2106.52,1392,31,1.6352777777777776,209,526.63,348.0,1,0.2
18094,82,7,3017.3,2518,39,2.1552857142857142,210,431.04285714285714,359.7142857142857,0,0.0
18095,313,2,580.0500000000001,419,20,2.619047619047619,20,290.02500000000003,209.5,0,0.0
18096,12,3,849.06,788,157,2.2750510204081635,52,283.02,262.6666666666667,0,0.0
18097,8,6,2662.4,1662,65,2.9976415094339623,346,443.73333333333335,277.0,1,0.14285714285714285
18099,127,1,168.31,149,19,2.1389473684210527,0,168.31,149.0,0,0.0
18101,11,2,222.4,87,37,2.61375,132,111.2,43.5,0,0.0
18102,1,60,259657.3,64124,150,4.503294663573086,366,4327.621666666667,1068.7333333333333,0,0.0
18104,37,1,754.64,362,38,3.758947368421053,0,754.64,362.0,0,0.0
18105,38,1,113.48000000000002,46,18,2.232222222222222,0,113.48000000000002,46.0,0,0.0
18106,330,1,421.9,126,33,3.9108108108108106,0,421.9,126.0,0,0.0
18108,254,1,271.0,84,17,4.711764705882352,0,271.0,84.0,1,0.5
18109,2,26,8004.92,4230,119,4.908344671201814,368,307.88153846153847,162.69230769230768,5,0.16129032258064516
18110,20,1,198.8,72,33,2.859189189189189,0,198.8,72.0,1,0.5
18112,12,2,352.69,255,26,4.289230769230769,154,176.345,127.5,0,0.0
18113,369,1,76.32000000000001,72,1,1.06,0,76.32000000000001,72.0,0,0.0
18114,290,1,220.1,55,28,5.533928571428571,0,220.1,55.0,0,0.0
18116,68,8,1399.51,819,229,2.3925405405405407,296,174.93875,102.375,0,0.0
18117,26,1,314.4,604,67,1.2369014084507042,0,314.4,604.0,0,0.0
18118,11,26,5622.68,2853,423,2.541592709984152,358,216.2569230769231,109.73076923076923,5,0.16129032258064516
18119,368,1,180.7,124,29,2.863793103448276,0,180.7,124.0,0,0.0
18120,214,1,111.15,31,17,4.0323529411764705,0,111.15,31.0,0,0.0
18121,149,2,653.3,438,28,1.8719354838709679,5,326.65,219.0,0,0.0
18122,8,6,1791.84,1215,238,2.328901408450704,142,298.64,202.5,0,0.0
18123,24,2,574.4399999999999,582,31,1.433529411764706,7,287.21999999999997,291.0,0,0.0
18125,30,4,1131.75,800,164,2.21328125,286,282.9375,200.0,1,0.2
18126,61,1,198.58,129,51,2.0468627450980392,0,198.58,129.0,0,0.0
18127,19,3,347.08,187,41,3.2106521739130436,114,115.69333333333333,62.333333333333336,0,0.0
18129,243,1,112.55000000000001,48,13,2.9250000000000003,0,112.55000000000001,48.0,0,0.0
18130,15,3,1059.39,824,58,2.3695714285714287,41,353.13000000000005,274.6666666666667,1,0.25
18133,212,1,931.4999999999999,1350,1,0.69,0,931.4999999999999,1350.0,0,0.0
18135,29,5,681.9100000000001,349,11,2.3075,161,136.382,69.8,0,0.0
18136,63,3,784.33,379,34,2.728421052631579,256,261.4433333333333,126.33333333333333,1,0.25
18138,295,1,152.65,38,8,6.25625,0,152.65,38.0,0,0.0
18139,18,6,8438.34,5557,35,1.5092452830188678,0,1406.39,926.1666666666666,0,0.0
18142,157,2,1019.52,1276,9,1.53,58,509.76,638.0,2,0.5
18143,117,2,1000.16,570,59,2.728360655737705,25,500.08,285.0,0,0.0
18144,8,12,2888.75,1343,27,4.43046511627907,365,240.72916666666666,111.91666666666667,0,0.0
18145,13,4,2861.55,2625,174,1.801447963800905,299,715.3875,656.25,0,0.0
18146,141,2,160.35000000000002,153,10,1.95,79,80.17500000000001,76.5,0,0.0
18147,46,2,179.33999999999997,203,7,1.2971428571428572,62,89.66999999999999,101.5,0,0.0
18149,51,3,612.0799999999999,310,11,2.7525,222,204.02666666666664,103.33333333333333,0,0.0
18150,32,3,566.58,332,29,2.3235135135135137,169,188.86,110.66666666666667,0,0.0
18151,135,2,653.35,355,38,3.1986842105263156,155,326.675,177.5,0,0.0
18154,3,2,399.19,255,15,2.8261904761904764,40,199.595,127.5,0,0.0
18155,75,3,371.62,266,19,2.4703999999999997,216,123.87333333333333,88.66666666666667,1,0.25
18156,13,2,675.64,283,100,2.9568032786885245,356,337.82,141.5,0,0.0
18158,9,2,453.4,354,24,1.2944117647058824,79,226.7,177.0,1,0.3333333333333333
18159,301,1,530.15,139,23,5.004347826086956,0,530.15,139.0,0,0.0
18160,57,2,638.0600000000001,294,37,3.657179487179487,143,319.03000000000003,147.0,0,0.0
18161,15,5,1618.69,812,49,3.640125,304,323.738,162.4,1,0.16666666666666666
18164,37,1,399.65000000000003,184,24,4.207083333333333,0,399.65000000000003,184.0,1,0.5
18165,177,1,302.46000000000004,254,10,1.238,0,302.46000000000004,254.0,0,0.0
18167,23,3,1384.8600000000001,382,24,3.788648648648649,82,461.62000000000006,127.33333333333333,2,0.4
18168,176,6,1160.04,592,97,3.226769230769231,196,193.34,98.66666666666667,3,0.3333333333333333
18169,61,1,202.65,61,9,3.688888888888889,0,202.65,61.0,0,0.0
18170,33,3,980.31,409,29,4.247368421052632,183,326.77,136.33333333333334,0,0.0
18171,59,5,1231.31,481,43,5.11037037037037,274,246.262,96.2,2,0.2857142857142857
18172,15,20,7561.68,3184,100,3.107037037037037,275,378.084,159.2,5,0.2
18173,87,4,2106.84,1220,23,2.705806451612903,187,526.71,305.0,0,0.0
18174,7,1,104.0,50,1,2.08,0,104.0,50.0,0,0.0
18176,358,1,476.35,283,30,2.6816666666666666,0,476.35,283.0,1,0.5
18177,31,6,1340.8700000000001,709,53,1.851917808219178,224,223.47833333333335,118.16666666666667,1,0.14285714285714285
18178,129,4,1590.81,983,80,2.448762886597938,235,397.7025,245.75,2,0.3333333333333333
18179,9,6,1793.17,1360,86,2.761,327,298.8616666666667,226.66666666666666,0,0.0
18180,5,6,1843.75,1721,108,2.080840336134454,137,307.2916666666667,286.8333333333333,0,0.0
18181,24,1,366.85,133,40,3.7065853658536585,0,366.85,133.0,0,0.0
18183,227,2,632.07,371,36,3.5043243243243243,47,316.035,185.5,4,0.6666666666666666
18184,15,1,49.8,60,1,0.83,0,49.8,60.0,0,0.0
18185,249,1,304.25,183,17,3.626470588235294,0,304.25,183.0,0,0.0
18188,15,3,2001.04,1168,63,2.4726760563380283,275,667.0133333333333,389.3333333333333,1,0.25
18189,78,2,1090.24,566,65,3.2851470588235294,190,545.12,283.0,1,0.3333333333333333
18190,192,2,284.46000000000004,140,14,3.929333333333333,138,142.23000000000002,70.0,1,0.3333333333333333
18191,262,1,207.79999999999998,140,7,4.021428571428571,0,207.79999999999998,140.0,0,0.0
18192,72,1,957.97,339,45,4.007333333333333,0,957.97,339.0,0,0.0
18193,165,1,243.76,124,16,3.5949999999999998,0,243.76,124.0,2,0.6666666666666666
18194,82,1,973.8399999999999,632,7,1.6514285714285712,0,973.8399999999999,632.0,1,0.5
18196,95,2,686.63,431,131,2.22136690647482,195,343.315,215.5,0,0.0
18198,4,17,5425.56,4074,81,2.3962893081761005,332,319.15058823529415,239.64705882352942,4,0.19047619047619047
18200,106,1,150.35,104,29,1.8596666666666666,0,150.35,104.0,0,0.0
18202,200,3,1396.99,581,55,4.052058823529412,111,465.66333333333336,193.66666666666666,0,0.0
18203,157,1,160.42000000000002,43,19,4.583157894736842,0,160.42000000000002,43.0,0,0.0
18204,71,3,1975.35,1190,159,2.580260416666667,121,658.4499999999999,396.6666666666667,1,0.25
18205,36,2,517.36,192,30,4.58,38,258.68,96.0,0,0.0
18209,29,1,139.10000000000002,58,8,3.24375,0,139.10000000000002,58.0,0,0.0
18210,2,6,2621.38,1398,109,3.5970895522388058,265,436.8966666666667,233.0,0,0.0
18211,26,5,600.07,359,37,2.451904761904762,252,120.01400000000001,71.8,0,0.0
18212,326,1,216.07,92,30,2.9155882352941176,0,216.07,92.0,0,0.0
18213,237,1,232.48000000000002,232,15,1.5013333333333334,0,232.48000000000002,232.0,0,0.0
18215,89,1,299.34000000000003,118,13,2.9930769230769227,0,299.34000000000003,118.0,0,0.0
18216,31,1,481.75,200,26,4.935384615384615,0,481.75,200.0,0,0.0
18217,29,2,621.75,491,27,2.0880645161290325,41,310.875,245.5,0,0.0
18218,211,2,641.92,536,17,1.855,70,320.96,268.0,2,0.5
18219,3,10,2069.77,885,58,4.12921052631579,366,206.977,88.5,1,0.09090909090909091
18220,227,1,305.28000000000003,288,2,1.06,0,305.28000000000003,288.0,1,0.5
18221,22,5,1041.61,791,59,2.6042187500000002,189,208.32199999999997,158.2,1,0.16666666666666666
18222,93,1,443.0,335,19,3.2557894736842106,0,443.0,335.0,0,0.0
18223,5,14,6484.54,2948,116,2.9675,353,463.18142857142857,210.57142857142858,12,0.46153846153846156
18224,264,1,158.95000000000002,69,10,3.06,0,158.95000000000002,69.0,0,0.0
18225,3,12,5504.96,3242,150,2.558698884758364,361,458.74666666666667,270.1666666666667,5,0.29411764705882354
18226,44,11,5228.05,3466,141,2.185206611570248,293,475.27727272727276,315.09090909090907,3,0.21428571428571427
18227,218,1,93.75,21,5,8.65,0,93.75,21.0,0,0.0
18228,57,2,779.9,238,23,3.9876666666666667,22,389.95,119.0,1,0.3333333333333333
18229,12,20,7276.900000000001,2488,66,4.626585365853659,361,363.845,124.4,0,0.0
18230,9,7,2810.2000000000003,1316,32,2.191627906976744,293,401.4571428571429,188.0,3,0.3
18231,192,5,2071.77,819,106,3.749349593495935,96,414.354,163.8,1,0.16666666666666666
18232,82,4,592.97,302,31,3.724864864864865,115,148.2425,75.5,1,0.2
18233,326,1,440.0,4,1,110.0,0,440.0,4.0,0,0.0
18235,72,3,1796.48,1578,100,2.1464423076923076,145,598.8266666666667,526.0,0,0.0
18236,30,6,882.24,403,42,3.3632653061224493,210,147.04,67.16666666666667,0,0.0
18237,3,5,987.1,622,40,2.957704918032787,131,197.42000000000002,124.4,0,0.0
18239,219,5,1561.6100000000001,795,80,2.871931818181818,153,312.322,159.0,0,0.0
18240,46,1,422.58,126,6,3.9283333333333332,0,422.58,126.0,0,0.0
18241,10,17,2073.09,1051,60,3.2537499999999997,208,121.9464705882353,61.8235294117647,1,0.05555555555555555
18242,72,4,2232.4900000000002,1017,72,3.279871794871795,141,558.1225000000001,254.25,0,0.0
18245,7,7,2567.06,1788,153,2.5844,347,366.72285714285715,255.42857142857142,1,0.125
18246,24,2,596.1,166,3,4.71,209,298.05,83.0,0,0.0
18248,123,2,804.02,511,39,4.105744680851064,63,402.01,255.5,2,0.5
18249,17,1,95.34,128,8,1.60375,0,95.34,128.0,0,0.0
18250,310,1,349.27,199,21,3.8057142857142856,0,349.27,199.0,1,0.5
18251,87,1,4314.72,7824,16,0.771875,0,4314.72,7824.0,0,0.0
18252,51,2,518.27,234,90,3.1861702127659575,121,259.135,117.0,0,0.0
18255,89,1,103.3,74,6,1.7166666666666668,0,103.3,74.0,0,0.0
18257,39,8,2337.63,1041,97,3.40364406779661,256,292.20375,130.125,3,0.2727272727272727
18259,25,3,2338.6000000000004,714,27,3.2595238095238095,341,779.5333333333334,238.0,0,0.0
18260,173,6,2628.35,1475,86,3.4961654135338347,185,438.05833333333334,245.83333333333334,2,0.25
18261,43,2,324.24,146,19,3.0828571428571427,52,162.12,73.0,0,0.0
18262,140,1,149.48,182,13,1.123076923076923,0,149.48,182.0,0,0.0
18263,26,3,1213.1599999999999,1468,59,0.9595081967213115,226,404.3866666666666,489.3333333333333,1,0.25
18265,72,2,801.51,311,44,5.246521739130435,85,400.755,155.5,0,0.0
18268,134,1,25.5,2,1,12.75,0,25.5,2.0,1,0.5
18269,366,1,168.6,76,7,3.164285714285714,0,168.6,76.0,1,0.5
18270,38,2,283.15,101,11,3.6727272727272724,228,141.575,50.5,1,0.3333333333333333
18272,3,6,3078.58,2050,99,2.2946385542168675,244,513.0966666666667,341.6666666666667,1,0.14285714285714285
18273,2,3,204.0,80,1,2.55,255,68.0,26.666666666666668,0,0.0
18274,30,1,175.92,88,11,3.671818181818182,0,175.92,88.0,1,0.5
18276,44,1,335.86,186,14,2.482142857142857,0,335.86,186.0,2,0.6666666666666666
18277,58,1,110.38,68,8,3.1412500000000003,0,110.38,68.0,1,0.5
18278,74,1,173.9,66,9,3.283333333333333,0,173.9,66.0,0,0.0
18280,278,1,180.60000000000002,45,10,4.765,0,180.60000000000002,45.0,0,0.0
18281,181,1,80.82,54,7,5.622857142857143,0,80.82,54.0,0,0.0
18282,8,2,178.05,103,12,5.199166666666667,118,89.025,51.5,1,0.3333333333333333
18283,4,16,2039.58,1355,262,1.6250069541029208,333,127.47375,84.6875,0,0.0
18287,43,3,1837.28,1586,59,1.4935714285714285,158,612.4266666666666,528.6666666666666,0,0.0
