Recency,Frequency,Monetary,AOV,AvgBasketSize,UniqueSKUs,Tenure,CustomerID
1.4604379269474606,-0.951242971618668,3.7293112044004784,7.556837674617798,6.873721883836373,-2.5238496442644585,-1.2778587188319563,12346
-2.038956243693276,1.0821630306292318,1.429190093823505,1.0568593253894243,0.9086025769774452,0.9668750325469323,1.0540221847933684,12347
0.3719639973065715,0.39276528972337893,0.553997348357623,0.33352986591988104,1.4725550419508473,-0.4054300282323229,0.9524186962584894,12348
-0.6238468161312312,-0.951242971618668,0.5651770543974464,2.215379586820943,1.5588483318406399,0.6541944280815882,-1.2778587188319563,12349
1.4230169091244451,-0.951242971618668,-0.7079428205364561,0.06619243788350063,0.26107223211555536,-0.6332090513304633,-1.2778587188319563,12350
-0.16496440251850533,1.0821630306292318,0.5249256551510519,-0.4657144967318806,-0.7986768492354742,0.45098650481467234,0.920448060998455,12352
1.1121280552344204,-0.951242971618668,-1.655503676233184,-1.5334099671966208,-2.2346770582740305,-1.7143529650682148,-1.2778587188319563,12353
1.2076277087101308,-0.951242971618668,0.3259099881244553,1.81146655858032,1.366491263770179,0.46608857510276935,-1.2778587188319563,12354
1.1476550127690195,-0.951242971618668,-0.35414617746965465,0.6634458572882161,0.4858144049868057,-0.804736104337389,-1.2778587188319563,12355
-0.48784858938626624,0.06546002950528196,0.9910810583149631,1.4568438490781541,1.3545302075864534,0.3713425543694715,0.979395571755513,12356
-0.2280378812240346,-0.951242971618668,1.7200123092217956,4.164887357200575,3.1831880966696513,1.1774991554907075,-1.2778587188319563,12357
-2.038956243693276,-0.3565098415904979,0.2055927438841422,0.6769130270497312,-0.27313504802381544,-0.8702067625832752,0.7016314675593354,12358
0.1830988212276959,0.39276528972337893,1.7330492709078211,2.321753634345608,1.0596841065759899,1.6084777670717536,0.9410900999210926,12359
0.10310168753222393,0.06546002950528196,0.9293624630772115,1.3527420573761875,1.0119067667811765,0.9753291602051491,0.6989889311095184,12360
1.365705669037795,-0.951242971618668,-1.1212545064207404,-0.6315298907811826,-0.5999603553642504,-1.1019923666914786,-1.2778587188319563,12361
-1.8243669630413246,1.5492685361090064,1.504526249919114,0.7046778678662786,0.387717583266401,1.5489923491804716,0.9661373568365093,12362
0.6545180863675494,-0.3565098415904979,-0.20803832657594837,-0.020364751913949965,0.3054494382809291,-0.32855986216469163,0.6541114883687211,12363
-1.219473754807221,0.39276528972337893,0.4156376453916237,0.10049202706195087,0.9809406594444767,0.6171211732355907,0.5607242751938752,12364
1.37599445432411,-0.951242971618668,-0.6399699839125157,0.18093917134140194,0.12266782585648715,-0.4054300282323229,-1.2778587188319563,12365
-1.6579185856692376,-0.951242971618668,-1.2382072646487168,-0.8289609182634959,0.11624227434337994,-1.0177906266090588,-1.2778587188319563,12367
0.0888931606621161,0.39276528972337893,1.2452859143844208,1.4988869235489248,1.4806387249364592,1.24821285344886,0.988418489521988,12370
0.20796529408005854,-0.951242971618668,0.6027638899362542,2.278830912575656,1.470644450050005,0.5240404679784646,-1.2778587188319563,12371
0.34192268478610366,0.06546002950528196,0.4076455546017349,0.47309655375889853,0.5860250843576623,-0.02084845295372739,0.861813591245302,12372
1.425411534317174,-0.951242971618668,-0.6303380498864494,0.19719909252856402,0.26107223211555536,-0.804736104337389,-1.2778587188319563,12373
-0.42814272410688714,-0.951242971618668,-0.11182475986212852,1.0725150163581245,0.8694817173582902,-0.04722204126276407,-1.2778587188319563,12374
-1.0048844741552696,-0.3565098415904979,-0.5103132893995915,-0.5295235152466351,-0.6247353771966503,-0.804736104337389,0.4909477827848426,12375
1.434913893482233,-0.3565098415904979,0.6132074168880853,1.364438734493594,1.235183190200613,0.6420087231816032,0.17946161074833644,12377
0.7780933519752427,-0.951242971618668,1.3714098819966338,3.576402430186443,3.106978020685229,1.628787847717392,-1.2778587188319563,12378
0.43768542024440965,-0.3565098415904979,0.06436728748990365,0.4387870299575849,0.28901429883878266,0.10036182276301958,0.49541175939118237,12379
-0.5195948743219904,0.39276528972337893,0.971747036423771,1.0376010500228876,0.6470423893947609,0.7013229133180106,0.7392844904820263,12380
-1.5219203589242727,0.06546002950528196,0.574556188886014,0.7544386689448839,0.5986380044531127,0.6171211732355907,0.6000838136265219,12381
1.0395769137359367,0.6601931595334521,0.6535671552917887,0.20178774465293906,0.746910409552045,0.7781930793856414,0.7464028402964729,12383
-0.3214002120141793,-0.3565098415904979,-0.41555337262237185,-0.36995429892828036,-1.0277486713972925,-0.2578461642065392,0.5127797309691069,12384
1.4873210204220024,-0.3565098415904979,-0.4605065638090049,-0.4456582649651417,0.148005964307137,-1.0177906266090588,0.06581058532048795,12386
-0.7450737659930379,0.8863002017334407,1.0798926183895317,0.6752140409310157,0.50264812374714,0.45098650481467234,0.9909590624336839,12388
0.41949122296488883,-0.951242971618668,-0.2791042229970321,0.7901261545320889,0.904978583209087,-0.07440725075751485,-1.2778587188319563,12390
-0.5195948743219904,-0.951242971618668,-0.38908379510437113,0.604466745962253,0.7074234917778096,0.8681129598094249,-1.2778587188319563,12391
0.34192268478610366,0.39276528972337893,0.6307580817179602,0.46285450258657657,0.3054494382809291,0.283800736212044,0.920448060998455,12393
0.25534153803420273,-0.3565098415904979,0.32670655559100636,0.8811644756844725,1.0645117112179001,-0.2578461642065392,0.712028323544415,12394
-0.6238468161312312,1.794302194169694,1.0512888844358363,-0.30287501787928023,0.1338241887366559,0.8489067773437937,1.0386140810124724,12395
-0.16496440251850533,-0.3565098415904979,0.8986041194450836,1.8459631300979398,1.5499793105116308,1.0164272493406568,0.5414493438733692,12397
0.013483028875857768,-0.951242971618668,0.5531210242788972,2.195027485256796,2.4392889311826065,0.7886482262425164,-1.2778587188319563,12398
0.7126715575238268,0.39276528972337893,0.2914140020182473,-0.10865164023948648,0.7083710737313982,0.2652011103088699,0.6827513965678106,12399
1.406035766844578,-0.951242971618668,-1.852457264813388,-1.8658925007331133,-2.9555564860361434,-1.7143529650682148,-1.2778587188319563,12401
1.4535629925028948,-0.951242971618668,-1.0325548229939465,-0.4817936220377685,-0.5757239638606161,-1.0177906266090588,-1.2778587188319563,12402
0.0744087228930169,-0.951242971618668,-0.4809502662189687,0.4493845396240821,-0.5520032795947103,-1.7143529650682148,-1.2778587188319563,12403
0.8791199348959138,-0.951242971618668,0.5275945480816666,2.151935569341499,1.8909902067730953,0.3878561117744264,-1.2778587188319563,12405
-0.5195948743219904,-0.3565098415904979,1.243737843905622,2.4283791130034555,1.9670308170581303,0.8681129598094249,0.7320355214809848,12406
0.0744087228930169,0.6601931595334521,0.591822344798714,0.09782005235632961,0.6593830735717731,0.4356217766984145,0.8438533291122697,12407
-0.2280378812240346,0.6601931595334521,1.0320208404079916,0.8394193156900805,0.6498409602418196,0.7460640987439856,0.8670462204089304,12408
0.41022495340677506,0.06546002950528196,2.1813261038911267,3.465289600510389,2.7588018614863206,0.8585620603175879,0.5569437896339022,12409
1.4206145717599752,-0.3565098415904979,-0.2354197480572063,-0.06650316756125417,-0.44574862219068784,-0.2578461642065392,-1.2778587188319563,12410
0.3719639973065715,0.06546002950528196,0.3714293087938595,0.41206328179771484,0.6356425236120364,0.18662048949877436,0.5211855316203662,12412
0.28899800354496863,0.06546002950528196,-0.034935614078905636,-0.27237129031344515,-0.5520032795947103,-0.16137409356206325,0.9353016047691758,12413
1.1579913228304088,0.06546002950528196,-0.3841238393971853,-0.8597000600326699,-0.49481997101778535,-0.6867678491342508,0.5170049875692359,12414
-0.45739843875914415,2.497736332885561,4.110905666174098,4.169336106407108,3.5807192315566962,2.2491435196508167,0.9934834015418288,12415
-1.8243669630413246,1.4094682908473293,1.1983145584342882,0.33033444356696917,0.101103708631074,1.3363373067250204,1.0419667833944715,12417
0.6744106014236233,-0.951242971618668,-0.055528213913591945,1.167550696394494,1.0727392769839468,0.004760574858854357,-1.2778587188319563,12418
0.25534153803420273,-0.951242971618668,-0.14115960094128974,1.0229940995106606,0.8889836158471662,-0.13142378134518384,-1.2778587188319563,12420
-0.7450737659930379,0.39276528972337893,-0.09150059776800402,-0.7526629486404187,-0.2869269365169816,-0.07440725075751485,0.9806972458367789,12421
0.5539530431791972,0.06546002950528196,-0.037888305730474914,-0.27734131327026157,-0.2610172102230957,0.10036182276301958,0.8704965281592473,12422
-2.3414028478103273,1.2549262895616227,0.6563753858284809,-0.4235894084945391,0.07354842297212688,0.9053163346348189,1.0397348129024189,12423
0.9456796778623334,-0.3565098415904979,0.7158465995206892,1.537601753335156,0.9667578287716551,-0.1024556255368702,-1.2778587188319563,12424
0.4008421239442265,-0.951242971618668,0.06432630880988378,1.3698802688494822,1.2927207317206055,0.05385373755105001,-1.2778587188319563,12425
1.0786395089320147,-0.951242971618668,-0.26987455227003526,0.8057070044629846,0.5487650833911784,-0.13142378134518384,-1.2778587188319563,12426
-0.5195948743219904,0.06546002950528196,-0.019195537005603554,-0.24587641673745525,0.1375183036949729,-0.2578461642065392,1.0363630337467562,12427
-0.3999912659211662,1.2549262895616227,1.7449896381488645,1.4098499810024328,1.1559668249838495,1.7661187966826557,0.9158808687870189,12428
-1.140882700900234,0.39276528972337893,1.2374353548874129,1.4856458498867455,1.0094994453938582,0.7569041071179524,1.04418621466031,12429
-0.0357166753013247,-0.951242971618668,-0.9523760937988102,-0.34644180026743515,-0.31978746583137585,-1.0177906266090588,-1.2778587188319563,12430
-0.16496440251850533,2.098866031753182,1.7336705632337028,0.5462223297718495,0.241663537383027,1.3638613271917142,1.0237476367657676,12431
-0.0357166753013247,0.39276528972337893,1.4382593755903716,1.8243971119795264,1.1844454371887387,0.9919985150884222,0.6450983736451197,12432
-2.3414028478103273,1.0821630306292318,2.3319739981406267,2.579604245672762,2.5839350859937857,1.628787847717392,1.0615065874880631,12433
0.4641707506279294,-0.3565098415904979,0.09343714726580747,0.4877987815463858,0.2667169535485704,0.2652011103088699,0.7647809318986573,12434
0.41949122296488883,-0.3565098415904979,1.9050800123453442,3.544586180354604,2.103499521581141,-0.07440725075751485,0.7929339385545909,12435
0.5840955323843802,-0.951242971618668,-0.4085888890124942,0.5715396838752422,0.3323141141483499,-0.6867678491342508,-1.2778587188319563,12436
-2.038956243693276,2.3509346787324734,1.4542056101005698,-0.16877855367525413,0.041472912569972,1.0784491734795054,1.0131176395958414,12437
-0.8384360967831825,-0.3565098415904979,0.9844600765748769,1.9908368477904712,1.4754148043602506,0.7781930793856414,0.6327518148686244,12438
1.5485486647540225,-0.951242971618668,-1.2141674320597904,-0.7883786445279528,-0.28231065620974044,-1.0177906266090588,-1.2778587188319563,12441
-1.8243669630413246,-0.951242971618668,-1.2749410196571926,-0.8909721363355818,0.17278098613953685,-0.9409204605414276,-1.2778587188319563,12442
-0.5527525600703276,0.6601931595334521,1.3865439598319151,1.4371623165396228,0.4190952615510715,1.2167700472871472,0.7016314675593354,12444
-0.5195948743219904,-0.951242971618668,-1.7655142875014023,-1.719121773790389,-1.0458763895276026,-1.9114890458877223,-1.2778587188319563,12445
0.1830988212276959,-0.951242971618668,0.2668913219572726,1.7118355958003828,0.9081502214827918,0.45098650481467234,-1.2778587188319563,12446
1.242037063618065,-0.951242971618668,-0.40400404957548697,0.5792794719281693,0.20894080789238595,-0.2578461642065392,-1.2778587188319563,12447
-0.018953607897127814,-0.951242971618668,-0.5361078516184052,0.3562715688497918,0.4858144049868057,-0.4054300282323229,-1.2778587188319563,12448
-0.5195948743219904,0.39276528972337893,1.2848945864290016,1.5656942428079474,0.9986017036674841,1.0784491734795054,0.7392844904820263,12449
0.91314196037818,-0.3565098415904979,-1.0233620721309347,-1.3924154647088764,-0.9750697329937101,-1.2991284475109868,-0.1359950241185782,12450
-1.0048844741552696,0.6601931595334521,2.0157092373223264,2.4985542800351994,2.3781305764976737,1.793199831942451,0.9934834015418288,12451
-0.702437870038218,-0.951242971618668,-0.5737052783261968,0.2928023638641277,0.17278098613953685,-0.4465281173678302,-1.2778587188319563,12452
0.8005288809889273,-0.951242971618668,-0.010944953300661421,1.2428128713503392,1.2398970665738263,0.2069305701444127,-1.2778587188319563,12453
0.15737471665462005,-0.951242971618668,1.2696909047710676,3.4046879491226734,2.079947825572846,-0.6867678491342508,-1.2778587188319563,12454
0.35207148225049756,0.6601931595334521,0.9423416360093072,0.6882737687717918,1.0992005216340408,0.7886482262425164,0.8600538657243214,12455
-0.018953607897127814,0.06546002950528196,1.0205221380540412,1.5065049245969084,1.3859162996044219,0.9753291602051491,0.8364341866318548,12456
0.27794705909668965,0.8863002017334407,0.8343150480609971,0.261518931784639,-0.11838420405723135,0.3713425543694715,0.7579889412322696,12457
0.33163389949978844,-0.3565098415904979,0.07470824950396135,0.45622162201293576,0.5355716737740076,0.004760574858854357,0.8420115648149052,12458
0.9083756495481708,-0.951242971618668,-0.10679334095307663,1.0810086869646074,0.6649118207932402,0.004760574858854357,-1.2778587188319563,12461
-0.6238468161312312,-0.3565098415904979,0.21372912971663627,0.6906335808842025,0.5895430112316494,0.3373595340158314,0.9552008044201479,12462
0.11704461884783704,0.39276528972337893,0.4107962876111082,0.09233949312686965,0.23820312042585934,0.5516505149897042,0.7929339385545909,12463
-1.0697884448393309,1.2549262895616227,0.23008989175393912,-1.1391640315042486,-2.780090953032568,-1.5532810589181636,0.9754646166731504,12464
-0.702437870038218,-0.3565098415904979,-0.039485450729987125,0.26371076435484725,0.47418937680074236,0.24620146194085193,0.7094546484728891,12465
1.0515119700655031,-0.3565098415904979,-0.06878298149821996,0.21432646145846604,0.17278098613953685,0.02964812480486719,0.6420477196732038,12468
-2.038956243693276,2.9197062039813404,2.541133834771534,1.117264689160349,0.7325580493666257,1.28452411233151,1.0507706625185322,12471
-0.25030595595327615,1.0821630306292318,1.7018868016833042,1.5166638312779437,1.4831402399038092,1.6247630134278834,1.0214100102631878,12472
0.1307317020707626,0.06546002950528196,1.0219689634113889,1.5089454598610301,1.8220096441794802,1.2231487724604946,0.6715433334676023,12473
-0.702437870038218,2.3509346787324734,1.7801478664288422,0.3797326405668934,0.6023479250191588,1.7522604795962515,0.9922232482364803,12474
0.1307317020707626,-0.951242971618668,-0.05457623229781085,1.1691577616009559,1.370682359312579,0.02964812480486719,-1.2778587188319563,12475
-0.7450737659930379,1.6768961606574022,1.6792781378353494,0.8711308171535834,0.35995988559130704,1.4366571604490637,1.0318220903460842,12476
-0.48784858938626624,0.8863002017334407,2.3226139282513234,2.7711764529137275,1.520810142887068,1.508521932965516,0.9467950037688883,12477
-1.6579185856692376,-0.951242971618668,-0.21675037766806302,0.8953873209833714,0.45295387567241147,0.02964812480486719,-1.2778587188319563,12478
-1.0048844741552696,-0.951242971618668,-0.3306002808862386,0.703194304660397,1.0022461335272235,-0.1024556255368702,-1.2778587188319563,12479
-0.3466882305725439,0.39276528972337893,1.109424637913195,1.2697548746653182,1.1110118194273997,1.157189074845069,0.9858614726582301,12480
-0.48784858938626624,1.5492685361090064,1.5481665470232993,0.7782122808529662,0.826701212691058,1.2904334962277955,1.0283817981296515,12481
-0.702437870038218,1.2549262895616227,0.7809927879566878,-0.21404984346039174,-0.13777304234609453,0.24620146194085193,1.004647471086801,12483
-0.18540198526921478,0.39276528972337893,1.3575100119035923,1.688180617645181,1.3903776850617793,1.7626745443726928,0.9780895946116086,12484
-1.0697884448393309,0.06546002950528196,0.4393874270129781,0.5265932178738393,0.1375183036949729,0.24620146194085193,0.37729675735699375,12488
1.4829072495146738,-0.951242971618668,-0.6958095139063969,0.08667499195940379,-0.45109553940094166,-0.7437843797219198,-1.2778587188319563,12489
-1.5219203589242727,1.5492685361090064,1.5249091203559062,0.739022319109679,0.7458118743001307,1.1707808752169762,1.0070861067701522,12490
-0.10681093136222787,-0.951242971618668,-0.4171822125675396,0.557033068343752,0.5661168749430395,-0.29249568749523525,-1.2778587188319563,12491
0.24377657603468808,-0.3565098415904979,-0.9136871977586694,-1.2081360956853509,-0.5403295593031474,-0.5349468086478807,0.20803244687342232,12492
0.9592013491526777,-0.3565098415904979,-0.4335797738360755,-0.4003131100578325,-0.45109553940094166,-0.48963176831474303,0.09130702673711896,12493
-0.7450737659930379,1.0821630306292318,0.3293707419603869,-0.7942250742393901,-0.4868852037041845,0.5240404679784646,1.0363630337467562,12494
0.43768542024440965,-0.951242971618668,0.22679602434831933,1.6441496692426354,2.304768088527058,-0.804736104337389,-1.2778587188319563,12497
-0.5527525600703276,0.06546002950528196,-0.5711322553976936,-1.1737972405947257,-1.2026013797763975,-0.4465281173678302,0.14866230143978154,12498
-0.48784858938626624,1.6768961606574022,1.381525884581538,0.3695181903053599,0.49711133510642114,-0.02084845295372739,0.989690818242538,12500
1.4851173995965532,-0.951242971618668,0.8273268142726211,2.657921492036281,2.7124890814505993,1.28452411233151,-1.2778587188319563,12501
0.5539530431791972,0.6601931595334521,1.1393049160526951,1.0202700053870981,0.02775981326088689,0.949720132392567,0.8438533291122697,12502
-0.662107772231435,-0.3565098415904979,-0.4103707682739921,-0.3612258182084538,-1.397476718700437,-1.5532810589181636,-0.26455565770754286,12504
1.2108222536652227,-0.951242971618668,-1.80619435729466,-1.7877948696542696,-2.0858122423107215,-0.32855986216469163,-1.2778587188319563,12506
0.8005288809889273,0.06546002950528196,0.3060429092194835,0.3018835428013463,0.7149816909063483,-0.5349468086478807,0.7392844904820263,12507
-0.3999912659211662,-0.3565098415904979,-0.46850131275939044,-0.4591208287094277,-0.14793564782757387,0.45098650481467234,-0.8438434460321748,12508
1.3578948635647135,-0.951242971618668,-1.1992837908828078,-0.763253178358769,-1.1613066551175502,-1.4170967027141252,-1.2778587188319563,12509
0.8486697842687917,-0.3565098415904979,0.1017207817279969,0.5017653885361144,0.1258667666490511,-0.16137409356206325,0.7801890356795537,12510
0.27794705909668965,-0.3565098415904979,-1.3430636411982584,-1.928794470625952,-1.2900838987664411,-0.07440725075751485,-1.2778587188319563,12512
0.6744106014236233,-0.951242971618668,-0.1990212117657239,0.9253163922899247,1.206473532362613,0.004760574858854357,-1.2778587188319563,12513
1.312018828634696,-0.951242971618668,0.2790121861765918,1.7322971455154312,1.159448199314486,0.35451443417019673,-1.2778587188319563,12514
1.5196171948827535,-0.951242971618668,-0.7514834361761162,-0.0073096206673019005,-0.21093716091886555,-0.6867678491342508,-1.2778587188319563,12515
0.4008421239442265,-0.3565098415904979,0.40097074368687785,1.006421215969026,1.1441763152712932,-0.48963176831474303,0.5531267770778089,12516
-0.3466882305725439,0.39276528972337893,0.9292032068892443,0.9658726956900686,0.8653755244978105,1.6757077015681443,0.7320355214809848,12517
-2.3414028478103273,0.6601931595334521,0.751217383854705,0.3662537029444608,0.5798064419075585,0.7781930793856414,0.5791023667960601,12518
0.25534153803420273,-0.951242971618668,-0.7568029125185807,-0.016289568604172282,0.11624227434337994,-0.6332090513304633,-1.2778587188319563,12519
0.41022495340677506,0.6601931595334521,0.944518402690621,0.6919421659530622,0.6751073131096192,1.1006289894230767,0.8052804973310863,12520
0.8486697842687917,-0.951242971618668,-0.217202343665838,0.8946243452940436,0.7556599385803305,0.0774137897288553,-1.2778587188319563,12521
-0.10681093136222787,-0.3565098415904979,-1.2082311394512348,-1.7027417325735303,-0.5287768123827928,-1.0177906266090588,-0.26455565770754286,12522
-0.6238468161312312,1.6768961606574022,0.687666832908084,-0.7972235852177815,-0.7550474950227446,0.7781930793856414,0.9922232482364803,12523
-1.140882700900234,1.2549262895616227,1.358803899003747,0.758834831012795,1.2055643328276917,1.040198627819796,1.0070861067701522,12524
-2.3414028478103273,0.06546002950528196,0.3919197692050154,0.44659416124687007,0.3269927193130994,0.5379533476192208,0.5170049875692359,12526
0.43768542024440965,0.06546002950528196,-0.6155158100287443,-1.2482854432567363,-0.7623242003436371,-0.5827124735718688,0.8938400611074022,12527
-1.140882700900234,0.8863002017334407,0.6618025682551445,-0.028910855246169393,-0.2520144956094368,0.3198649108815007,0.9806972458367789,12528
0.20796529408005854,0.39276528972337893,0.5881981854050041,0.39114755619503117,0.4190952615510715,0.3373595340158314,0.9453764825814174,12530
-0.7902951935033181,-0.951242971618668,-1.3858567536776838,-1.0782119044557512,-1.3605176400597676,-0.5827124735718688,-1.2778587188319563,12531
-0.2969414599191216,-0.951242971618668,-0.6571553676555641,0.15192807300155717,-0.028029086001941865,-0.6867678491342508,-1.2778587188319563,12532
0.7837658135847301,-0.951242971618668,0.24992145074013822,1.683188309824361,1.5850397502851525,0.5240404679784646,-1.2778587188319563,12534
0.5225410289669334,-0.3565098415904979,-0.0005864141557883437,0.3292835747380091,-0.38350938612142094,-0.16137409356206325,0.5211855316203662,12535
0.19563567275482363,-0.951242971618668,1.423568598934839,3.66445293222929,3.220817943492959,1.776371711743176,-1.2778587188319563,12536
-0.3214002120141793,-0.951242971618668,-0.5393779985696765,0.3507511477636204,0.23241178220063982,-0.4054300282323229,-1.2778587188319563,12538
-0.5195948743219904,0.39276528972337893,1.6333753020458333,2.153576542275682,1.3383200411521485,1.3363373067250204,0.9909590624336839,12539
-0.5874530077066066,2.2716292906855724,2.2170564022498596,1.1926626352777,1.0236140819770285,1.8323257652352398,1.0283817981296515,12540
-0.2969414599191216,0.06546002950528196,0.1273180429089334,0.0008138938617972314,0.41417326635386037,0.24620146194085193,0.9065849639824395,12541
-0.16496440251850533,-0.951242971618668,-0.649920441447634,0.16414154224018773,-0.1602543378225628,-0.5349468086478807,-1.2778587188319563,12544
0.3719639973065715,-0.3565098415904979,0.1189531450898735,0.5308205510727867,0.5682669818800555,0.16583248100890577,0.7844831836786293,12545
0.02918729538273665,-0.3565098415904979,0.2819962830849886,0.8057596044854186,0.7843388216850264,0.46608857510276935,0.09130702673711896,12546
1.0899702347522078,-0.3565098415904979,-1.233497473216008,-1.7451214897387963,-0.9412844171465856,-1.4170967027141252,0.467838404378517,12547
0.9592013491526777,-0.951242971618668,-1.87663597686654,-1.9067092205452922,-1.2900838987664411,-1.7143529650682148,-1.2778587188319563,12548
0.41022495340677506,-0.951242971618668,0.11168788470267565,1.449832590909884,1.4356817557686665,0.4356217766984145,-1.2778587188319563,12550
1.5300791490861363,-0.951242971618668,-1.1531584378401678,-0.6853877566092335,-0.4837270426650046,-1.0177906266090588,-1.2778587188319563,12551
-0.0883920916756731,-0.951242971618668,-0.6471147702493885,0.16887786959013673,-0.6629618684555421,-0.48963176831474303,-1.2778587188319563,12552
-1.219473754807221,1.5492685361090064,1.2111026082315077,0.21047641397715522,0.25083914556895304,0.8869104689250991,1.0034224849076023,12553
0.0744087228930169,-0.3565098415904979,-0.14226068916227944,0.09048380493502912,0.1511331195168518,0.9410161250555489,0.5453802989557316,12556
-0.7450737659930379,0.6601931595334521,2.2448408404128295,2.8852079519458855,1.926868145983023,-0.6867678491342508,1.0430780576188126,12557
-1.219473754807221,-0.951242971618668,-0.7767935869281516,-0.05003635190835482,0.26107223211555536,-0.9409204605414276,-1.2778587188319563,12558
1.425411534317174,-0.3565098415904979,-0.24687121274978016,-0.08579831482372416,-0.10782952071054708,-0.4465281173678302,-0.4098281732323931,12559
-1.5219203589242727,-0.3565098415904979,0.7839187935453071,1.6524537356988984,1.4056845173048296,0.8489067773437937,0.6686909187201814,12560
1.406035766844578,-0.951242971618668,-0.874025494342193,-0.21417609239570085,0.148005964307137,-0.6332090513304633,-1.2778587188319563,12561
-1.219473754807221,1.0821630306292318,1.236809419297316,0.7326068410488047,0.5355716737740076,0.9233465440835307,0.7970924793348777,12562
1.295129236744246,-0.951242971618668,-0.4585302100231368,0.4872324262239506,-0.19378559029090436,-0.4465281173678302,-1.2778587188319563,12564
1.3708678011065525,-0.951242971618668,-1.264783303524261,-0.8738246285436821,-0.7297381197006924,-1.1019923666914786,-1.2778587188319563,12565
0.47279425831351085,-0.951242971618668,-0.699219234454827,0.08091895301253356,0.5832027281634562,-0.5349468086478807,-1.2778587188319563,12566
-0.48784858938626624,1.5492685361090064,1.980724642019603,1.5074129667982168,1.123743872786138,1.9680543826628503,1.0329622288755542,12567
-2.038956243693276,3.160704667261126,1.179969027211759,-1.398062328512177,-1.149336055830506,0.8585620603175879,0.9050141558443164,12569
-0.0883920916756731,-0.3565098415904979,-0.2561584321650732,-0.10144643132693525,0.5810812620593687,-0.07440725075751485,0.4630497672474613,12571
-1.140882700900234,-0.3565098415904979,0.19205722980320947,0.6540881471400328,0.4042636002044418,0.3713425543694715,0.21711463367102732,12572
1.1914464861926266,-0.951242971618668,-1.1891515099392114,-0.7461486083790317,-0.6760009656492845,-0.2245044866023096,-1.2778587188319563,12573
1.4372706888296392,-0.951242971618668,-1.087748429987294,-0.5749674018122493,-1.0643037528959158,-1.0177906266090588,-1.2778587188319563,12574
-0.16496440251850533,0.6601931595334521,0.48368468560761857,-0.08421289407312664,0.24626078142875168,0.6541944280815882,0.9323752378605576,12576
-0.18540198526921478,0.06546002950528196,-0.11218262549359716,-0.40237664631392167,0.00805270739732945,1.210344930977783,1.0058686705948,12577
-0.5527525600703276,-0.3565098415904979,0.9633987150207513,1.9552972023133015,1.4877230324101356,1.0244223228973448,0.9871420498775906,12578
0.4008421239442265,-0.951242971618668,-0.49174245414487655,0.431165963309355,0.6649118207932402,-0.16137409356206325,-1.2778587188319563,12579
1.2541661943878881,-0.951242971618668,-0.5056926928000549,0.4076161984893877,0.4671557250700389,-0.32855986216469163,-1.2778587188319563,12580
-0.0883920916756731,-0.951242971618668,-1.0997460989655357,-0.5952209824003152,0.036100226984498086,-0.7437843797219198,-1.2778587188319563,12581
1.22970744229283,-0.3565098415904979,-0.5673674124647897,-0.6255750119099464,-0.0502523488187054,-0.4465281173678302,0.2676161947595539,12582
-1.8243669630413246,2.098866031753182,1.781491163176651,0.6267762354316764,0.8569516996686247,1.0556981411370956,1.059382616101722,12583
-1.6579185856692376,1.4094682908473293,0.9126023018500482,-0.15055027685862118,-1.3391805274742934,0.2069305701444127,0.9439528495948398,12584
1.2140031757859513,-0.3565098415904979,0.7439165181051253,1.5849609102366036,1.5650149305024146,0.7013229133180106,0.6068371016011076,12585
-0.702437870038218,-0.951242971618668,-1.0271392328999625,-0.47265142194878784,-0.7435871189288051,-0.9409204605414276,-1.2778587188319563,12586
-1.219473754807221,-0.951242971618668,-1.5326053959491448,-1.3259421475408464,-1.2454847475274144,-1.9114890458877223,-1.2778587188319563,12587
-0.10681093136222787,-0.951242971618668,-1.1212545064207404,-0.6315298907811826,-1.2026013797763975,-1.1019923666914786,-1.2778587188319563,12588
-0.3214002120141793,-0.3565098415904979,-0.17599327010954194,0.03363563738696945,-0.028029086001941865,-0.16137409356206325,0.6000838136265219,12589
1.13717345707023,-0.951242971618668,2.045774223356533,4.714814613271406,3.6938629315754246,0.5915121454230086,-1.2778587188319563,12590
1.4396200611872818,-0.951242971618668,-0.5287448048240957,0.3687013218203647,0.41417326635386037,-0.2578461642065392,-1.2778587188319563,12591
0.5225410289669334,-0.3565098415904979,-0.4611004265619372,-0.4466582972889493,-0.08058973376917059,-1.0177906266090588,0.6200069119935872,12592
0.6477675868397659,0.06546002950528196,-0.5006823969142149,-1.0555145863311073,-0.9084929325230912,-0.804736104337389,0.582677574239563,12593
-0.12569611998983565,1.4094682908473293,1.193884990561405,0.3228753162101736,0.2660911718306082,0.3198649108815007,0.9565845456816257,12594
0.0888931606621161,-0.3565098415904979,-0.37011518737194216,-0.29342341894272134,0.4577079558034048,-0.29249568749523525,0.7970924793348777,12596
-0.6238468161312312,0.39276528972337893,1.1906488651909148,1.4067362798253555,1.4147687422289903,1.4709226586943238,0.9018536771782983,12597
-1.0697884448393309,1.0821630306292318,1.087429206776854,0.48092456413349927,0.6524618120983787,0.7781930793856414,0.9425240678339961,12598
-0.3214002120141793,1.0821630306292318,0.17097258967300322,-1.0599954786524266,-0.148519175766192,-0.07440725075751485,0.9425240678339961,12599
-0.3214002120141793,1.5492685361090064,0.9324650654917859,-0.25835877855071215,-0.7890967072141662,-0.07440725075751485,1.0283817981296515,12600
1.0593638857982834,0.6601931595334521,-0.30763185721588443,-1.4131517354994034,-1.2900838987664411,-0.4465281173678302,0.6827513965678106,12601
0.19563567275482363,-0.951242971618668,-1.2266397211993432,-0.8094334438947057,0.04986373638462604,-0.8702067625832752,-1.2778587188319563,12602
-0.5195948743219904,-0.951242971618668,-0.12435576451707872,1.0513610977853802,-1.1214870614728398,-2.5238496442644585,-1.2778587188319563,12603
0.41022495340677506,-0.3565098415904979,-0.8829503348025096,-1.1564704752198562,-0.4837270426650046,-0.7437843797219198,0.7801890356795537,12604
0.20796529408005854,-0.951242971618668,0.6292009067943232,2.3234599361313166,2.3020500942479245,0.949720132392567,-1.2778587188319563,12607
0.4008421239442265,0.06546002950528196,0.23655453919108352,0.18481055764936022,0.35334926841635583,0.4356217766984145,0.8889526866970197,12609
-0.48784858938626624,0.39276528972337893,0.7097510058252805,0.5959644598682404,0.5736241767217731,0.7886482262425164,0.5569437896339022,12610
0.10310168753222393,-0.951242971618668,0.40583190039364975,1.9463848409426752,1.8870485523383127,0.5651385571139715,-1.2778587188319563,12611
0.3620840501269106,-0.951242971618668,-0.05617144471275151,1.166464841562932,0.5746925333931637,-0.5349468086478807,-1.2778587188319563,12612
0.17034765419645906,0.39276528972337893,1.1645748384971262,1.3627619865183804,1.0741046538861274,1.1222655712166019,0.8250375003724938,12613
1.3420235178529878,-0.951242971618668,-0.6526856555703049,0.15947351154369632,-0.7861972774880905,-0.4465281173678302,-1.2778587188319563,12614
-2.038956243693276,0.39276528972337893,0.8535654287240587,0.838360840516477,0.8768349656449461,0.7569041071179524,0.7440442797014072,12615
0.5462231801517399,-0.3565098415904979,-0.08869040535766017,0.1807718101606131,-0.11177582607472476,-0.29249568749523525,0.8211643543860943,12616
-0.3214002120141793,-0.951242971618668,-0.5637103503894983,0.30967506461999594,0.33761022910284655,0.12272883006199294,-1.2778587188319563,12617
-0.5195948743219904,-0.951242971618668,-1.3129304185314647,-0.9551030398458916,-0.5403295593031474,-1.0177906266090588,-1.2778587188319563,12618
-0.7450737659930379,1.2549262895616227,1.1258072743497172,0.36631567678467336,1.107706658093717,0.302016837212944,0.8840040909743437,12619
-0.7902951935033181,0.06546002950528196,0.47612944296809645,0.5885212078270977,1.0338135736193426,0.8292737560736217,0.7950186807341812,12620
-2.038956243693276,2.497736332885561,2.272331426025278,1.0674438491869052,0.9620904260273875,1.7797630771305268,1.0529413148270375,12621
1.2076277087101308,-0.951242971618668,-1.181489260807187,-0.7332137640719637,-0.9084929325230912,-1.0177906266090588,-1.2778587188319563,12622
1.3366571270314798,-0.951242971618668,-0.7793280370338922,-0.05431482379786458,0.22073806190907697,-0.5827124735718688,-1.2778587188319563,12623
0.6271416153756115,-0.3565098415904979,-0.1837167697118741,0.020620113373068922,0.1385715206852373,0.02964812480486719,0.41167127410905197,12624
1.1406836993454563,-0.3565098415904979,0.9671415201747288,1.9616129086012983,1.8227070668492553,0.6541944280815882,0.5718533977950185,12625
-0.48784858938626624,1.4094682908473293,1.6868184407481162,1.1534650929960866,0.9951080817175508,1.6757077015681443,0.9806972458367789,12626
-1.0048844741552696,0.8863002017334407,1.3859721172770614,1.191144793550906,1.196736963038522,1.3584246971207208,0.6450983736451197,12627
-1.6579185856692376,0.06546002950528196,0.017120105583802885,-0.18474158273167493,-0.047761107332233786,-0.02084845295372739,0.34617376287977203,12628
-1.0697884448393309,-0.3565098415904979,0.2892766863379431,0.8180378912767453,0.6207145694472713,0.4809368170315517,0.12670900239409377,12630
0.17034765419645906,-0.951242971618668,-0.31842048310792775,0.7237553416665639,0.4481794353930975,-0.1024556255368702,-1.2778587188319563,12631
0.19563567275482363,0.39276528972337893,0.7888763344407912,0.7293201953479924,0.685403804419503,0.6541944280815882,0.8704965281592473,12633
0.5063246271107786,-0.3565098415904979,0.5929106112503222,1.3301975504075811,1.4687305781614584,0.89616133458878,0.37729675735699375,12635
0.28899800354496863,1.2549262895616227,1.6665383907784015,1.277566261286467,0.9753637088383079,1.5664007863141962,0.9143466620966694,12637
-0.2280378812240346,-0.951242971618668,-0.26838030087971376,0.8082294895396767,1.453300157414176,0.10036182276301958,-1.2778587188319563,12638
1.22970744229283,-0.951242971618668,-0.5346949428965779,0.35865673722816666,0.2723332379772021,-0.4054300282323229,-1.2778587188319563,12639
-0.45739843875914415,0.06546002950528196,0.2607250436710581,0.22553036826475809,-0.48005379353861843,0.2652011103088699,0.32625066451270673,12640
0.6873835389654623,-0.951242971618668,-1.264891840820589,-0.8740078532085713,-0.8610461932702582,-1.1019923666914786,-1.2778587188319563,12641
-0.42814272410688714,0.06546002950528196,0.1857831419020015,0.09928488622744544,0.17888965951286112,0.10036182276301958,0.467838404378517,12642
0.7666173547449812,0.8863002017334407,1.1513891153524212,0.795702009782101,0.7262237703866882,-1.0177906266090588,0.8250375003724938,12643
0.7780933519752427,-0.951242971618668,-0.32272054296132846,0.7164962975195464,0.8226050778884133,-0.07440725075751485,-1.2778587188319563,12644
-0.2064153496825682,0.39276528972337893,0.6548479584868268,0.503445511030392,0.6124870036812244,0.45098650481467234,0.9524186962584894,12645
-1.5219203589242727,-0.3565098415904979,0.5023186008284007,1.17737396369531,1.1807313967699156,0.2069305701444127,0.22599270900645435,12646
-0.5195948743219904,1.794302194169694,1.1784836937868586,-0.08896454444161891,-0.31424300629735263,0.7127224211397556,1.0329622288755542,12647
0.9083756495481708,-0.951242971618668,-0.6928379240772206,0.09169141091454,0.029154222574982094,-0.4465281173678302,-1.2778587188319563,12648
0.6340805036168403,0.06546002950528196,-0.1831855607754724,-0.5218378891852568,0.2516003815843802,-0.19237550596065342,0.5644689262283344,12649
-1.8243669630413246,-0.951242971618668,-0.8621807692677178,-0.19418070043460922,0.5311389438732397,-0.48963176831474303,-1.2778587188319563,12650
1.480690531369406,-0.951242971618668,-1.460077171562502,-1.203505344176107,-0.7576103239704249,-1.1019923666914786,-1.2778587188319563,12651
1.4717571897824155,-0.951242971618668,0.08133458767139275,1.398592391780245,1.2971979670607034,0.283800736212044,-1.2778587188319563,12652
0.8791199348959138,-0.3565098415904979,0.8967851017337815,1.842893785179488,1.207684646117007,0.0774137897288553,0.6963285996674116,12653
-1.0048844741552696,0.6601931595334521,-0.24043393581223688,-1.3005978068483277,-1.2026013797763975,-0.1024556255368702,0.9552008044201479,12654
-0.702437870038218,0.6601931595334521,1.2899493802557358,1.2742679750040693,0.8721017658057837,0.8292737560736217,0.8475112971565278,12656
-1.0048844741552696,0.39276528972337893,0.5484011861326904,0.3241025706749254,0.5661168749430395,0.004760574858854357,0.3890904011009562,12657
-0.6238468161312312,-0.951242971618668,-0.10025553003066007,1.0920453375528876,0.794906010767853,0.02964812480486719,-1.2778587188319563,12658
-0.2969414599191216,-0.951242971618668,-1.8042704131030314,-1.78454700885708,-0.4404272273554374,-1.7143529650682148,-1.2778587188319563,12659
-1.0048844741552696,-0.951242971618668,-0.9140715797782754,-0.2817789425899509,-0.2283567356592486,-0.8702067625832752,-1.2778587188319563,12660
-2.3414028478103273,1.6768961606574022,1.2731711185342056,0.18708287533719117,0.20028188978925826,1.157189074845069,1.0615065874880631,12662
-1.219473754807221,1.4094682908473293,1.4441906757807388,0.7445208627480685,-0.17689390196525065,-1.1019923666914786,0.9947395479936569,12664
1.4581533153394213,-0.951242971618668,-2.1905997700598245,-2.4367197583178584,-1.603242333605013,-2.1656416572948998,-1.2778587188319563,12665
0.1830988212276959,-0.951242971618668,-0.3528830597431097,0.6655781595473623,1.0281401257449203,-0.04722204126276407,-1.2778587188319563,12667
-0.9451786088758904,0.39276528972337893,1.1861287197957553,1.3991128791990257,1.052751061213535,1.0556981411370956,1.0295318942148675,12668
0.8889998820755748,-0.3565098415904979,0.5487081565275151,1.2556289956066293,1.411748884577628,0.9053163346348189,0.5644689262283344,12669
-1.0697884448393309,0.6601931595334521,1.0693300444588107,0.9023081467777251,0.6434338730589894,0.45098650481467234,0.8582862666848654,12670
1.469507036923992,-0.951242971618668,-0.9182769207406695,-0.2888780892855807,-0.7576103239704249,-1.0177906266090588,-1.2778587188319563,12672
-1.5219203589242727,-0.3565098415904979,-0.17621488531845947,0.03326217175186659,0.1322372417053007,0.16583248100890577,1.0034224849076023,12673
-0.10681093136222787,0.39276528972337893,0.7528216394476536,0.6685518942060587,0.6629404142648792,0.35451443417019673,0.7510781342259888,12674
-0.42814272410688714,0.8863002017334407,0.3347090464144688,-0.5790207895159175,-0.3718006352684551,-0.04722204126276407,0.9579634571208487,12676
-0.05286513414107354,1.5492685361090064,2.498417868473808,2.3806731556366794,2.1693691818251084,0.9753291602051491,0.9909590624336839,12678
0.19563567275482363,0.39276528972337893,0.22505604687278724,-0.22033456394869064,-0.1418269744542506,0.18662048949877436,0.8635655130798013,12679
-2.3414028478103273,0.39276528972337893,0.07814913804096536,-0.4674768261641839,-0.3809899949898076,-0.04722204126276407,0.5897323639659863,12680
-0.7902951935033181,2.6311730437506724,2.269362995716906,0.934381992347816,0.8693326659373473,1.799842341419917,1.0408523744008888,12681
-1.6579185856692376,3.1155690328771315,2.177512002834313,0.3191396650947566,0.1476018207097162,1.5834728073842548,1.056175093261845,12682
-1.6579185856692376,2.0042014208754995,1.8826419169328656,0.889876805630819,0.9126655379075889,1.4366571604490637,1.0496808474101464,12683
-1.219473754807221,0.8863002017334407,0.8460839188945708,0.2813381522426677,0.835637547689905,0.4809368170315517,0.826959926191624,12684
-0.3466882305725439,0.8863002017334407,1.0186797319293404,0.5720716571707627,0.5363087515537684,1.0709304081093147,0.37729675735699375,12685
1.5586152832160842,-0.951242971618668,-1.8318585382113877,-1.831119248528726,-0.4193920730874314,-1.4170967027141252,-1.2778587188319563,12686
0.6809252725881031,-0.951242971618668,1.5271823910343754,3.8393661001228954,3.307662187343342,1.4113416862522459,-1.2778587188319563,12688
-0.3999912659211662,-0.3565098415904979,0.3691469225292899,0.9527447189910597,0.7736705096395222,0.4356217766984145,0.5492725247869225,12689
1.1193701034501191,-0.951242971618668,-0.605247229064744,0.23955556714498674,-0.45109553940094166,-0.6867678491342508,-1.2778587188319563,12690
-0.3466882305725439,0.6601931595334521,0.2053695970531859,-0.5523422006585198,-0.7632693721690339,-0.4465281173678302,1.0131176395958414,12691
0.7608124608036914,0.39276528972337893,-0.005536351815769393,-0.6081864012339534,-1.014343739134334,0.004760574858854357,0.8012077011945085,12693
0.3212012104594013,-0.3565098415904979,0.04825502690506919,0.4116227588871543,0.5377814467498014,-0.07440725075751485,0.5897323639659863,12694
-1.3073310782723213,0.39276528972337893,-0.16578295354551448,-0.8774479422601563,-1.141219082803132,-0.32855986216469163,0.8231056739007375,12695
-0.3214002120141793,0.06546002950528196,0.043978530458974645,-0.13952241905775412,0.08796214072617158,0.05385373755105001,0.6771871112552025,12697
-1.219473754807221,0.39276528972337893,1.4681660680799393,1.8748493169603313,1.7319614126798175,1.5131112918499467,0.8307769387477173,12700
0.41949122296488883,-0.3565098415904979,0.00974898013971437,0.3467068940158606,0.8629045295417279,0.3198649108815007,0.7344666536224932,12701
-0.5874530077066066,-0.951242971618668,-1.0109518564151534,-0.44532508591309455,-1.2026013797763975,-0.9409204605414276,-1.2778587188319563,12702
0.33163389949978844,-0.951242971618668,-0.789876129093391,-0.07212133545982483,0.05668229036991024,-0.4465281173678302,-1.2778587188319563,12703
-1.3073310782723213,1.2549262895616227,0.7066902197155776,-0.33900250190297937,-0.24716821099498384,0.5379533476192208,0.7344666536224932,12704
-0.7902951935033181,1.2549262895616227,1.742125878567823,1.4050208792825412,1.2932813704557184,1.6603429734518864,1.0272283440948966,12705
1.37854462811373,-0.951242971618668,-0.1371528253586586,1.0297580427656619,0.5574747378571825,-0.02084845295372739,-1.2778587188319563,12707
-0.2969414599191216,1.5492685361090064,0.976688291099347,-0.18398601329605854,-0.20061458623115735,0.7989810878755099,1.0237476367657676,12708
-0.7902951935033181,2.098866031753182,2.0508154505827974,1.0806256559140959,0.5732678301944374,0.8681129598094249,1.0386140810124724,12709
0.5616036241630114,0.06546002950528196,0.283180573001955,0.26336319676907627,0.6622825032978488,0.6780728978510595,0.5607242751938752,12710
-0.3214002120141793,1.903003202857391,1.3552426734374992,0.10110856700014424,-0.7339810557500203,0.45098650481467234,1.0283817981296515,12712
-2.3414028478103273,-0.951242971618668,0.08190601810471468,1.3995570385256042,1.3127281897666354,0.0774137897288553,-1.2778587188319563,12713
-1.140882700900234,0.6601931595334521,1.4263852289637415,1.5043552560112663,1.5214802410528703,1.6125773085278983,0.9565845456816257,12714
0.6271416153756115,-0.951242971618668,-0.7964535559859508,-0.08322486280935977,0.22659020186326767,-0.48963176831474303,-1.2778587188319563,12715
-1.6579185856692376,-0.3565098415904979,0.23543113632570925,0.7272308432550897,0.9097326633400813,0.4809368170315517,0.6450983736451197,12716
0.8889998820755748,-0.3565098415904979,0.1176031293357489,0.5285442876117554,0.5355716737740076,0.302016837212944,0.5211855316203662,12717
0.33163389949978844,-0.951242971618668,-1.0060335144200523,-0.43702230341941983,0.28901429883878266,-0.5349468086478807,-1.2778587188319563,12718
-1.5219203589242727,-0.3565098415904979,-0.17839275875824456,0.029592032114022667,0.19701737764317123,-0.02084845295372739,0.33964373443430285,12719
-1.8243669630413246,2.811005195293644,1.5657972620691543,-0.42135926083364594,0.1994122874820787,1.5918866766816677,1.0551001055883238,12720
-0.25030595595327615,0.8863002017334407,0.9579467581619222,0.4697530799141594,0.8191800979248832,1.1841667312791886,1.0058686705948,12721
0.4641707506279294,0.39276528972337893,0.24866228214435676,-0.18060760938491968,-0.1019361320013559,0.3198649108815007,0.37729675735699375,12722
-1.6579185856692376,0.6601931595334521,-0.010967472245102246,-0.9157485718809624,-0.6424114229348569,0.3713425543694715,0.3525976072831403,12723
-1.5219203589242727,0.39276528972337893,0.20159238771477103,-0.2598179155249023,-0.3809899949898076,0.2652011103088699,1.0107160654750915,12724
1.5566127985049394,-0.951242971618668,-0.5224109154772483,0.379393727032987,0.04986373638462604,-0.32855986216469163,-1.2778587188319563,12725
-0.3466882305725439,1.0821630306292318,0.966242997158862,0.276817937250442,1.1780709147946506,0.4356217766984145,1.0131176395958414,12726
-1.0048844741552696,1.0821630306292318,1.2496435057903084,0.754234391099661,0.7165946597451506,1.0083591604032482,0.988418489521988,12727
0.33163389949978844,0.39276528972337893,0.012618166854197895,-0.5776662614229999,-0.4484188752068848,0.0774137897288553,0.9219587998423999,12728
0.6809252725881031,-0.951242971618668,-0.4311538453985949,0.5334471874527358,0.44338445982359787,-0.2578461642065392,-1.2778587188319563,12729
-0.45739843875914415,1.794302194169694,2.6013060812104545,2.309033637072002,1.6799674335347698,1.0083591604032482,1.0272283440948966,12731
1.019250721279904,-0.951242971618668,-0.9455840180992908,-0.3349759186207637,-0.3784762845645497,-0.9409204605414276,-1.2778587188319563,12732
1.2140031757859513,-0.951242971618668,-0.49684166997196516,0.4225578429422088,-0.13575159101930387,-0.36615913643588405,-1.2778587188319563,12733
1.5196171948827535,-0.951242971618668,-1.4854338896521506,-1.2463106869646892,-0.6247353771966503,-1.7143529650682148,-1.2778587188319563,12734
1.434913893482233,-0.3565098415904979,-0.030919412070643755,0.27815029721719536,0.17583950685429145,0.0774137897288553,-0.056718515442787575,12735
1.4762372339216803,-0.951242971618668,-1.2752708524036538,-0.8915289356707814,0.09016318803794067,-1.9114890458877223,-1.2778587188319563,12736
1.5586152832160842,-0.951242971618668,-1.3126998797576617,-0.9547138612777581,-0.05775965059743895,-1.0177906266090588,-1.2778587188319563,12738
0.5766733307788626,-0.951242971618668,0.24533012290799458,1.6754375685409337,1.2677692708435577,0.0774137897288553,-1.2778587188319563,12739
0.25534153803420273,-0.951242971618668,-0.4112073970898257,0.5671193115128345,0.8792753097816125,-0.19237550596065342,-1.2778587188319563,12740
0.8005288809889273,-0.3565098415904979,-0.22533765282508206,-0.049514910782856886,0.018653390451865363,1.0556981411370956,-1.2778587188319563,12743
0.15737471665462005,0.39276528972337893,2.026698973010987,2.8172743814096015,2.3727799932348104,1.4416343544503578,0.9234637834768021,12744
-2.038956243693276,1.6768961606574022,1.4078254770445486,0.4138079374156696,-0.32065402638902046,0.18662048949877436,1.0551001055883238,12747
-2.3414028478103273,5.854045306054913,3.0186285691912214,-0.8048603933217903,-0.2676039182726458,3.469376393802739,1.0615065874880631,12748
-1.6579185856692376,0.6601931595334521,1.3876006910695815,1.4389444690473945,0.7119645575322435,1.3529544034911853,0.8345574243076903,12749
0.772377422803206,-0.951242971618668,-0.7595623985464266,-0.020947929553118073,-0.13575159101930387,-0.6867678491342508,-1.2778587188319563,12750
0.4286437930933301,-0.951242971618668,1.4396222303553372,3.691553489703899,2.9826433204009524,0.3878561117744264,-1.2778587188319563,12752
-0.48784858938626624,0.8863002017334407,2.7077093466879405,3.421071227108467,2.790366499567513,1.1841667312791886,1.024911283339804,12753
1.2203246128302816,0.06546002950528196,1.1432510170460581,1.713538142982501,2.9313989826119964,0.3198649108815007,0.41712043258818987,12754
1.3500014025309162,-0.3565098415904979,1.3313130052149889,2.576176075514443,1.7462398498044842,-1.7143529650682148,0.4818655959872372,12755
0.48131920946767887,-0.951242971618668,-1.4735003276573029,-1.2261653270615565,-0.08058973376917059,-1.7143529650682148,-1.2778587188319563,12756
-0.7450737659930379,1.4094682908473293,1.404158442210029,0.6770673740354417,0.596778404186606,1.6908097718562414,0.8073012573700791,12757
0.7001347059966991,-0.3565098415904979,1.083019163024815,2.157153639932286,2.146035156920955,0.7886482262425164,0.7271279089759665,12758
0.10310168753222393,0.06546002950528196,0.5395657826000967,0.6954521616101391,0.7262237703866882,0.7460640987439856,0.8600538657243214,12759
-1.219473754807221,-0.3565098415904979,0.6889548943990298,1.4922313477226024,1.5229408768350556,0.5099049728398658,-0.1359950241185782,12762
0.8223092635746644,-0.3565098415904979,-0.2962461638312711,-0.16898653608442904,0.022164669264065795,-0.6332090513304633,0.8722104472303812,12763
1.4396200611872818,-0.951242971618668,0.684901017653117,2.417488758404102,1.0138288881215982,0.24620146194085193,-1.2778587188319563,12764
-1.6579185856692376,1.0821630306292318,1.7514806029312064,1.6003042630038942,1.341315143284301,1.5664007863141962,1.0507706625185322,12766
1.22970744229283,-0.951242971618668,0.3719309760397021,1.8891557988130898,0.9238744610206381,-0.04722204126276407,-1.2778587188319563,12769
1.13717345707023,-0.951242971618668,0.504963916188901,2.1137322043686675,1.7425000606507448,-0.8702067625832752,-1.2778587188319563,12770
0.20796529408005854,-0.951242971618668,0.038579286472794024,1.3264160431942575,1.4097310919882697,0.40406665096392086,-1.2778587188319563,12772
-0.702437870038218,0.6601931595334521,0.46233821036669653,-0.1201378408700293,0.12905655452269313,0.2652011103088699,0.9688248347261402,12775
-0.5874530077066066,0.8863002017334407,-0.026705112548493018,-1.1856211559383316,-0.14250406533523863,0.12272883006199294,0.9661373568365093,12778
-0.12569611998983565,1.2549262895616227,1.3659710767916486,0.7709126069192046,0.5443846058445386,0.8292737560736217,1.017877428815222,12779
0.25534153803420273,-0.3565098415904979,0.07404055234677794,0.4550958933417881,0.8562883077411183,-0.29249568749523525,0.8565107233533781,12781
-1.5219203589242727,0.6601931595334521,0.7925589526488059,0.43589610592440514,0.36061879646529854,0.7460640987439856,1.0397348129024189,12782
-2.038956243693276,0.39276528972337893,0.4715075932781091,0.194582093285021,-0.015267195686181666,0.6780728978510595,0.42249545055359644,12783
-0.7902951935033181,-0.951242971618668,-0.3245371778504774,0.7134295883785292,0.6490420851798467,0.3878561117744264,-1.2778587188319563,12784
1.5424428316961971,-0.951242971618668,-0.819119914858561,-0.12148853943662721,-0.20232839148992285,-0.804736104337389,-1.2778587188319563,12785
-1.0697884448393309,0.06546002950528196,-0.4280130336921092,-0.9334485948096467,-0.6500735156473001,-0.6332090513304633,0.7801890356795537,12787
0.26672992881572677,-0.951242971618668,-1.7711270260738385,-1.728596785411625,-4.083319632854972,-1.9114890458877223,-1.2778587188319563,12789
1.0671340092552157,-0.951242971618668,-0.7065406163981873,0.0685595355727977,0.06345939392291265,-0.4465281173678302,-1.2778587188319563,12790
1.562604197037004,-0.951242971618668,-1.1091098207279548,-0.6110281274101771,-0.5287768123827928,-2.5238496442644585,-1.2778587188319563,12791
1.2836532395139844,-0.951242971618668,-0.5829498487007264,0.27719636144631254,0.36371985577020566,-0.29249568749523525,-1.2778587188319563,12792
1.480690531369406,-0.3565098415904979,-0.3505524164552151,-0.2604711234177498,-0.06531784972597772,-0.4465281173678302,0.14866230143978154,12793
0.11704461884783704,-0.3565098415904979,0.14531764920093468,0.5752746949397911,0.718741661085247,0.2069305701444127,0.23467564592039966,12794
-0.6238468161312312,-0.951242971618668,-0.645466040011468,0.171661134472862,-0.9750697329937101,-0.804736104337389,-1.2778587188319563,12795
1.546518935319535,-0.951242971618668,-0.917820269296628,-0.2881072039711646,-0.31029949280696056,-0.8702067625832752,-1.2778587188319563,12797
-1.0697884448393309,0.06546002950528196,1.813149399668518,2.8439034577421087,2.6979572280135793,-1.4170967027141252,0.7295893357937872,12798
1.0475547984138642,-0.951242971618668,-0.4691011628433256,0.4693873227105416,0.7772379690078435,-0.29249568749523525,-1.2778587188319563,12802
-0.14507188746243174,0.06546002950528196,-0.3606665293000196,-0.8202763877028434,-1.0040279871313869,-0.2245044866023096,1.0155047026061468,12808
1.0109625792667192,-0.951242971618668,-0.453787232337451,0.4952391716141302,0.37399486031426643,-0.29249568749523525,-1.2778587188319563,12809
1.2979708596357558,-0.3565098415904979,-0.3550991651189502,-0.2681300016698632,-0.343866805830731,-0.2245044866023096,-0.039157503193415405,12811
-0.0025589895529871606,-0.951242971618668,-0.9052427752474543,-0.2668748054291778,0.06345939392291265,-0.6867678491342508,-1.2778587188319563,12812
0.5987219835012508,-0.951242971618668,-1.6832655019225478,-1.5802754353880744,-1.2900838987664411,-2.5238496442644585,-1.2778587188319563,12814
0.8741304506943587,-0.3565098415904979,0.14813552968290475,0.5800261269616019,0.20894080789238595,0.0774137897288553,0.27543937567310756,12815
0.5539530431791972,-0.3565098415904979,-0.3667127185146322,-0.2876922946944511,-1.001098077163036,-0.2245044866023096,0.45820237236717004,12816
1.3500014025309162,-0.951242971618668,-1.3806940271055208,-1.0694965699292622,-1.2026013797763975,-1.9114890458877223,-1.2778587188319563,12817
1.2979708596357558,-0.951242971618668,0.3982931798264133,1.9336585284551129,1.9804259876207944,-0.804736104337389,-1.2778587188319563,12818
-1.8243669630413246,0.39276528972337893,0.2177537176761598,-0.2326229170780957,0.16971405132693512,0.41998509241608295,1.0058686705948,12820
1.1476550127690195,-0.951242971618668,-1.6232130681965782,-1.4788993423999948,-0.8766384768274477,-1.4170967027141252,-1.2778587188319563,12821
0.33163389949978844,-0.3565098415904979,0.223261905606504,0.7067090853100879,0.6369897504844825,0.16583248100890577,-0.15857589712667391,12822
0.3719639973065715,0.6601931595334521,0.7151856973661029,0.3055624909249286,-1.3365418751151885,-2.5238496442644585,0.8565107233533781,12823
0.20796529408005854,-0.951242971618668,-0.4700218104318029,0.4678331532997794,0.4481794353930975,-0.2578461642065392,-1.2778587188319563,12824
-1.8243669630413246,1.0821630306292318,0.574507567686956,-0.3823636142235756,-0.026981805416443468,0.46608857510276935,1.0507706625185322,12826
-1.4069354965926615,0.06546002950528196,-0.40647806700701644,-0.8972649854329808,-0.946844678554462,-0.48963176831474303,0.16945961509223864,12827
-1.8243669630413246,0.8863002017334407,0.279817899116812,-0.6712469785194208,-0.6980775306434431,0.2652011103088699,0.6389733249647489,12828
1.4851173995965532,-0.3565098415904979,-0.7117302894597108,-0.8685219348500306,0.21485503980689688,-1.1019923666914786,-0.022343998690729533,12829
-0.12569611998983565,0.8863002017334407,1.7943754217234373,1.879921211859937,2.6252584758974966,-0.804736104337389,0.660007981806236,12830
1.2979708596357558,-0.951242971618668,-0.9573423202945389,-0.3548254178461702,-0.152026772056516,-1.1019923666914786,-1.2778587188319563,12831
-0.25030595595327615,-0.3565098415904979,-0.4987493403982145,-0.5100531782754631,-0.5116691093882318,-0.19237550596065342,0.37729675735699375,12832
0.858958569555107,-0.951242971618668,-0.43044846517751634,0.5346379583582135,0.00805270739732945,-0.29249568749523525,-1.2778587188319563,12833
1.3552729799974077,-0.951242971618668,-0.6608357614121393,0.14571510349224714,-0.3784762845645497,-0.5349468086478807,-1.2778587188319563,12834
0.19563567275482363,0.39276528972337893,1.029524307092827,1.1350203075368464,0.5979410178087916,1.28452411233151,0.9081495510819382,12836
0.9898301430825142,-0.951242971618668,-1.3316519318199684,-0.98670731887767,-2.0403026540253606,-0.8702067625832752,-1.2778587188319563,12837
-0.2064153496825682,-0.3565098415904979,-0.05152566017949472,0.24341530243453793,0.1511331195168518,1.0633471031914083,1.0260715124446789,12838
-1.8243669630413246,2.0042014208754995,1.636670985570353,0.475475672570521,0.6245139678859114,0.89616133458878,1.0529413148270375,12839
0.8538319163375493,0.39276528972337893,1.0642954513853318,1.1936524803756747,0.9898061542864771,0.5915121454230086,0.467838404378517,12840
-1.5219203589242727,2.811005195293644,1.3680144799786051,-0.753473598746879,-0.3905941223652694,1.6680587395138318,1.056175093261845,12841
0.3212012104594013,-0.3565098415904979,0.35460213639221466,0.9282129878658888,0.6309143670495367,0.004760574858854357,0.8856605199262281,12842
0.27794705909668965,1.2549262895616227,0.68883320307483,-0.3690253859472898,-0.5102552473074418,0.6171211732355907,0.8133022496116039,12843
-0.3214002120141793,-0.3565098415904979,-0.6270149037113453,-0.7259716556045115,-1.001098077163036,0.283800736212044,0.5492725247869225,12844
1.312018828634696,0.39276528972337893,-0.561214235450718,-1.5405696009479988,-1.2238368809047284,-0.2245044866023096,-0.039157503193415405,12845
-0.5195948743219904,-0.951242971618668,0.12964343949474474,1.480143835256109,1.9220315652894753,0.6541944280815882,-1.2778587188319563,12847
-0.2732593087343148,-0.3565098415904979,0.25917799918541623,0.7672776381468288,0.6940720735002827,0.2652011103088699,0.8840040909743437,12849
0.5616036241630114,-0.951242971618668,-1.3452816693389704,-1.0097160372992173,-0.4193920730874314,0.2069305701444127,-1.2778587188319563,12851
1.3861432517885042,-0.951242971618668,-0.662950140899546,0.14214576386305683,-0.04279526348110981,-0.5827124735718688,-1.2778587188319563,12852
0.8060338883139719,0.8863002017334407,0.7999957050424723,0.20372798390411553,-0.16577330999129955,0.5784237638341764,0.7780243303934746,12853
0.41022495340677506,0.06546002950528196,0.48393892959458634,0.6016845233605687,0.33054313664919255,0.89616133458878,0.887310032661933,12854
1.5606124065159652,-0.951242971618668,-2.3201697270088415,-2.655450210843127,-1.80049001290108,-1.9114890458877223,-1.2778587188319563,12855
-1.219473754807221,0.8863002017334407,0.8825699838246973,0.3427864811830054,0.16252488711454638,1.3250830195164915,0.31238756749669155,12856
1.13717345707023,-0.3565098415904979,0.34558923858421103,0.9130117276846285,0.11301555689171496,0.0774137897288553,0.5085087950342148,12857
0.10310168753222393,-0.951242971618668,-0.2537272212837693,0.8329657386392332,0.21485503980689688,-1.5532810589181636,-1.2778587188319563,12863
0.8223092635746644,-0.951242971618668,-1.2582979583082923,-0.862876546694511,0.3688691956469732,-1.9114890458877223,-1.2778587188319563,12864
-0.3999912659211662,-0.3565098415904979,0.6234905057810612,1.3817867606173944,1.2149238280559331,0.8091944917842315,0.533468108256264,12865
1.3552729799974077,-0.951242971618668,-0.2881709461353924,0.7748203807117333,0.08354696623733106,-0.2578461642065392,-1.2778587188319563,12866
-0.3999912659211662,1.0821630306292318,1.3715530317659552,0.9597009165921104,1.5265841157025246,1.7093314061814773,1.017877428815222,12867
1.0435765217469621,0.8863002017334407,0.6429782923520171,-0.0605912593329611,-0.0014554960917548753,0.6541944280815882,0.790838136683051,12868
0.45544638091705564,-0.3565098415904979,-0.5037265741490031,-0.5184334872163229,-0.4837270426650046,-1.1950730719486045,0.6264307563969554,12871
1.4627155626313366,-0.3565098415904979,-0.14171658805226797,0.0914007899684438,0.03263263444924513,0.46608857510276935,0.16945961509223864,12872
1.3526418481444065,-0.951242971618668,-0.5177198787829088,0.3873127894694223,-0.21093716091886555,-1.7143529650682148,-1.2778587188319563,12873
0.8486697842687917,-0.3565098415904979,-0.5859781415647862,-0.6569023203269356,2.083815889284242,-2.5238496442644585,0.8529355159098748,12875
0.1830988212276959,-0.3565098415904979,0.83812408713249,1.7439130420677116,2.033607617528748,0.5784237638341764,0.6715433334676023,12876
-1.6579185856692376,1.794302194169694,0.6068259695106742,-1.0490906325624019,-0.5041491476454825,0.9410161250555489,1.0419667833944715,12877
1.2203246128302816,-0.3565098415904979,0.14028542911394806,0.5667895532900858,0.6309143670495367,0.10036182276301958,0.06581058532048795,12878
-0.0025589895529871606,0.06546002950528196,-0.17801779617363778,-0.513144427376179,-0.2520144956094368,-1.2991284475109868,0.2514891504230854,12879
1.3366571270314798,-0.951242971618668,-0.6982854394911124,0.08249531685326163,-2.1828151445323565,-1.2991284475109868,-1.2778587188319563,12881
-1.140882700900234,-0.3565098415904979,0.5681723198574659,1.2884642578476575,-0.25500732989350533,-0.8702067625832752,-0.006216954354261173,12882
-0.42814272410688714,0.39276528972337893,-0.015031278957037883,-0.6241474701015081,-1.2675613125215732,0.12272883006199294,0.3712652245313046,12883
0.4897478314285932,-0.951242971618668,-0.6693528472430439,0.1313371868682312,-1.4100738030285696,-1.2991284475109868,-1.2778587188319563,12884
0.24377657603468808,0.06546002950528196,0.39365686916105125,0.449521622204551,0.3807926258961879,0.5784237638341764,0.34617376287977203,12885
0.29988761456406465,-0.3565098415904979,0.5206945552512374,1.2083721625027095,1.0109444619296466,0.6897743881055913,0.7068640967229638,12886
1.1476550127690195,-0.3565098415904979,-0.5611468812279317,-0.6151035718851816,-1.5445535148718397,-1.7143529650682148,0.1987365420688429,12888
-0.45739843875914415,-0.951242971618668,-0.5119579525227824,0.3970396487504714,0.5574747378571825,0.7239767083482843,-1.2778587188319563,12890
1.0435765217469621,0.06546002950528196,-0.6148191032733585,-1.247116360005133,0.7937368128617577,-2.1656416572948998,0.5718533977950185,12891
-0.2732593087343148,-0.951242971618668,-1.1138107959900436,-0.6189639674042533,-0.5999603553642504,-0.19237550596065342,-1.2778587188319563,12893
-0.05286513414107354,-0.3565098415904979,-0.5202752037555413,-0.546295894147405,-0.42986003827261077,-0.36615913643588405,0.22599270900645435,12895
1.115757868270254,-0.3565098415904979,-0.9520094528592841,-1.2725397977475874,-1.141219082803132,-1.9114890458877223,0.533468108256264,12897
-1.140882700900234,2.9711778844066976,2.5532317984321486,1.0887870679838878,1.8578539985708546,-0.1024556255368702,0.9219587998423999,12901
1.3064313485242376,-0.951242971618668,-1.3050721789254405,-0.9418373388643441,-0.9412844171465856,-1.0177906266090588,-1.2778587188319563,12902
-0.662107772231435,-0.3565098415904979,-0.293063995388466,-0.1636254409954994,-0.05775965059743895,0.4809368170315517,0.7145853404081729,12904
-0.9451786088758904,0.6601931595334521,1.1188093877124268,0.98571768066075,0.9043431713359283,0.41998509241608295,0.3832375869963684,12906
1.0025813101137504,-0.3565098415904979,0.0359614400279827,0.3908970173503944,1.504543923038389,-2.5238496442644585,0.6658177589560169,12908
-0.0883920916756731,0.6601931595334521,0.8854611552214304,0.5924221058580881,0.5574747378571825,0.7239767083482843,0.8420115648149052,12909
-0.48784858938626624,1.2549262895616227,1.1600932058326645,0.4240603861973662,0.34550752376552163,0.302016837212944,0.8511357053879716,12910
-1.8243669630413246,0.6601931595334521,0.6699058503868737,0.22930267344997365,-0.1602543378225628,-0.5827124735718688,0.15919779849533364,12912
-1.5219203589242727,0.6601931595334521,0.9898626570555215,0.7683623998636421,0.6719801578999054,0.0774137897288553,1.0518574795072897,12913
0.8791199348959138,-0.3565098415904979,-0.5400336406370123,-0.5795605288347463,-1.3247446210984977,-0.48963176831474303,0.8600538657243214,12915
0.8276564198554379,0.39276528972337893,1.1256422074990218,1.2971040443219235,0.6196894382474257,0.3878561117744264,0.7780243303934746,12916
0.7666173547449812,-0.951242971618668,-0.14967612878686115,1.0086171248363627,-0.28231065620974044,-2.1656416572948998,-1.2778587188319563,12917
-1.219473754807221,0.8863002017334407,0.49532066370881145,-0.309007429388282,-0.35692499437899083,0.004760574858854357,0.7320355214809848,12919
-0.702437870038218,-0.951242971618668,-1.178172214404056,-0.7276141707874682,-0.21093716091886555,-0.19237550596065342,-1.2778587188319563,12920
-1.140882700900234,3.367637679856424,2.5035109156156428,0.6305991124121612,0.5637877607535945,1.6832910064860507,1.0529413148270375,12921
0.9365271077338915,-0.951242971618668,-0.4536498903010913,0.4954710223183449,0.9667578287716551,-0.16137409356206325,-1.2778587188319563,12922
0.25534153803420273,-0.951242971618668,-1.1364923115585621,-0.6572532304485645,-0.9247681135603033,-0.19237550596065342,-1.2778587188319563,12923
0.4897478314285932,0.39276528972337893,0.20360797907651543,-0.2564263355668337,-0.28231065620974044,-0.4054300282323229,0.887310032661933,12924
-1.5219203589242727,-0.3565098415904979,-0.025763972019218435,0.28684078726018797,0.6186633635304661,0.18662048949877436,0.4061459011556239,12925
-0.18540198526921478,0.6601931595334521,0.8418725197015506,0.5189775172535673,0.7127196067323063,0.4809368170315517,1.0058686705948,12928
1.427798496696187,-0.951242971618668,-1.4338233242417189,-1.1591855339344186,-1.5735117690095164,-1.1950730719486045,-1.2778587188319563,12929
0.4008421239442265,-0.3565098415904979,-0.4334649967585038,-0.40011981564566634,-0.2283567356592486,-0.4465281173678302,0.5170049875692359,12930
-0.5195948743219904,2.098866031753182,3.2452343813813562,3.095400931858446,2.7687534483047767,-0.16137409356206325,1.0214100102631878,12931
-0.45739843875914415,0.06546002950528196,-0.13174987543577688,-0.43530174088198614,0.07911423633656414,0.9583392212310814,0.9189315227589347,12933
-2.038956243693276,1.0821630306292318,0.8788610005409558,0.12969286562048185,0.5946493415174978,0.7460640987439856,0.9984841990281161,12935
-0.702437870038218,0.39276528972337893,0.31438921618114773,-0.06997711447718037,-0.11375422961306413,0.4356217766984145,0.3525976072831403,12936
-0.7902951935033181,0.39276528972337893,0.5903142799959537,0.39471267642060515,0.5388846928579252,0.7569041071179524,0.9081495510819382,12937
-0.3999912659211662,-0.951242971618668,-1.4591071836158513,-1.2018678820088669,-0.11177582607472476,-1.1019923666914786,-1.2778587188319563,12938
0.25534153803420273,1.2549262895616227,2.2171637865151124,2.2062828968668198,1.5220282037580661,-0.4054300282323229,0.9353016047691758,12939
0.1441721577143484,-0.3565098415904979,0.1808679464463039,0.6352200257840742,0.2945196438602891,0.819291168521149,0.11525725198714115,12940
0.7837658135847301,0.06546002950528196,-0.04721309868397188,-0.2930366171657034,-0.9412844171465856,0.6044094489104112,0.8789927206942685,12942
-0.16496440251850533,-0.3565098415904979,-0.13571635480607064,0.10151317792570971,-0.07675210484611623,-0.13142378134518384,1.0009610580897814,12944
1.368291200593255,-0.951242971618668,-0.34802232950697803,0.6737836861153048,0.07019554795980418,-0.32855986216469163,-1.2778587188319563,12945
0.8538319163375493,0.8863002017334407,0.641454761052282,-0.06315519284026883,0.2506487553197878,0.7781930793856414,0.8704965281592473,12947
-0.7450737659930379,1.0821630306292318,0.8427412794136984,0.0688908571033023,-0.004187087293052729,0.7676127182136949,0.9018536771782983,12948
-0.2732593087343148,1.2549262895616227,1.4023377076858234,0.8321987672909947,0.7248246945687508,1.38527933613509,0.8565107233533781,12949
-2.038956243693276,0.06546002950528196,0.7521301730478925,1.0538422463659463,1.208894445586006,-0.804736104337389,-0.056718515442787575,12950
-1.140882700900234,0.8863002017334407,0.3145164802466596,-0.6129511050998605,-0.6781890529096553,0.3878561117744264,1.004647471086801,12951
-1.4069354965926615,0.39276528972337893,0.5261033651743954,0.28654104711124245,0.05838043251283846,0.5516505149897042,0.41712043258818987,12952
-1.0697884448393309,-0.951242971618668,-0.6175854930604778,0.2187270191489032,-0.6760009656492845,-0.5827124735718688,-1.2778587188319563,12953
-2.3414028478103273,1.6768961606574022,1.5078726645583103,0.5823228865407025,0.8499359822848059,0.7569041071179524,0.929427032190964,12955
1.4133607858420603,-0.951242971618668,-1.502285947667775,-1.274759089376291,-1.6651932763959008,-0.48963176831474303,-1.2778587188319563,12956
-1.0697884448393309,1.2549262895616227,1.373181537880493,0.7830635139617961,0.800588356462187,1.5834728073842548,1.0131176395958414,12957
-1.3073310782723213,-0.3565098415904979,-0.7873676092296695,-0.9957533321028762,-0.9665269317946906,-0.6867678491342508,0.5681784157010902,12962
-1.219473754807221,1.2549262895616227,0.7580014851858353,-0.25271843481310574,-0.3772215516225574,0.6897743881055913,1.0452912719577836,12963
0.49808227687187545,-0.951242971618668,0.056719125719550824,1.3570383829758472,0.6649118207932402,1.0083591604032482,-1.2778587188319563,12965
-1.0697884448393309,-0.951242971618668,-1.1909302281734275,-0.7491513094174996,-0.8007704275057291,-1.0177906266090588,-1.2778587188319563,12966
1.5300791490861363,-0.3565098415904979,0.6692345132892673,1.4589606277689384,0.38417602789002336,-0.48963176831474303,-0.2352787307309386,12967
0.6678385315359481,-0.951242971618668,-1.3208086673664905,-0.9684025189332383,-0.8305009921012262,-1.5532810589181636,-1.2778587188319563,12968
-1.3073310782723213,0.39276528972337893,-0.4534733424408501,-1.3601153999151165,-0.9247681135603033,1.0709304081093147,0.9959917129920511,12970
-1.6579185856692376,4.582614015558818,2.1897225532703186,-1.0270010802400644,-0.3986275596361225,0.8869104689250991,1.0572471637332093,12971
1.0899702347522078,-0.951242971618668,-1.2708842624711771,-0.8841238178211943,-2.0403026540253606,-1.1950730719486045,-1.2778587188319563,12974
1.1406836993454563,-0.951242971618668,0.023766418840028315,1.301410051706689,1.4297465326924736,-0.36615913643588405,-1.2778587188319563,12976
0.91314196037818,-0.951242971618668,-2.297257204615298,-2.6167709791011027,-2.769319563912303,-1.1019923666914786,-1.2778587188319563,12977
0.9225841764182786,1.4094682908473293,1.8573573892838773,1.4410086388805992,-0.5010307397344907,-1.4170967027141252,0.81725285979615,12980
-0.2969414599191216,-0.3565098415904979,-0.5215132196161825,-0.5483802408534075,-0.27313504802381544,-0.8702067625832752,0.5569437896339022,12981
1.242037063618065,-0.951242971618668,-0.48330878681684625,0.44540305896443416,0.6883007227267911,-0.16137409356206325,-1.2778587188319563,12982
-0.6238468161312312,-0.951242971618668,-1.583553386419837,-1.4119487903870152,-1.9545041687411562,-1.7143529650682148,-1.2778587188319563,12984
-2.3414028478103273,-0.3565098415904979,0.4360008822488564,1.0655078164134197,1.7771684279951365,0.6662143359277856,0.03855441838287629,12985
0.3620840501269106,-0.3565098415904979,-0.198436976150934,-0.0041855414036114525,-0.38350938612142094,-0.19237550596065342,0.6296039278845866,12987
1.37854462811373,-0.951242971618668,-0.2775611271135562,0.7927310952824773,-0.2283567356592486,0.6897743881055913,-1.2778587188319563,12988
-1.8243669630413246,2.098866031753182,1.8070789461096028,0.6698830852963977,0.2622034651920988,0.16583248100890577,1.0496808474101464,12989
-0.2732593087343148,0.06546002950528196,-0.4456077250548953,-0.9630082160251159,-0.9302464051801738,-1.1950730719486045,0.9467950037688883,12990
-0.48784858938626624,-0.3565098415904979,-0.2808082441596133,-0.14297740763789324,0.2972621547176033,-0.07440725075751485,0.4998258581202694,12991
-0.48784858938626624,0.39276528972337893,-0.4354568089247765,-1.3299215657664,-1.0458763895276026,-0.2245044866023096,0.9425240678339961,12993
-1.6579185856692376,0.06546002950528196,0.24441521472133626,0.1980530840216358,-0.013455935984303228,0.3713425543694715,0.926456659353367,12994
0.4641707506279294,-0.951242971618668,-0.9712268481768122,-0.37826425458194457,-0.3987464811895209,-1.9114890458877223,-1.2778587188319563,12995
-0.5195948743219904,0.39276528972337893,0.42793217724602167,0.12119577392758164,0.07689124437112457,0.24620146194085193,0.9688248347261402,12997
1.0824355736484872,0.06546002950528196,-0.36026507567083943,-0.81960163774486,-0.3390091506449616,-0.2578461642065392,0.2676161947595539,12999
0.6340805036168403,0.06546002950528196,-0.23315501297995178,-0.6058885554093622,-0.2254345056734089,-0.1024556255368702,0.917409140426984,13000
-1.6579185856692376,1.903003202857391,2.082849809067946,1.3269463140122137,1.1138008611409054,1.38527933613509,1.004647471086801,13001
1.4419620571674556,-0.951242971618668,-1.4132947133730058,-1.1245306459437128,-0.8305009921012262,-1.2991284475109868,-1.2778587188319563,13002
0.6271416153756115,0.06546002950528196,-1.2479767679930025,-2.3062292946086584,-1.654626087313074,-1.7143529650682148,0.5791023667960601,13003
-0.9451786088758904,2.3509346787324734,1.6458121355559003,0.15358240443085652,0.6078897596354998,1.8355093708372305,1.0329622288755542,13004
0.9941047972275256,-0.3565098415904979,-0.2652607531528778,-0.11678267179661089,-0.6500735156473001,-0.4054300282323229,0.41712043258818987,13005
0.15737471665462005,-0.951242971618668,-1.7241982515290628,-1.6493750866911878,-1.141219082803132,-1.7143529650682148,-1.2778587188319563,13006
1.4535629925028948,-0.951242971618668,-0.905830636394088,-0.2678671892938711,0.13540887997900455,-0.7437843797219198,-1.2778587188319563,13008
1.5586152832160842,-0.951242971618668,-2.099783153754064,-2.2834098394977977,-2.686701765810706,-1.9114890458877223,-1.2778587188319563,13011
-1.140882700900234,1.2549262895616227,0.6624608374128276,-0.4133600181669457,-0.4564682249864156,0.5915121454230086,0.9565845456816257,13012
-2.3414028478103273,1.903003202857391,1.516833309124352,0.37314194132636663,0.11027794392678365,1.3250830195164915,1.059382616101722,13013
-1.0048844741552696,1.5492685361090064,1.255547133278634,0.28530463881482204,-0.5938516819909262,0.5915121454230086,0.9353016047691758,13014
0.11704461884783704,0.6601931595334521,1.2258826412669643,1.166239517490867,0.8116078977024442,1.3307280840814355,0.8073012573700791,13015
0.35207148225049756,0.06546002950528196,0.07722226632194637,-0.08354733623352109,0.1396237436055188,0.12272883006199294,0.2676161947595539,13016
-1.3073310782723213,-0.951242971618668,-0.9991984144258258,-0.42548379132914493,-1.2900838987664411,-2.5238496442644585,-1.2778587188319563,13017
-0.7450737659930379,2.9711778844066976,1.8467812046952117,-0.10086416122844699,0.2503086918387393,1.9430886824581715,0.9482084497355389,13018
-1.6579185856692376,1.4094682908473293,1.0313601266549204,0.04926935509235665,-0.033748270922362336,0.949720132392567,1.0419667833944715,13021
0.25534153803420273,-0.3565098415904979,-0.14180945708084738,0.09124427576960717,-0.11177582607472476,0.02964812480486719,0.37729675735699375,13023
-2.3414028478103273,0.6601931595334521,0.24518315488298828,-0.4854130467224002,0.8191800979248832,-0.04722204126276407,0.9410900999210926,13026
0.6809252725881031,0.8863002017334407,1.8056835489563732,1.8989968636381593,3.2518146887566326,-1.4170967027141252,0.8889526866970197,13027
-0.48784858938626624,-0.3565098415904979,-0.06421981249188101,0.22201802073387017,1.0506627119897882,0.14454350874121646,-0.039157503193415405,13028
-0.2732593087343148,0.06546002950528196,0.4412030454111331,0.5296533034443648,-1.3686255310791722,-1.1950730719486045,1.004647471086801,13029
-1.0048844741552696,-0.3565098415904979,0.03854754227934977,0.3952568885699822,0.12905655452269313,0.7013229133180106,1.04418621466031,13030
0.10310168753222393,-0.3565098415904979,0.27312066407410585,0.7907911594243492,0.21190184575869295,0.41998509241608295,0.12670900239409377,13032
1.5279984640357225,-0.951242971618668,-1.0533014094933886,-0.5168164804243243,-0.6891943752664562,-0.9409204605414276,-1.2778587188319563,13033
0.1441721577143484,-0.3565098415904979,-0.08686783931919419,0.1838437545681659,0.19401648726786774,0.0774137897288553,0.9947395479936569,13034
0.3620840501269106,-0.3565098415904979,0.20027174053580718,0.6679401916070092,0.8122984087813652,-0.32855986216469163,0.7887311571486797,13035
0.8223092635746644,0.06546002950528196,0.1642133948125065,0.06295370151929365,-0.08315551188970338,0.22678420562437498,0.6101709418605287,13037
0.41949122296488883,0.06546002950528196,0.18859330746720343,0.10401837282516223,-0.28231065620974044,-0.29249568749523525,0.8364341866318548,13038
-1.140882700900234,-0.3565098415904979,-0.045576894704314905,0.2534427246677242,0.1511331195168518,0.10036182276301958,-0.006216954354261173,13040
1.3285344503219392,-0.951242971618668,-0.2610586174542904,0.8205894159192135,0.5487650833911784,-0.804736104337389,-1.2778587188319563,13043
1.37599445432411,-0.951242971618668,-0.19591969040981036,0.9305521520730563,1.1312879624630512,-0.02084845295372739,-1.2778587188319563,13044
0.5766733307788626,-0.951242971618668,-0.6791064219845669,0.11487192078967716,0.39426505693923763,-0.5349468086478807,-1.2778587188319563,13045
-0.2732593087343148,-0.3565098415904979,-0.10371376484521158,0.1554502788340885,-0.17689390196525065,-0.02084845295372739,0.8806702507149227,13046
0.17034765419645906,1.4094682908473293,1.199916314203875,0.33303172973813955,-0.003048110793004095,0.9837031527462071,0.9984841990281161,13047
-0.8384360967831825,0.39276528972337893,0.741865142693791,0.650086166844689,0.7592854055194841,0.7127224211397556,0.9922232482364803,13048
0.25534153803420273,-0.3565098415904979,-0.06982481995572166,0.21257037493309172,-0.1602543378225628,-0.7437843797219198,0.909707966224177,13049
-0.7902951935033181,2.2716292906855724,1.67040278069438,0.2716701761573863,0.39130716159491746,1.7274726924642467,1.0386140810124724,13050
1.1406836993454563,-0.951242971618668,-0.5746637439149526,0.29118435289233324,0.39927553773862884,-0.5349468086478807,-1.2778587188319563,13052
0.4008421239442265,0.06546002950528196,0.4197875366537492,0.49355982229366985,0.7262237703866882,0.6780728978510595,0.6629235502147713,13055
-0.42814272410688714,0.06546002950528196,-0.7725678135599879,-1.5116539541346146,-2.386072704158014,-1.5532810589181636,0.6389733249647489,13058
1.2631353418122504,-0.951242971618668,-1.0836304506077774,-0.5680157325026282,-1.6337875347740454,-1.1950730719486045,-1.2778587188319563,13059
1.27492886980311,-0.951242971618668,-0.6732709781772699,0.12472288697590575,-0.25500732989350533,-0.6867678491342508,-1.2778587188319563,13060
0.34192268478610366,-0.951242971618668,-0.8422259761501625,-0.16049448928329735,-0.4090214857335816,-1.0177906266090588,-1.2778587188319563,13061
1.0632590649207432,-0.951242971618668,-0.5773398470959384,0.2866667527204687,0.8825208145520325,-0.9409204605414276,-1.2778587188319563,13062
-0.8898996118236581,0.39276528972337893,0.34500587442894226,-0.01843477889174556,-0.20662446656074673,0.35451443417019673,0.9947395479936569,13064
1.5606124065159652,-0.951242971618668,-0.9919973509570805,-0.41332748667125585,-0.8155366049848971,-0.7437843797219198,-1.2778587188319563,13065
-0.45739843875914415,-0.3565098415904979,-0.3346455870313927,-0.23367575053312228,0.04300322180309394,0.302016837212944,-0.4563592714905112,13066
0.43768542024440965,-0.951242971618668,-1.4500191393042545,-1.18652611535514,-1.7307904369956801,-0.7437843797219198,-1.2778587188319563,13067
-1.0697884448393309,-0.3565098415904979,-0.5841967594389585,-0.6539038233156994,-0.4837270426650046,-2.5238496442644585,0.988418489521988,13068
-2.3414028478103273,2.7534765521893756,1.4513382568075688,-0.558971495777187,0.5073844300523024,1.848130294031901,1.0572471637332093,13069
1.0671340092552157,-0.951242971618668,-0.9081517307616928,-0.27178548974973826,-0.3784762845645497,-1.1019923666914786,-1.2778587188319563,13070
1.312018828634696,-0.951242971618668,-1.1111211312216072,-0.6144234735598907,-0.8924519348921129,-1.2991284475109868,-1.2778587188319563,13072
0.7780933519752427,-0.951242971618668,0.19830830951745856,1.5960588084976806,1.2677692708435577,-0.36615913643588405,-1.2778587188319563,13075
-2.3414028478103273,0.39276528972337893,0.01227922102706908,-0.5782361003360091,0.36629749877120676,0.9322255092582371,1.0540221847933684,13077
-1.8243669630413246,2.8663624207137426,2.286102733909814,0.7381846734372242,0.37163209694037885,0.89616133458878,1.0518574795072897,13078
-1.6579185856692376,0.6601931595334521,-0.9389214318435778,-2.4657026238173883,-2.7355342480651785,-2.1656416572948998,0.6658177589560169,13079
1.0151181616408786,-0.951242971618668,-1.9910844316129523,-2.099912667447343,-0.28231065620974044,-1.4170967027141252,-1.2778587188319563,13080
-0.9451786088758904,1.6768961606574022,2.9304696186260144,2.9814954741251407,2.6861003131262717,2.3611222631086726,1.0474921563478996,13081
0.7549620378174998,1.4094682908473293,1.2887283858423833,0.48260753665508754,1.2572700467733275,0.5379533476192208,0.8401611739554056,13082
-1.6579185856692376,-0.3565098415904979,-0.6830990620645785,-0.8203497504770497,-0.5578863016968904,-0.6867678491342508,0.41167127410905197,13083
0.9225841764182786,-0.3565098415904979,-0.4329295887695955,-0.3992181419346574,-0.3987464811895209,-0.5827124735718688,0.6686909187201814,13085
-1.8243669630413246,4.7572493773334505,3.5119092202574986,1.035035349865097,0.8048367860899536,2.568020317270863,1.0551001055883238,13089
-1.140882700900234,1.903003202857391,2.0068246226797437,1.1987710922669912,0.12905655452269313,0.9143774355896803,1.0529413148270375,13090
-0.3466882305725439,-0.951242971618668,-0.5800019751375612,0.2821727443489643,1.223310552948709,-0.4054300282323229,-1.2778587188319563,13091
0.33163389949978844,0.6601931595334521,-0.32285373329871503,-1.4386373058039483,-1.1254056247384665,-0.48963176831474303,0.9607069245786084,13092
1.3366571270314798,1.2549262895616227,1.905342638159318,1.6802784272030915,1.290756272884052,0.9143774355896803,0.533468108256264,13093
-0.5527525600703276,1.794302194169694,0.7877773196859779,-0.7455655269886896,-0.0883048517664709,-1.7143529650682148,1.0340990864263035,13094
0.33163389949978844,-0.951242971618668,-1.7966207314087597,-1.7716333799722552,-0.08058973376917059,-1.4170967027141252,-1.2778587188319563,13095
-0.2280378812240346,1.5492685361090064,1.6933167144645827,1.022841910756045,0.4671557250700389,1.6084777670717536,1.0107160654750915,13097
-2.3414028478103273,2.9711778844066976,2.9456585121480927,1.750453822415159,1.4480159334945482,1.3307280840814355,0.9972399216963374,13098
0.5766733307788626,-0.951242971618668,-0.9862370491133556,-0.40360336961026266,0.6883007227267911,-2.5238496442644585,-1.2778587188319563,13099
1.2140031757859513,-0.951242971618668,-1.5542323081299678,-1.3624511068661707,-0.34874571996905257,-1.1950730719486045,-1.2778587188319563,13101
-2.3414028478103273,2.7534765521893756,1.747329599248237,-0.06145718893386867,0.13646409075468766,1.2357696956551651,1.0518574795072897,13102
-0.0883920916756731,-0.951242971618668,-0.8572833745182541,-0.18591327953728995,-0.702545793543983,-1.1950730719486045,-1.2778587188319563,13103
-1.8243669630413246,0.8863002017334407,0.3398668323608833,-0.5703533392976128,-0.6760009656492845,-0.7437843797219198,1.0386140810124724,13104
0.7949829438656929,-0.951242971618668,-1.7747194524692371,-1.7346612549046456,-2.3462531105133038,-2.5238496442644585,-1.2778587188319563,13106
-0.018953607897127814,0.39276528972337893,0.6046700792795383,0.4188993063007168,0.8166044400184485,0.40406665096392086,0.9620715467515544,13107
1.5606124065159652,-0.951242971618668,-0.5703142723824207,0.2985268101946135,0.7262237703866882,-1.0177906266090588,-1.2778587188319563,13108
0.20796529408005854,-0.3565098415904979,0.07383810942533349,0.45475457746101117,0.5746925333931637,0.16583248100890577,0.533468108256264,13109
-0.2732593087343148,1.0821630306292318,0.5820086848643102,-0.36975181773000393,-1.1327197015998847,1.0164272493406568,0.9482084497355389,13110
-2.3414028478103273,2.7534765521893756,2.2616162562716866,0.804439599267397,-0.2207021585455748,0.89616133458878,1.0540221847933684,13113
-0.9451786088758904,0.39276528972337893,0.9268383209851571,0.9618856718951321,1.030271053634131,0.8292737560736217,0.7579889412322696,13115
0.8223092635746644,-0.951242971618668,-0.28495727141493193,0.7802454695396313,0.6998137004470599,-0.1024556255368702,-1.2778587188319563,13116
-0.5195948743219904,1.2549262895616227,0.2529434527877337,-1.1008602277435975,-0.29972116260914033,0.5784237638341764,1.0374901606918017,13117
-0.5874530077066066,0.6601931595334521,0.40882355131402637,-0.21018674589891434,-0.702545793543983,0.6044094489104112,0.933841130920051,13118
1.22970744229283,-0.951242971618668,-2.489958630060027,-2.9420753241999806,-2.769319563912303,-2.5238496442644585,-1.2778587188319563,13120
1.3175647657579306,-0.951242971618668,-0.737273250567433,0.016678967442504557,0.5399868482628482,0.3373595340158314,-1.2778587188319563,13121
0.5384123746786584,-0.3565098415904979,0.200712199376503,0.6686829371713411,0.7055259081685534,0.40406665096392086,0.6936502319422302,13122
0.5063246271107786,0.06546002950528196,1.3195976027313154,2.0110562059071273,1.6861576573381127,1.480473558186161,0.933841130920051,13124
-1.5219203589242727,1.2549262895616227,0.8560171779607557,-0.08784019080865954,0.6078321739488071,1.129361590077745,1.0496808474101464,13126
0.4008421239442265,-0.951242971618668,-0.8091910292511756,-0.10472732647404547,-0.21961292533603674,-0.6867678491342508,-1.2778587188319563,13127
0.5384123746786584,-0.951242971618668,-1.914950169911558,-1.9713884176386032,-1.7307904369956801,-2.1656416572948998,-1.2778587188319563,13130
-0.48784858938626624,0.06546002950528196,0.32139585314768904,0.3277526247065379,-0.04279526348110981,-0.1024556255368702,0.7392844904820263,13131
1.2979708596357558,-0.951242971618668,-1.7665318507651901,-1.7208395491019068,-2.2346770582740305,-1.9114890458877223,-1.2778587188319563,13132
1.331251848980856,-0.3565098415904979,-1.489739538509154,-2.1743774419003326,-2.470250796567878,-1.2991284475109868,0.07876445816932527,13133
0.47279425831351085,0.39276528972337893,0.7304716978529378,0.6308844641344661,0.5947991742038705,0.8869104689250991,0.7145853404081729,13134
1.0862124177017818,-0.951242971618668,1.1655072801551107,3.2288128319692615,3.698538367557516,-2.5238496442644585,-1.2778587188319563,13135
0.15737471665462005,0.6601931595334521,1.0286842765361592,0.8337953800843434,0.5983592620835451,0.8869104689250991,0.7196502524280136,13136
-1.0048844741552696,1.2549262895616227,1.286444475958864,0.6369093525651542,0.6390075430738409,2.028823745919737,0.9741455579309978,13137
-0.5195948743219904,0.8863002017334407,0.23452134227731078,-0.7473294275562453,-0.7459121043414045,-0.07440725075751485,1.0374901606918017,13138
-0.7450737659930379,1.0821630306292318,1.5578439046059265,1.2737644208859713,0.8935770714651542,1.1841667312791886,0.8938400611074022,13139
0.6409554380614055,0.06546002950528196,-0.42080753993130426,-0.921342247298407,-1.015825241148078,0.14454350874121646,0.917409140426984,13140
0.4641707506279294,0.6601931595334521,0.9588213136319794,0.7160465757272126,0.7686568097603466,1.0479823750751505,0.8722104472303812,13141
-0.6238468161312312,-0.951242971618668,-0.6744087770533255,0.1228021387646493,0.5661168749430395,-0.32855986216469163,-1.2778587188319563,13142
1.4762372339216803,-0.951242971618668,-1.481507368261913,-1.2396822229228686,-2.1828151445323565,-1.9114890458877223,-1.2778587188319563,13144
-0.0883920916756731,0.39276528972337893,-0.11747988788168522,-0.7963113129663645,-1.59573503182628,-1.5532810589181636,1.0166928470393448,13145
-0.3999912659211662,-0.951242971618668,-0.9077701916189369,-0.2711414034868716,-0.006240181982486512,-0.6332090513304633,-1.2778587188319563,13146
-1.0697884448393309,0.39276528972337893,-0.0045416687715564945,-0.6065142826854395,-1.603242333605013,-2.5238496442644585,0.4998258581202694,13147
-0.3214002120141793,1.794302194169694,1.3039402734868912,0.12213942688236724,0.06176897646290396,1.6757077015681443,1.020235989410288,13148
-0.8384360967831825,0.39276528972337893,0.6764742258952838,0.5398873010066566,0.8053739759530324,0.7013229133180106,0.9410900999210926,13149
1.3886590218188337,-0.951242971618668,0.44779771687253206,2.0172284396067552,0.9455223276433241,0.6662143359277856,-1.2778587188319563,13151
-1.4069354965926615,-0.951242971618668,-0.30900520468761883,0.7396495208267522,1.10239793329411,-0.6867678491342508,-1.2778587188319563,13153
-0.2280378812240346,0.39276528972337893,0.2422380906325398,-0.19141924685418008,-0.24382538959598715,0.5915121454230086,1.020235989410288,13155
0.059637446009859096,0.39276528972337893,0.7068641312272063,0.5910994130975997,0.93552378437812,0.6171211732355907,0.9018536771782983,13157
0.5462231801517399,0.39276528972337893,0.4109820179421749,0.0926522487441547,0.26107223211555536,0.4809368170315517,0.861813591245302,13158
-1.140882700900234,0.39276528972337893,0.5496116377079767,0.32614168575346925,0.5937499222663916,1.0556981411370956,0.5681784157010902,13159
-0.5195948743219904,-0.951242971618668,-1.631078024239951,-1.4921763815760996,-1.1214870614728398,-1.7143529650682148,-1.2778587188319563,13160
1.4301778451471832,-0.951242971618668,-1.4687904900831492,-1.2182145263653694,-1.8370450943997028,-1.1950730719486045,-1.2778587188319563,13161
0.7310903972103813,0.39276528972337893,0.6822671715896241,0.5496491259093312,1.1293417936220898,0.6780728978510595,0.8401611739554056,13162
0.013483028875857768,-0.3565098415904979,0.28198068859097947,0.805733304731168,1.6568813721738462,0.14454350874121646,0.9832877975867041,13165
1.3552729799974077,-0.951242971618668,-0.4307915451694484,0.5340587959994794,0.3688691956469732,0.12272883006199294,-1.2778587188319563,13166
-0.6238468161312312,0.39276528972337893,0.06650549864560916,-0.4870580266982325,0.24540024097592883,0.3373595340158314,0.6327518148686244,13167
-0.16496440251850533,0.39276528972337893,0.4737912179460714,0.1984282557043444,0.08685998532124858,0.9583392212310814,0.9510202603690175,13168
0.25534153803420273,-0.3565098415904979,-0.004452319818313514,0.32276654463045484,-0.14385948203870827,-0.9409204605414276,0.7929339385545909,13169
-0.37286372705465515,-0.951242971618668,-1.4968950926562559,-1.26565864523065,-0.10389713532366034,-0.13142378134518384,-1.2778587188319563,13170
-0.5195948743219904,0.06546002950528196,-0.3386945393158686,-0.7833444365416679,-0.781381589216866,0.0774137897288553,0.9453764825814174,13171
-1.6579185856692376,-0.3565098415904979,-0.5622027516873065,-0.616881006100328,-0.12369925632394049,0.16583248100890577,1.0518574795072897,13173
-0.7450737659930379,0.06546002950528196,1.0678096165283306,1.5862721712982348,1.1852691018743602,1.6603429734518864,1.0397348129024189,13174
0.013483028875857768,-0.951242971618668,-0.31678293836297255,0.726519724024392,1.1794906285825426,0.5784237638341764,-1.2778587188319563,13176
0.26672992881572677,-0.951242971618668,-0.7408654059894572,0.010614955386765393,-0.5877762985559805,-0.5827124735718688,-1.2778587188319563,13177
-0.3999912659211662,1.6768961606574022,1.6555558400082107,0.8311533654878145,0.8210495730996014,0.89616133458878,1.019058469235216,13178
-0.0025589895529871606,-0.951242971618668,-1.411792480814034,-1.1219946876462863,0.28901429883878266,-0.9409204605414276,-1.2778587188319563,13182
-1.219473754807221,1.4094682908473293,1.3612363755349266,0.6047517771985195,0.5102165852750649,0.35451443417019673,1.009509781404251,13183
-0.7902951935033181,1.5492685361090064,0.672609445448615,-0.6950184722237229,0.0775586075166313,1.2167700472871472,0.9425240678339961,13184
1.314796951424842,-0.951242971618668,-1.8289902940173643,-1.8262772900586886,-2.769319563912303,-2.5238496442644585,-1.2778587188319563,13185
-0.0883920916756731,0.06546002950528196,0.627372766532732,0.8434829615347096,0.6302372761685486,0.6171211732355907,0.4998258581202694,13186
1.4851173995965532,-0.951242971618668,-0.8834883428930731,-0.23015057594458785,-0.5403295593031474,0.0774137897288553,-1.2778587188319563,13187
-1.0048844741552696,-0.951242971618668,-1.4559283640616096,-1.196501633103891,-1.9965782224085158,-2.1656416572948998,-1.2778587188319563,13188
-0.6238468161312312,-0.3565098415904979,-0.8045771860764332,-1.0246958539313356,1.1103515706066338,-0.13142378134518384,0.5294161986208543,13189
0.5462231801517399,-0.3565098415904979,0.19163816111017365,0.6533814801091424,0.7243579455138787,0.45098650481467234,0.5791023667960601,13192
0.22009442484988165,-0.951242971618668,-1.4735003276573029,-1.2261653270615565,-1.3365418751151885,-0.36615913643588405,-1.2778587188319563,13193
0.8114985655529359,-0.951242971618668,-1.9564901148887832,-2.04151309141864,-1.9545041687411562,-1.9114890458877223,-1.2778587188319563,13194
-1.0048844741552696,0.39276528972337893,0.732335411203357,0.6340254030879529,0.7556599385803305,0.9143774355896803,0.9050141558443164,13196
-1.0697884448393309,0.8863002017334407,1.2404498962056032,0.9458144548802874,1.1628137267045284,1.5445861076349723,1.0386140810124724,13198
-1.6579185856692376,3.367637679856424,2.084164327109103,-0.07529518309107976,0.08282934142898037,0.283800736212044,1.0518574795072897,13199
-0.6238468161312312,0.39276528972337893,0.15422681395950086,-0.3395105222639153,-0.20232839148992285,0.18662048949877436,0.5718533977950185,13200
-1.0697884448393309,0.39276528972337893,0.15365000104164372,-0.34048091212889253,0.2834816318938782,0.4356217766984145,0.8756161383759573,13203
-0.7902951935033181,-0.3565098415904979,-0.8369731763082255,-1.0791719117058722,-0.9580490954918934,-1.2991284475109868,0.6629235502147713,13207
0.19563567275482363,0.6601931595334521,0.4057317625605426,-0.21538868511129097,-0.010564027485159487,1.1222655712166019,0.9034370769984014,13208
-0.2969414599191216,1.2549262895616227,1.6783572877304005,1.297494202804423,1.369897728123866,1.7626745443726928,1.0155047026061468,13209
0.5384123746786584,-0.951242971618668,-0.562585006910235,0.3115747865483011,0.7913947319556527,-0.36615913643588405,-1.2778587188319563,13210
-1.0697884448393309,0.06546002950528196,0.3376448556328749,0.35513253658125865,0.6490420851798467,0.24620146194085193,1.0374901606918017,13211
-0.5874530077066066,0.06546002950528196,0.07413163489326406,-0.08875152656346452,-0.45109553940094166,1.157189074845069,0.1987365420688429,13212
0.17034765419645906,0.6601931595334521,0.5989063463467011,0.10974724723094027,0.6248056936762134,0.7676127182136949,0.6827513965678106,13213
1.314796951424842,-0.951242971618668,-0.6082663041607463,0.23445898706187238,0.7224889926850819,-1.5532810589181636,-1.2778587188319563,13216
0.7310903972103813,0.06546002950528196,-0.23445048839509766,-0.6080673428436276,-0.6331175978982675,-1.9114890458877223,0.12670900239409377,13217
0.7608124608036914,-0.951242971618668,-1.9318083005611637,-1.9998470714233634,-0.6247353771966503,-1.5532810589181636,-1.2778587188319563,13218
0.4008421239442265,0.39276528972337893,0.10632151894144058,-0.4200946749805367,-1.2675613125215732,-0.5349468086478807,0.7246510499143011,13220
1.2328090064575377,-0.3565098415904979,0.13079417387366038,0.5507859234386104,-0.2685754093516345,0.5099049728398658,0.6134768835481179,13221
1.0974295479827447,-0.3565098415904979,-1.1761303235522178,-1.648886180671207,-1.3850203868630266,-1.5532810589181636,0.09130702673711896,13223
0.20796529408005854,-0.3565098415904979,0.8759975722572632,1.8078178838659476,1.7640182481160827,0.9410161250555489,0.5085087950342148,13224
-1.8243669630413246,1.0821630306292318,1.7522468041733859,1.6015965075698533,1.2746297854250899,-0.32855986216469163,1.0463932468041202,13225
1.3285344503219392,-0.951242971618668,-1.5012632564953545,-1.273032657507327,-0.7297381197006924,-0.6332090513304633,-1.2778587188319563,13226
1.1048150054141253,-0.951242971618668,-0.8137084474010855,-0.1123532988787785,-0.49481997101778535,-1.1019923666914786,-1.2778587188319563,13227
0.4286437930933301,-0.951242971618668,-0.5524833457146655,0.3286276665259743,0.2834816318938782,-2.1656416572948998,-1.2778587188319563,13228
1.1881676892346311,-0.951242971618668,-1.1871305691639304,-0.7427370050975867,-0.992354266839824,-1.0177906266090588,-1.2778587188319563,13229
-1.6579185856692376,2.0042014208754995,1.0726862166256317,-0.4733947063960815,-0.31029949280696056,2.143594568756337,1.0485880175949933,13230
-0.8898996118236581,1.0821630306292318,0.49086905497812583,-0.5229533189240704,-0.3770424192848567,1.2725854225592388,0.8722104472303812,13232
0.3620840501269106,-0.3565098415904979,-0.13491358651286503,0.10286611893935756,1.3060988534749363,0.2069305701444127,0.9219587998423999,13233
1.1406836993454563,-0.951242971618668,0.28942347238908606,1.749872711628531,1.1619732968861527,0.3878561117744264,-1.2778587188319563,13235
-0.42814272410688714,-0.3565098415904979,0.030475374153256674,0.38164820304319835,0.3269927193130994,0.004760574858854357,0.467838404378517,13236
-0.702437870038218,0.39276528972337893,-0.01813822975657396,-0.629370111353287,-0.8081290687529016,-0.4465281173678302,1.0295318942148675,13238
1.2979708596357558,-0.951242971618668,-0.6182846225577977,0.21754680025462114,0.8294236318736975,-0.4054300282323229,-1.2778587188319563,13239
0.5539530431791972,0.39276528972337893,-0.07955759767841988,-0.7325950175555694,-0.8118266844188499,0.46608857510276935,0.933841130920051,13240
0.6678385315359481,0.06546002950528196,-0.7755000004214142,-1.5165677119618102,-1.401659951005714,-0.8702067625832752,0.5492725247869225,13242
1.108480492431023,-0.951242971618668,-0.1616644254748247,0.9883793658580432,0.4481794353930975,0.4356217766984145,-1.2778587188319563,13243
0.530518913644861,-0.951242971618668,-1.408146663608082,-1.1158400877215822,-1.5445535148718397,-0.19237550596065342,-1.2778587188319563,13244
0.0888931606621161,-0.951242971618668,-0.4058311273131816,0.5761951339398342,-0.23716966772977968,-0.6332090513304633,-1.2778587188319563,13245
-0.662107772231435,0.8863002017334407,0.8017933257384213,0.2067548742409763,0.5937499222663916,1.0244223228973448,0.9922232482364803,13246
-0.662107772231435,0.39276528972337893,-0.2849890265663492,-1.077572279838309,-0.702545793543983,-0.5349468086478807,0.3712652245313046,13247
0.7490653659484514,-0.3565098415904979,-0.3433447928302218,-0.2483298785518901,-0.017081402923456793,-0.2578461642065392,0.3712652245313046,13248
0.5225410289669334,0.06546002950528196,-0.006095707428300773,-0.22382466870984505,0.17888965951286112,-0.4054300282323229,0.7487474034168705,13249
0.9178780087132298,-0.3565098415904979,0.288905737996274,0.8174122900380864,1.8051392576614378,0.02964812480486719,0.7801890356795537,13253
-1.140882700900234,-0.3565098415904979,-0.46524999173551973,-0.45364588600574957,-0.6184898140759447,-0.804736104337389,1.0529413148270375,13255
-0.9451786088758904,0.06546002950528196,-0.050483783223017956,-0.2985416397380346,-0.5520032795947103,-0.16137409356206325,0.8032493477346694,13258
0.23202948117944813,-0.951242971618668,-0.7388147721667409,0.01407668428263021,-0.2283567356592486,0.7127224211397556,-1.2778587188319563,13259
0.22009442484988165,-0.951242971618668,-0.19997686068013212,0.923703136220186,-0.09607373408590039,-1.1950730719486045,-1.2778587188319563,13260
1.3175647657579306,-0.3565098415904979,0.21923979004702318,0.6999264048443771,-0.42986003827261077,-1.1950730719486045,-0.1359950241185782,13261
1.3008016983537334,-0.951242971618668,-1.013759045723943,-0.45006397602538534,-0.23716966772977968,-0.9409204605414276,-1.2778587188319563,13262
-2.3414028478103273,3.247011464199437,1.8613262852522616,-0.3366252344491324,-0.11154330337051797,2.2590366756499907,1.0058686705948,13263
0.11704461884783704,0.6601931595334521,0.8533636315355254,0.5383387074115434,0.8986081081528384,0.5784237638341764,0.8547271639977393,13265
-1.0048844741552696,1.794302194169694,1.3359642731238355,0.17604223622232895,0.9637488388173672,0.7676127182136949,0.8970650400472426,13266
-1.8243669630413246,2.426171291971279,1.4673731665019514,-0.21910535583474453,-0.444345790621064,0.8292737560736217,1.0529413148270375,13267
-0.662107772231435,1.5492685361090064,1.1799740832456804,0.15807419478406906,0.9201208207698363,1.7661187966826557,0.9034370769984014,13268
-2.3414028478103273,2.098866031753182,1.6004870855911768,0.3219328951806261,0.45865634386679077,1.4416343544503578,1.0572471637332093,13269
1.546518935319535,-0.951242971618668,-0.15505396171711983,0.9995386636086291,0.2834816318938782,-2.5238496442644585,-1.2778587188319563,13270
-0.14507188746243174,-0.951242971618668,-0.970588754310112,-0.377187071541189,0.4858144049868057,0.7350894284387285,-1.2778587188319563,13271
-0.2732593087343148,-0.3565098415904979,-0.7576067764631893,-0.9456970397426719,-1.2900838987664411,-0.6867678491342508,0.33300395248729253,13272
0.6744106014236233,-0.951242971618668,-1.3033616854374213,-0.9389498098145105,-0.013455935984303228,-0.6332090513304633,-1.2778587188319563,13273
0.25534153803420273,-0.3565098415904979,-0.15380037509393388,0.07103597589019055,-0.7228776051191612,-0.1024556255368702,0.14866230143978154,13276
-0.7450737659930379,0.39276528972337893,-0.8115541033136596,-1.9590219284235553,-1.3850203868630266,-1.5532810589181636,0.6068371016011076,13277
-0.07041712293760334,-0.951242971618668,-0.2215161794331001,0.8873420456644758,1.3810916795805737,0.2652011103088699,-1.2778587188319563,13278
0.4008421239442265,-0.951242971618668,-1.310398151103125,-0.9508282525915156,-0.8305009921012262,-1.1019923666914786,-1.2778587188319563,13279
0.7310903972103813,0.06546002950528196,0.08581482822665151,-0.06907839899897014,0.12053008771098654,0.5915121454230086,0.8438533291122697,13280
-0.662107772231435,0.06546002950528196,0.3639083880178467,0.39938928212268177,-0.45826488951916305,-0.13142378134518384,0.8211643543860943,13282
0.20796529408005854,-0.3565098415904979,-1.6152564774062235,-2.3842148695945076,-1.3605176400597676,-1.2991284475109868,0.6327518148686244,13283
1.4717571897824155,-0.951242971618668,-1.01020231018265,-0.4440597572019906,-0.5877762985559805,-0.804736104337389,-1.2778587188319563,13284
-0.48784858938626624,0.39276528972337893,1.0591200245460495,1.184925335524075,1.3296737149127744,1.3363373067250204,0.929427032190964,13285
0.91314196037818,-0.951242971618668,-0.5456064581997129,0.3402367212291631,0.45295387567241147,0.16583248100890577,-1.2778587188319563,13291
-0.10681093136222787,-0.3565098415904979,-0.17011530675731454,0.043541238426830275,0.1258667666490511,-0.13142378134518384,0.8970650400472426,13292
1.0593638857982834,-0.3565098415904979,0.15756047855176636,0.5959183553033556,0.42154813405055563,0.302016837212944,0.33964373443430285,13294
1.5342231881164607,-0.951242971618668,-1.0101628798946056,-0.44399319389557124,-0.702545793543983,-1.0177906266090588,-1.2778587188319563,13295
0.8169234993330678,-0.951242971618668,-1.6698047001995504,-1.5575519019274384,-0.7576103239704249,-1.5532810589181636,-1.2778587188319563,13296
-1.219473754807221,0.39276528972337893,0.8522928715522073,0.8362156787540591,0.4892784060170164,0.3713425543694715,0.33964373443430285,13297
-2.3414028478103273,-0.951242971618668,-0.5480541081617429,0.3361047789454365,-0.5287768123827928,-2.1656416572948998,-1.2778587188319563,13298
1.314796951424842,-0.951242971618668,-1.2835613330947393,-0.9055243141976623,-1.80049001290108,-1.5532810589181636,-1.2778587188319563,13299
0.9724822656860589,-0.951242971618668,-0.5222184669687423,0.3797186044223489,0.29999793548015957,-0.4465281173678302,-1.2778587188319563,13300
0.6130671392034865,0.39276528972337893,-0.14142478436901973,-0.8365355836974248,-0.6532816620375663,0.6780728978510595,0.7929339385545909,13301
0.9083756495481708,-0.951242971618668,-1.9180224693164076,-1.9765748470774913,-3.6312949253182962,-2.5238496442644585,-1.2778587188319563,13302
1.5153909790056848,-0.951242971618668,-0.6918586670207778,0.09334452050983415,0.47652410037924225,-0.4054300282323229,-1.2778587188319563,13304
-1.6579185856692376,1.5492685361090064,0.8176168673077836,-0.4514286642045683,-0.25321066536075787,0.3373595340158314,1.0572471637332093,13305
0.718861842900669,-0.951242971618668,-3.0325490738192453,-3.858036524573291,-3.8345524849439534,-2.5238496442644585,-1.2778587188319563,13307
-0.48784858938626624,0.06546002950528196,0.5247934132230042,0.6705501260100994,0.6609655154290626,0.3198649108815007,0.7758476982963317,13308
-1.3073310782723213,0.6601931595334521,0.5647615211245647,0.05226087522268663,0.7657816821802409,0.7676127182136949,0.9780895946116086,13309
-0.3466882305725439,0.06546002950528196,0.36383098987202955,0.39925885449370024,0.25918428907116897,0.5651385571139715,0.971494153842742,13310
-1.6579185856692376,-0.3565098415904979,-0.1435760271354831,0.08826704250941296,-0.017081402923456793,-0.2578461642065392,0.6909535817020049,13311
-0.5195948743219904,0.6601931595334521,0.6169043406026519,0.14005136237958138,0.10458212050533704,0.283800736212044,0.9984841990281161,13313
-2.038956243693276,0.06546002950528196,0.06303440105484179,-0.1074372912037653,0.20696240435404661,0.41998509241608295,0.41712043258818987,13314
-0.14507188746243174,0.39276528972337893,1.6565937733663472,2.192751456706655,2.4296227136776336,0.5784237638341764,0.8493276577182843,13316
0.27794705909668965,0.8863002017334407,0.9194769960983785,0.404950324274082,0.11945967946622094,0.9410161250555489,0.9661373568365093,13317
-2.3414028478103273,0.06546002950528196,-0.08936096718220442,-0.3639722187512358,-0.46910611046013234,-0.7437843797219198,0.14866230143978154,13318
-1.5219203589242727,2.8663624207137426,2.16480434157836,0.5338545447037729,0.17701363029223227,1.5876897585818852,1.0485880175949933,13319
0.4008421239442265,0.39276528972337893,0.6049717350954092,0.4194075447639869,0.6227620082252853,0.7127224211397556,0.6629235502147713,13320
0.34192268478610366,-0.3565098415904979,-0.1861957595875678,0.01644260405279822,0.2029950332585253,-1.0177906266090588,-0.20802256379332715,13321
-0.702437870038218,-0.951242971618668,-1.016973730987614,-0.4554907707778582,-0.31029949280696056,-0.2578461642065392,-1.2778587188319563,13322
-1.8243669630413246,0.6601931595334521,0.07516317716763143,-0.7711235777462548,-1.6337875347740454,-1.4170967027141252,0.4630497672474613,13323
-0.16496440251850533,1.5492685361090064,1.829536208906586,1.2524812073667357,1.3463655182255605,-0.2578461642065392,1.0070861067701522,13324
0.43768542024440965,-0.951242971618668,-0.04756667724351814,1.1809907758669829,0.4858144049868057,-0.8702067625832752,-1.2778587188319563,13325
-0.10681093136222787,1.2549262895616227,1.2918410900267583,0.6460019194095697,0.2834816318938782,0.6780728978510595,1.009509781404251,13327
1.4372706888296392,-0.951242971618668,0.47922224095382115,2.070277005296995,1.6438613105915343,-0.5827124735718688,-1.2778587188319563,13328
-0.25030595595327615,-0.3565098415904979,0.07632459209296515,0.4589467594134773,0.44578452555419007,-0.6332090513304633,1.020235989410288,13329
0.530518913644861,0.06546002950528196,0.3700690393405008,0.4097709865037959,0.5326184797258037,0.0774137897288553,0.8600538657243214,13330
-0.8384360967831825,-0.951242971618668,-0.5684089027617556,0.3017433147699756,0.16046229614454793,-0.4054300282323229,-1.2778587188319563,13332
0.43768542024440965,0.06546002950528196,1.2637913395122349,1.916900099399049,1.4820591924481632,1.5792356309236684,0.8600538657243214,13334
0.3913397647791676,-0.951242971618668,0.08247703926302961,1.4005209943630588,1.4257720896192478,0.35451443417019673,-1.2778587188319563,13336
0.9225841764182786,-0.951242971618668,-0.30769720109830384,0.7418575960915152,0.5574747378571825,-0.48963176831474303,-1.2778587188319563,13338
1.1011314171533835,-0.951242971618668,0.1450492003405033,1.506150705371955,0.826019567850943,0.40406665096392086,-1.2778587188319563,13339
-0.0025589895529871606,1.0821630306292318,2.156746720670323,2.2839467842317127,1.8580952463485758,1.157189074845069,0.8739169627403369,13340
1.295129236744246,-0.951242971618668,0.06294204177348989,1.3675434512536766,0.7373536142546729,0.18662048949877436,-1.2778587188319563,13341
1.0109625792667192,-0.951242971618668,-0.5626974698054225,0.31138493497671865,-0.152026772056516,-0.48963176831474303,-1.2778587188319563,13343
0.29988761456406465,0.06546002950528196,0.9988160042919436,1.4698909793110992,0.7960739837413973,1.0633471031914083,0.8345574243076903,13344
1.368291200593255,-0.951242971618668,-0.48542927074630293,0.4418234142660484,-0.10389713532366034,-0.4465281173678302,-1.2778587188319563,13345
0.3212012104594013,-0.951242971618668,-0.5903209989096536,0.26475292888837193,0.31087441298258106,-1.1950730719486045,-1.2778587188319563,13347
0.25534153803420273,-0.951242971618668,-0.8911267463219209,-0.24304516569288773,-0.14385948203870827,-0.7437843797219198,-1.2778587188319563,13348
-1.0048844741552696,-0.951242971618668,-0.8463569528558317,-0.16746809972107735,0.41417326635386037,-0.6332090513304633,-1.2778587188319563,13349
-0.7450737659930379,-0.3565098415904979,0.24824753985621803,0.7488443211066973,-0.08444061877699624,0.05385373755105001,0.36514017585093383,13350
0.27794705909668965,-0.951242971618668,-0.5178474507023664,0.38709743195654267,-0.31029949280696056,-0.6332090513304633,-1.2778587188319563,13351
0.20796529408005854,-0.951242971618668,-0.46830146298295744,0.4707373170800817,0.8088415684882854,-0.29249568749523525,-1.2778587188319563,13352
0.33163389949978844,-0.951242971618668,0.029063137796104217,1.3103515823009881,1.5119391747088529,0.35451443417019673,-1.2778587188319563,13354
0.7310903972103813,-0.951242971618668,-0.04827430513815238,1.1797962106046531,0.7843388216850264,-0.04722204126276407,-1.2778587188319563,13355
0.41949122296488883,-0.951242971618668,0.05509359440995753,1.354294280814254,0.8226050778884133,0.18662048949877436,-1.2778587188319563,13356
1.2836532395139844,-0.951242971618668,-0.12930366655526618,1.043008414205426,0.8088415684882854,0.7989810878755099,-1.2778587188319563,13357
1.3175647657579306,-0.951242971618668,-0.39022443331375906,0.6025412045977128,0.6766676074178869,-0.13142378134518384,-1.2778587188319563,13358
0.25534153803420273,-0.951242971618668,-0.3892647398655816,0.6041612883512946,0.04300322180309394,-0.32855986216469163,-1.2778587188319563,13359
-1.140882700900234,0.39276528972337893,1.1641520471548987,1.3620489530249988,0.8905934790890488,1.157189074845069,0.9467950037688883,13362
-0.662107772231435,-0.3565098415904979,0.25905763675020044,0.7670746554492319,0.9207473058109242,0.283800736212044,0.024187099567388393,13363
0.33163389949978844,-0.951242971618668,-1.3265929300467587,-0.9781670849126644,-0.8610461932702582,-1.0177906266090588,-1.2778587188319563,13364
-0.2064153496825682,-0.3565098415904979,0.9023622589004423,1.852304489147429,1.547304786794793,1.1151120940875108,0.7844831836786293,13365
0.0744087228930169,-0.951242971618668,-2.017424414309883,-2.144377885083206,-0.08058973376917059,-2.5238496442644585,-1.2778587188319563,13366
1.2836532395139844,-0.3565098415904979,-0.11122441772357247,0.1427915264218837,0.060075991929077185,-0.13142378134518384,0.45820237236717004,13368
1.546518935319535,-0.951242971618668,-0.6713352833020005,0.12799058441123862,-0.04279526348110981,-0.7437843797219198,-1.2778587188319563,13369
1.5586152832160842,-0.951242971618668,0.04111473549571099,1.3306962013821282,0.8825208145520325,0.12272883006199294,-1.2778587188319563,13370
0.5063246271107786,-0.951242971618668,-0.5079156375326289,0.4038635870141373,0.029154222574982094,-0.32855986216469163,-1.2778587188319563,13372
0.22009442484988165,0.06546002950528196,1.219318933673551,1.8418691127206415,1.4083838651158238,1.2038727437997445,0.8456865469088336,13373
0.49808227687187545,-0.951242971618668,0.0658104418930571,1.3723856729457262,1.1644926880177668,0.0774137897288553,-1.2778587188319563,13375
0.5766733307788626,0.06546002950528196,0.28063841970107595,0.25908009952510014,0.0657093040736054,0.24620146194085193,0.6629235502147713,13376
-0.3999912659211662,0.06546002950528196,-0.17893468290437312,-0.5146868725792196,0.28532890671799643,0.7989810878755099,0.582677574239563,13379
-0.25030595595327615,0.8863002017334407,1.2943724684984594,1.0367133981202845,0.8667459365957328,0.7127224211397556,0.9309038852239986,13381
1.3500014025309162,-0.951242971618668,-0.9285679490437384,-0.3062506448585236,-0.18530775398810617,-0.6867678491342508,-1.2778587188319563,13382
-0.2732593087343148,1.0821630306292318,1.399407792960275,1.0066542362812028,0.8922010209700082,1.1222655712166019,0.6963285996674116,13384
1.469507036923992,-0.951242971618668,-0.23357171792028827,0.8669907740361614,0.6609655154290626,0.02964812480486719,-1.2778587188319563,13385
0.7837658135847301,-0.3565098415904979,-0.04544755420600433,0.2536607462207132,-0.10389713532366034,0.02964812480486719,-1.2778587188319563,13388
-1.0048844741552696,0.06546002950528196,0.08531604772155753,-0.06991830165716806,-0.0883048517664709,0.3373595340158314,0.8565107233533781,13389
0.3719639973065715,-0.951242971618668,-0.21953915404093705,0.8906795142325322,0.40922944405556677,-0.804736104337389,-1.2778587188319563,13390
1.1121280552344204,-0.951242971618668,-1.9682051769086426,-2.0612895957665858,-3.8345524849439534,-2.5238496442644585,-1.2778587188319563,13391
-2.038956243693276,1.2549262895616227,1.0014546893841954,0.15693112003712348,0.7299460780226775,1.129361590077745,0.9871420498775906,13394
1.0395769137359367,-0.951242971618668,-0.6727801574742012,0.12555145431527143,0.8596013268250359,-0.4054300282323229,-1.2778587188319563,13395
-0.3214002120141793,-0.3565098415904979,0.5105679438921626,1.1912896265147894,0.7336559985887237,0.18662048949877436,0.963431471420636,13396
0.35207148225049756,0.6601931595334521,0.6111512986094402,0.13036448777851115,-0.6500735156473001,-0.16137409356206325,0.929427032190964,13397
1.0671340092552157,-0.951242971618668,-0.35772142141841407,0.6574103939353335,0.6609655154290626,-0.2245044866023096,-1.2778587188319563,13398
0.7608124608036914,-0.3565098415904979,-0.11399999265083331,0.13811351045297282,0.4834990768414434,-0.04722204126276407,0.8954558413812965,13402
-0.662107772231435,-0.951242971618668,-1.790301590990494,-1.7609658728139268,-1.3850203868630266,-1.9114890458877223,-1.2778587188319563,13403
-2.3414028478103273,-0.3565098415904979,-0.8299284890427188,-1.0673265260932814,-1.1313094166537143,-0.9409204605414276,0.8383020753421495,13404
1.1121280552344204,-0.3565098415904979,-0.20021952107127625,-0.0071893295849612135,-0.7092819475808746,-0.29249568749523525,0.5932130712951154,13405
-2.038956243693276,4.109172464037681,2.924246435627467,0.6460889677882261,0.5823819943094957,1.6870583878818497,1.0604460291967368,13408
-0.45739843875914415,0.6601931595334521,0.2674870721772468,-0.44791272131106497,-0.4446823092435142,-0.6867678491342508,0.9309038852239986,13410
0.6340805036168403,-0.951242971618668,-0.9628968762665725,-0.3642022098892353,-0.8456689825605147,-0.5827124735718688,-1.2778587188319563,13411
0.8005288809889273,0.06546002950528196,0.5276575751348597,0.6753782411526594,1.355237362764796,-0.32855986216469163,0.7344666536224932,13414
-0.018953607897127814,-0.3565098415904979,-0.004876816555773866,0.3220509432002968,-0.8610461932702582,-0.9409204605414276,0.15919779849533364,13416
-1.5219203589242727,-0.3565098415904979,-0.08927401067789788,0.17978814270572588,-0.716059051133877,-0.2245044866023096,0.81725285979615,13417
-0.9451786088758904,2.3509346787324734,1.709641460100244,0.2610240726206164,0.377398924337021,1.644706289169554,1.0485880175949933,13418
0.25534153803420273,-0.951242971618668,-0.935467277687931,-0.31789758302227245,0.6369897504844825,-0.6332090513304633,-1.2778587188319563,13419
0.8840762661337572,-0.3565098415904979,-1.192564213367643,-1.6764589975940654,-1.2346082700249934,-1.1950730719486045,-0.07509660704497219,13420
-0.0883920916756731,-0.3565098415904979,0.7435276434712725,1.5843048003185367,1.4107404447971714,0.819291168521149,0.9034370769984014,13421
0.25534153803420273,-0.951242971618668,1.0343760725903042,3.0074467912124456,2.3875797757449915,1.1503139459959568,-1.2778587188319563,13422
0.6409554380614055,0.06546002950528196,0.6514360761993401,0.8840541790895032,0.9797037458578339,0.5784237638341764,0.7887311571486797,13425
-2.3414028478103273,1.5492685361090064,1.2948125551335552,0.35142216712286667,0.41170409568495153,0.9668750325469323,1.0463932468041202,13426
-0.6238468161312312,0.06546002950528196,-0.1650996067059172,-0.49141197580413626,0.17685715192840246,-0.2578461642065392,0.8073012573700791,13427
-1.0697884448393309,-0.951242971618668,-1.0078792534076546,-0.44013814395458806,-0.028029086001941865,0.6296525833243007,-1.2778587188319563,13428
-1.0048844741552696,0.39276528972337893,0.27045125307080053,-0.14393574392308095,0.8970097851532173,0.41998509241608295,0.3712652245313046,13429
-0.6238468161312312,-0.3565098415904979,-0.0426893715337463,0.25831006240001625,0.9831636514099162,0.302016837212944,0.3890904011009562,13430
0.28899800354496863,-0.3565098415904979,0.4548783043133476,1.0973499194389855,0.8596013268250359,0.22678420562437498,-0.056718515442787575,13431
0.3620840501269106,-0.3565098415904979,-0.23406311423201942,-0.06421727273657324,-0.035387727249114306,-1.1019923666914786,-0.039157503193415405,13434
-1.5219203589242727,1.0821630306292318,1.3308821574793583,0.8911485683704211,0.7488954878071223,0.6044094489104112,0.7823419441480298,13435
-2.038956243693276,-0.951242971618668,-1.027340647828894,-0.4729914357883225,-0.7861972774880905,-0.8702067625832752,-1.2778587188319563,13436
-0.8384360967831825,1.0821630306292318,1.2420464548220511,0.7414320348642371,0.18669480295546204,1.2543693215583391,0.7647809318986573,13437
1.2778483455726946,-0.951242971618668,-0.7373292537080117,0.01658442706779067,0.4950279293397705,0.40406665096392086,-1.2778587188319563,13439
0.5225410289669334,-0.951242971618668,-0.7019200481062587,0.07635963844552689,0.3054494382809291,-0.804736104337389,-1.2778587188319563,13441
-0.48784858938626624,0.06546002950528196,0.36179483288757863,0.3958276287953908,0.25350120063187687,0.41998509241608295,-0.26455565770754286,13447
-0.702437870038218,0.8863002017334407,1.2711240499565977,0.9975217538787801,0.6356425236120364,1.2167700472871472,1.0452912719577836,13448
-0.45739843875914415,-0.951242971618668,-0.7147732729590232,0.05466177148119351,0.39927553773862884,-0.48963176831474303,-1.2778587188319563,13449
-0.37286372705465515,0.8863002017334407,0.8345061277999298,0.2618407115684067,0.8406960241839289,-0.04722204126276407,0.7991554486507155,13450
-0.3999912659211662,0.6601931595334521,1.1129053189312457,0.975764548093293,1.1224379922323722,1.9486979051017563,0.9871420498775906,13451
1.2894133075722092,-0.3565098415904979,-0.15505396171711983,0.06892333521655043,-4.856060974358759,-2.5238496442644585,-0.2961771478045446,13452
0.9592013491526777,-0.3565098415904979,-0.554751767349135,-0.6043380059592104,-0.9247681135603033,-0.6332090513304633,0.6264307563969554,13453
-0.42814272410688714,-0.3565098415904979,0.31021569561426593,0.8533518062280574,0.148005964307137,0.18662048949877436,1.0272283440948966,13455
-0.662107772231435,0.8863002017334407,0.718448663027831,0.06643540882316266,-0.2152666036466048,0.2069305701444127,0.7950186807341812,13456
-1.3073310782723213,2.0042014208754995,2.0714124353128938,1.2080615225657783,1.0350255651515898,1.71663268409028,1.0397348129024189,13458
-0.3214002120141793,-0.3565098415904979,-1.0834575277768315,-1.493337120564709,-0.0883048517664709,-0.6332090513304633,-0.07509660704497219,13460
-0.10681093136222787,0.06546002950528196,0.5582873922024514,0.7270124348437879,1.025292537731114,-0.7437843797219198,0.6296039278845866,13461
1.271997922586503,-0.951242971618668,-1.2350643142881779,-0.8236552210879104,-1.009911009233567,-1.1019923666914786,-1.2778587188319563,13462
0.1830988212276959,-0.951242971618668,-0.04829790355485239,1.1797563734966907,1.0617556403425699,0.16583248100890577,-1.2778587188319563,13464
1.0355557443915884,-0.951242971618668,-0.6723154480034138,0.12633594259659495,0.5704129500138644,-0.5827124735718688,-1.2778587188319563,13466
-1.0048844741552696,-0.3565098415904979,0.3203636368854326,0.8704667589650923,0.6959892366576711,0.8391448040011109,0.009277491406272221,13467
-2.038956243693276,3.367637679856424,1.652696631991267,-0.8001358531138635,-0.8770629314685083,1.4757110151240302,1.0604460291967368,13468
0.5766733307788626,-0.3565098415904979,-1.1674381158525315,-1.6343009795767658,-1.2454847475274144,-1.2991284475109868,-0.18252612237669613,13470
-2.3414028478103273,0.39276528972337893,0.9956845194521435,1.077961433691451,1.041567718768326,1.6084777670717536,0.24317183845542084,13471
0.22009442484988165,-0.3565098415904979,-0.42048754766975455,-0.37826425458194457,-0.16854307564279833,-0.4054300282323229,0.9382064540794413,13473
1.2203246128302816,-0.951242971618668,-0.9149808564672948,-0.2833139164862389,-0.20232839148992285,0.4809368170315517,-1.2778587188319563,13474
1.0632590649207432,0.39276528972337893,0.5509649426490172,0.3284214579091367,0.5443846058445386,0.5516505149897042,0.5718533977950185,13475
1.0151181616408786,-0.3565098415904979,0.43541576034413754,1.0645208527217322,0.32965659179032286,0.4356217766984145,0.5531267770778089,13476
-0.12569611998983565,0.8863002017334407,0.5635519620883028,-0.19423598733969924,0.10436503743556813,0.45098650481467234,0.909707966224177,13477
1.1011314171533835,-0.3565098415904979,-0.690458039596742,-0.8327318156880329,-0.9247681135603033,-0.7437843797219198,0.11525725198714115,13479
0.013483028875857768,0.6601931595334521,0.7353348141355012,0.3395006010342806,0.43082013843786093,0.9233465440835307,0.8383020753421495,13481
1.2076277087101308,-0.951242971618668,-1.0782872067449205,-0.5589956619894041,-0.31978746583137585,-0.9409204605414276,-1.2778587188319563,13482
0.27794705909668965,-0.951242971618668,-1.2956531470389019,-0.9259368233790826,0.036100226984498086,-1.0177906266090588,-1.2778587188319563,13483
1.2358977276696723,-0.951242971618668,-0.6572313418667249,0.15179981893727604,-1.3850203868630266,-1.1950730719486045,-1.2778587188319563,13484
1.2108222536652227,-0.951242971618668,-0.3631320426744458,0.6482765818724002,0.6450391002640132,-0.32855986216469163,-1.2778587188319563,13485
0.4008421239442265,0.06546002950528196,0.35703294118569945,0.38780319742476554,0.4042636002044418,0.6171211732355907,0.4381951744305999,13486
0.1830988212276959,0.06546002950528196,-0.17499676329547323,-0.5080622101039529,-0.6205677831794749,-0.2245044866023096,0.9701617487812266,13487
-0.702437870038218,1.903003202857391,2.0132942661823776,1.2096780159485672,0.8971328144643039,1.8162333421764805,1.0374901606918017,13488
0.6201375723012269,0.39276528972337893,-0.371441318000084,-1.222599458754986,-0.11177582607472476,-0.9409204605414276,0.7950186807341812,13489
0.10310168753222393,1.5492685361090064,0.4207119046004878,-1.1175737158484835,-0.5962911361399607,0.6662143359277856,1.0021936885008718,13491
0.8114985655529359,0.06546002950528196,0.455342678081561,0.5534849493818803,-0.14385948203870827,0.10036182276301958,0.44832541476442095,13492
1.3339593841020705,-0.3565098415904979,-0.2889524570704586,-0.15669854487337143,0.21780043148392877,-1.5532810589181636,-0.2961771478045446,13493
1.427798496696187,-0.951242971618668,-0.6510253764611367,0.16227627237975573,0.04986373638462604,-0.5349468086478807,-1.2778587188319563,13494
-1.219473754807221,0.6601931595334521,0.8349544004644828,0.5073215488704461,0.07555531838588365,0.004760574858854357,1.0485880175949933,13495
-1.0048844741552696,-0.3565098415904979,-0.07389617486789425,0.2057078747072932,0.10653396827782523,-0.16137409356206325,1.0363630337467562,13496
1.3552729799974077,-0.3565098415904979,-0.5748921199431394,-0.6382415506381295,-0.7092819475808746,-0.48963176831474303,0.4818655959872372,13497
-0.662107772231435,0.6601931595334521,0.38266178405810924,-0.25420181468176606,0.628881859465079,-0.07440725075751485,0.9081495510819382,13499
-0.48784858938626624,0.06546002950528196,0.3879086516563951,0.43983443628183094,0.29999793548015957,0.49553962220406433,0.5414493438733692,13500
1.368291200593255,-0.951242971618668,0.49837570547636023,2.1026104725689656,1.4277610822989881,0.3713425543694715,-1.2778587188319563,13501
-0.702437870038218,0.06546002950528196,-0.7144466829187018,-1.4142280064674901,-0.6247353771966503,-0.5827124735718688,0.9858614726582301,13502
0.33163389949978844,-0.951242971618668,-0.9507275357431686,-0.3436588260501439,0.5222202554964798,-0.5827124735718688,-1.2778587188319563,13503
0.25534153803420273,-0.951242971618668,-0.7038241313005444,0.0731453055203741,0.1542515274278425,-0.36615913643588405,-1.2778587188319563,13504
0.35207148225049756,0.39276528972337893,1.2931275257918542,1.5795809629109143,1.535189387729503,1.4612673757205297,0.7271279089759665,13505
1.4372706888296392,-0.3565098415904979,-0.3556715049717891,-0.26909408635759724,0.04986373638462604,-0.2245044866023096,0.29802024868120347,13506
-1.8243669630413246,0.39276528972337893,0.9884270449422415,1.0657246345299871,1.051359263153515,1.2725854225592388,0.6827513965678106,13507
1.2450878863041015,-0.951242971618668,-1.48136494941392,-1.2394418019193953,-2.0403026540253606,-0.8702067625832752,-1.2778587188319563,13508
-1.140882700900234,0.8863002017334407,0.236447223492124,-0.7440950629329718,0.1920113966171474,-0.2245044866023096,0.9425240678339961,13509
-2.3414028478103273,0.39276528972337893,0.7295737865351145,0.6293712075568597,0.8938062481750321,0.8091944917842315,0.7801890356795537,13510
1.295129236744246,-0.951242971618668,-0.8339644624925645,-0.14654801076759388,-0.0883048517664709,-0.6867678491342508,-1.2778587188319563,13512
0.7608124608036914,-0.951242971618668,-0.9949318667594725,-0.4182813199865846,-0.3885653136137629,-1.0177906266090588,-1.2778587188319563,13513
0.3620840501269106,-0.951242971618668,-1.2314131303060616,-0.8174915613671966,-1.4888003926376643,-1.7143529650682148,-1.2778587188319563,13514
0.35207148225049756,0.39276528972337893,0.1732457485354335,-0.30751305253762146,0.10490766587231054,0.3373595340158314,0.7647809318986573,13515
-0.5527525600703276,0.06546002950528196,0.5270328142926863,0.6743250802405162,0.8339462754040512,0.2069305701444127,0.8493276577182843,13516
0.20796529408005854,0.06546002950528196,0.8668659684073909,1.2473353003748402,1.1999919437487232,1.1364010663552007,0.616755389718751,13517
0.47279425831351085,-0.951242971618668,-0.10643788570928929,1.081608740311516,1.0022461335272235,0.05385373755105001,-1.2778587188319563,13518
0.4008421239442265,-0.951242971618668,-1.4016130287941895,-1.1048104869319495,-2.0858122423107215,-1.1950730719486045,-1.2778587188319563,13519
0.19563567275482363,0.8863002017334407,1.136234331981849,0.77016119426143,0.6254860904634466,0.302016837212944,0.9922232482364803,13520
-2.3414028478103273,0.06546002950528196,0.3192928792832766,0.32420914473403933,0.4780778708067525,1.9402706590208818,-0.4098281732323931,13521
-0.2969414599191216,-0.951242971618668,-1.382201611624614,-1.0720415630113476,-1.3850203868630266,-1.5532810589181636,-1.2778587188319563,13522
-0.2280378812240346,0.6601931595334521,1.3626649674361873,1.3968915763255751,0.9062483215026994,1.3363373067250204,1.017877428815222,13523
-0.07041712293760334,0.6601931595334521,-0.04183451320469415,-0.9675576187824702,-0.9614324974857289,-0.5827124735718688,0.7736590072340845,13524
-0.7902951935033181,-0.3565098415904979,-0.10438442837029326,0.15431990820745906,0.2667169535485704,-1.5532810589181636,0.8773080370058354,13525
-0.2064153496825682,1.0821630306292318,0.9084232624433907,0.1794620881855561,0.48779515191226824,1.3136835116947465,0.9674833810560453,13527
0.41022495340677506,-0.3565098415904979,-0.6726768652917738,-0.8028129363819896,-1.5735117690095164,-0.6867678491342508,0.6327518148686244,13529
1.115757868270254,-0.3565098415904979,-0.3129750302097594,-0.19716944804556305,-0.6373324615247817,-0.5827124735718688,0.7320355214809848,13531
-0.2064153496825682,-0.951242971618668,-0.9750284431618031,-0.3846818270730126,-0.20232839148992285,0.5784237638341764,-1.2778587188319563,13532
1.0315127799850192,0.06546002950528196,-0.7793575548224124,-1.5230319989815289,-0.9193166107595347,0.5099049728398658,0.4772449851121737,13533
-2.038956243693276,2.811005195293644,1.6754389785554078,-0.23707775918668406,-0.29677712902512793,1.0932974154082877,1.0430780576188126,13534
-2.3414028478103273,1.0821630306292318,1.2504978266420834,0.7556740840937075,0.7473286146029126,0.8585620603175879,0.4277983184455203,13536
-0.0357166753013247,1.0821630306292318,0.4622200465336322,-0.5710951253748578,-1.9965782224085158,-1.0177906266090588,0.9382064540794413,13538
0.47279425831351085,0.06546002950528196,-0.10115020307652911,-0.38381165038112597,-0.41246764025909766,0.02964812480486719,0.8600538657243214,13539
-0.0883920916756731,-0.3565098415904979,-0.7590442668619057,-0.9481149858025845,-1.1214870614728398,0.7013229133180106,0.81725285979615,13544
-0.9451786088758904,0.06546002950528196,-0.11417939425126374,-0.40573665536815745,-0.29156241139212863,0.6541944280815882,0.7929339385545909,13546
0.5539530431791972,-0.3565098415904979,-0.044202256292112496,0.25575987320083676,0.3790970664799492,1.0556981411370956,0.6963285996674116,13548
-0.3999912659211662,1.0821630306292318,0.19708629439665476,-1.0162028324118848,-0.9508333414900757,0.0774137897288553,0.8475112971565278,13549
1.4442967229447816,-0.951242971618668,-1.631078024239951,-1.4921763815760996,-2.769319563912303,-1.7143529650682148,-1.2778587188319563,13551
0.27794705909668965,1.794302194169694,1.3161399372435787,0.1426731598122064,-0.3001111678960564,0.7676127182136949,0.9034370769984014,13552
0.3620840501269106,0.39276528972337893,1.3891578870077566,1.741566378483445,1.6089420769304872,1.157189074845069,0.6420477196732038,13555
-0.3466882305725439,-0.3565098415904979,-0.16310757952841198,0.055350892747227015,0.628881859465079,-0.07440725075751485,0.9081495510819382,13557
-1.4069354965926615,0.39276528972337893,-0.14897966741701002,-0.8492255552496909,-0.6694623539361633,1.1222655712166019,0.3589186657548093,13558
-1.3073310782723213,-0.951242971618668,-1.1371856018793152,-0.6584235920752907,-0.992354266839824,-0.04722204126276407,-1.2778587188319563,13560
1.1545617760675477,-0.951242971618668,-1.2871250131009584,-0.9115402561549654,-0.6891943752664562,-0.7437843797219198,-1.2778587188319563,13561
0.43768542024440965,0.06546002950528196,0.7330221110681951,1.0216207938243806,0.5414546958761877,0.3373595340158314,0.7368829163612763,13562
0.45544638091705564,-0.3565098415904979,0.06466431994591092,0.43928781489561286,-0.4351311124009407,0.3198649108815007,0.31238756749669155,13563
1.5217213573694948,-0.3565098415904979,0.3928498598471487,0.9927237363111621,0.7966575116800153,0.5915121454230086,-0.2352787307309386,13564
-0.6238468161312312,-0.3565098415904979,-0.8694845746256947,-1.1338332131364783,-0.6500735156473001,0.02964812480486719,0.9959917129920511,13565
-0.07041712293760334,-0.3565098415904979,0.14200664170146216,0.5696917906871354,0.6708052095024314,1.19735279097067,0.1987365420688429,13566
0.9898301430825142,-0.951242971618668,-1.068003683249085,-0.541635775478958,-0.9412844171465856,0.16583248100890577,-1.2778587188319563,13568
-0.702437870038218,-0.3565098415904979,-0.6002564243555972,-0.6809354191758884,-0.7646886341064578,0.6541944280815882,1.0374901606918017,13569
1.242037063618065,-0.951242971618668,-0.8719009693987434,-0.21058962595529904,0.04300322180309394,-0.19237550596065342,-1.2778587188319563,13570
-0.8898996118236581,1.794302194169694,0.8519458044875613,-0.6378314997284272,-0.062162370400857384,1.3363373067250204,0.8889526866970197,13571
1.1193701034501191,-0.951242971618668,0.5240685679532326,2.14598326953954,1.374857757831162,-0.04722204126276407,-1.2778587188319563,13572
0.0744087228930169,-0.3565098415904979,-0.7192227562201247,-0.8811270883035318,-0.028029086001941865,-0.29249568749523525,0.8211643543860943,13573
-0.48784858938626624,0.6601931595334521,0.016696068320576473,-0.8693068782968241,-0.6024132278637346,0.16583248100890577,0.7094546484728891,13575
-1.0697884448393309,2.3509346787324734,1.782911712819654,0.3843865656919778,-0.05775965059743895,0.7239767083482843,1.0507706625185322,13576
-0.42814272410688714,0.39276528972337893,0.6819414594457561,0.5491002576028318,0.27093181717508463,0.5099049728398658,0.8475112971565278,13577
-0.7902951935033181,-0.3565098415904979,-0.34102479255356716,-0.244421787129514,-0.6247353771966503,-0.48963176831474303,1.0419667833944715,13579
1.4206145717599752,-0.951242971618668,-1.4328177398633573,-1.1574879804944809,-1.80049001290108,-1.0177906266090588,-1.2778587188319563,13581
0.91314196037818,-0.951242971618668,0.06824049408853153,1.37648790797684,1.7151967343345096,0.3878561117744264,-1.2778587188319563,13583
1.415786560685345,-0.951242971618668,-1.2841171091430041,-0.9064625343638348,-1.5735117690095164,-0.29249568749523525,-1.2778587188319563,13584
0.25534153803420273,-0.951242971618668,-0.004988563799484568,1.2528680091437538,0.16663865599379057,-1.1950730719486045,-1.2778587188319563,13587
-0.7450737659930379,1.4094682908473293,0.9883595364599789,-0.02309382168451765,0.6942852545127449,1.1774991554907075,0.887310032661933,13588
-0.7902951935033181,-0.3565098415904979,-0.5057974095151133,-0.5219201709393413,-1.1020982231839767,-0.4054300282323229,0.7392844904820263,13589
-1.0048844741552696,0.8863002017334407,0.8100379136179482,0.2206375925362411,0.7628991205192576,0.6296525833243007,0.96478673081582,13590
0.26672992881572677,0.06546002950528196,0.35327700167197174,0.3814739915658241,0.047581585943295285,0.4356217766984145,0.8211643543860943,13591
-0.16496440251850533,0.39276528972337893,-0.8443048006058033,-2.0136641382557405,-2.1828151445323565,-0.6867678491342508,0.868775141007578,13592
0.6409554380614055,0.6601931595334521,0.8219936563790445,0.48548521825900903,-0.08212849191722824,0.7127224211397556,0.8670462204089304,13593
0.11704461884783704,-0.951242971618668,-0.47032225160744273,0.4673259706483969,0.9332036376483352,-0.2245044866023096,-1.2778587188319563,13594
-1.4069354965926615,-0.3565098415904979,-0.06086843328031062,0.2276670608666027,0.23820312042585934,1.1907843622109124,-0.4563592714905112,13596
0.02918729538273665,-0.951242971618668,-1.1916230250592597,-0.7503208380637566,-1.2026013797763975,-0.02084845295372739,-1.2778587188319563,13598
-2.3414028478103273,2.5659715372329566,1.5711068400908306,-0.17882026524835054,0.01378622834583614,1.4113416862522459,1.0540221847933684,13599
1.427798496696187,-0.951242971618668,-0.941015591877355,-0.32726383814793064,0.8191800979248832,-0.48963176831474303,-1.2778587188319563,13600
-0.0025589895529871606,-0.3565098415904979,-0.026601762343018278,0.28542852433217386,0.6329431758010432,0.8489067773437937,0.7440442797014072,13601
0.26672992881572677,-0.951242971618668,-0.4088114062486729,0.5711640466757701,0.6041982658609889,-0.32855986216469163,-1.2778587188319563,13602
-0.3999912659211662,-0.951242971618668,-1.1706142658122964,-0.7148553989659354,0.06345939392291265,-0.19237550596065342,-1.2778587188319563,13603
-0.3214002120141793,0.06546002950528196,-0.7570612089761588,-1.4856658120595263,-0.5757239638606161,0.14454350874121646,0.9524186962584894,13606
-0.0883920916756731,-0.951242971618668,-0.04731915578784567,1.1814086233470917,0.6883007227267911,0.8775617086856059,-1.2778587188319563,13607
-0.9451786088758904,1.0821630306292318,0.32806919958341707,-0.7964101500391286,-0.8811337655846766,1.3799733165904309,0.939650908069832,13610
0.49808227687187545,0.06546002950528196,0.3794183490323972,0.42552636897937157,0.5370453423313264,0.5915121454230086,0.9353016047691758,13611
-0.45739843875914415,0.39276528972337893,0.6321966451812642,0.46527839169048446,-0.10389713532366034,1.4113416862522459,0.9845767309527786,13614
1.4442967229447816,-0.951242971618668,-0.4298579510482961,0.535634820792595,0.22073806190907697,-0.32855986216469163,-1.2778587188319563,13615
-0.0883920916756731,0.06546002950528196,-0.2193929025575871,-0.5827420252615764,-0.4837270426650046,-0.07440725075751485,0.6771871112552025,13617
0.9941047972275256,-0.951242971618668,-1.1102712922413083,-0.6129888380231394,0.5132296414369405,-0.804736104337389,-1.2778587188319563,13618
0.7001347059966991,-0.951242971618668,-0.9617828648478491,-0.3623216179104053,0.8825208145520325,-0.48963176831474303,-1.2778587188319563,13621
-0.2732593087343148,0.6601931595334521,0.011972952503785536,-0.8772366968307754,-1.0982605942609223,0.6897743881055913,0.929427032190964,13623
1.271997922586503,-0.951242971618668,-0.8151582090185603,-0.11480067959967202,0.3323141141483499,-0.48963176831474303,-1.2778587188319563,13626
0.19563567275482363,0.6601931595334521,0.6584009303433664,0.2099278468107475,0.5478903637689966,0.7886482262425164,0.9741455579309978,13627
-0.48784858938626624,1.6768961606574022,1.9012499082503347,1.2452936077006795,1.046347071459434,-0.16137409356206325,0.9959917129920511,13629
-1.5219203589242727,1.0821630306292318,0.8298369334046084,0.047170286044076956,0.27632761738929557,0.35451443417019673,0.9496168566684423,13630
0.5840955323843802,1.6768961606574022,1.1588948750850743,-0.005246478144374332,-1.4239803879433741,-1.4170967027141252,0.7464028402964729,13631
-0.42814272410688714,0.6601931595334521,0.8633049453301788,0.555089097300181,0.31734972703202075,1.1079002205808004,0.8511357053879716,13632
-0.2280378812240346,0.6601931595334521,0.6128161839174378,0.13316777494128396,-0.11177582607472476,1.3307280840814355,0.9674833810560453,13634
0.29988761456406465,-0.951242971618668,0.3197094559169774,1.800999277062485,1.6389393153943232,0.5240404679784646,-1.2778587188319563,13635
-0.14507188746243174,0.6601931595334521,0.2234633188393096,-0.5219272238951932,-0.29715054390092743,0.45098650481467234,0.9018536771782983,13636
0.10310168753222393,0.06546002950528196,0.09037911114215307,-0.061392485778207065,-0.15476255281907322,0.7239767083482843,0.7625298846329416,13637
-0.7450737659930379,-0.951242971618668,-1.4023220201338866,-1.106007353861754,-0.5638005336114014,-1.1950730719486045,-1.2778587188319563,13638
0.3620840501269106,-0.951242971618668,0.29117509238444195,1.7528296674171886,1.8247967208842775,0.12272883006199294,-1.2778587188319563,13639
1.1545617760675477,-0.951242971618668,-0.6610902090283002,0.1452855637784326,-0.028029086001941865,0.45098650481467234,-1.2778587188319563,13642
-0.2732593087343148,0.06546002950528196,-0.2564188122077729,-0.6450126093422839,-0.5877762985559805,-0.29249568749523525,0.7145853404081729,13643
-0.7450737659930379,0.39276528972337893,1.0337567890683519,1.1421570944842336,1.3383200411521485,1.260483184010916,0.4998258581202694,13644
0.718861842900669,-0.951242971618668,-0.831156036913451,-0.14180703367485054,0.022164669264065795,-1.5532810589181636,-1.2778587188319563,13645
-1.0697884448393309,0.39276528972337893,0.6630798887563235,0.517316684555121,0.3980250271181362,0.5651385571139715,0.8635655130798013,13647
1.2836532395139844,-0.3565098415904979,-0.5782109448835113,-0.6438281079246758,-0.8845171675785121,-0.32855986216469163,0.5791023667960601,13649
-0.702437870038218,0.8863002017334407,0.7492454831716895,0.11828048330755828,-0.008640247713078676,0.7350894284387285,0.9050141558443164,13650
-0.0883920916756731,-0.951242971618668,-1.7474167982654631,-1.6885709261760327,-1.7307904369956801,-1.5532810589181636,-1.2778587188319563,13651
0.013483028875857768,0.06546002950528196,0.3373975866310816,0.3547158754323669,0.24204736596360613,0.302016837212944,1.004647471086801,13652
-0.0357166753013247,0.8863002017334407,1.0585932699498337,0.6393234329757701,0.9475622735030488,1.3363373067250204,0.8722104472303812,13654
0.6809252725881031,-0.3565098415904979,0.2097951014889316,0.6839995299230106,0.742877143809652,0.3713425543694715,0.6389733249647489,13655
0.9547213050134129,-0.3565098415904979,-0.5057974095151133,-0.5219201709393413,0.5087069979065858,0.3198649108815007,0.7579889412322696,13656
-1.0048844741552696,-0.3565098415904979,-0.500599158168164,-0.5131677845739947,-0.4351311124009407,-0.6332090513304633,0.7970924793348777,13657
-1.0697884448393309,0.6601931595334521,1.038271971662201,0.84995598841471,0.3043612682567317,0.8585620603175879,0.8052804973310863,13658
1.1193701034501191,-0.3565098415904979,0.6208289218051757,1.377296536897663,1.1619732968861527,0.8681129598094249,0.6000838136265219,13659
0.47279425831351085,0.06546002950528196,0.16438510819411378,0.06324291969465713,0.1521735583243124,0.3373595340158314,0.7602659373124884,13662
1.0151181616408786,-0.951242971618668,-1.0578092565149866,-0.5244262955555955,-0.5877762985559805,-0.804736104337389,-1.2778587188319563,13663
0.20796529408005854,0.06546002950528196,-1.6950003269821037,-3.047616017043185,-2.634839852069033,-0.8702067625832752,0.8670462204089304,13666
0.8791199348959138,-0.951242971618668,-0.6954905989880674,0.08721336062175279,-0.04279526348110981,0.7676127182136949,-1.2778587188319563,13667
-1.8243669630413246,2.5659715372329566,1.7330240048785976,0.09355925443652702,0.14949617987628247,1.8574790542713941,1.0474921563478996,13668
0.0888931606621161,-0.3565098415904979,-0.9445302333666927,-1.2599714459113611,-0.296217241124545,-1.1019923666914786,0.5374788810429604,13669
0.3719639973065715,-0.951242971618668,-0.5711322553976936,0.29714595155035983,0.6649118207932402,-0.2578461642065392,-1.2778587188319563,13670
1.4011121509027604,-0.3565098415904979,-1.0708067548980589,-1.4720952785501726,-1.8557821758145352,-1.7143529650682148,0.07876445816932527,13672
-0.6238468161312312,-0.3565098415904979,-0.4896461831897251,-0.4947255846356293,-1.1020982231839767,0.283800736212044,-0.2352787307309386,13673
0.8889998820755748,-0.3565098415904979,-0.30802400086880344,-0.1888286365172297,0.07019554795980418,-0.2578461642065392,0.6570707361101835,13675
0.8938912117790716,-0.951242971618668,-0.895075949129147,-0.24971191883133706,1.9852573282321733,-0.6332090513304633,-1.2778587188319563,13678
-2.3414028478103273,0.39276528972337893,1.3116627276435868,1.610845217051772,1.2643231163180417,1.3746352363102152,1.0225805525306857,13680
-0.662107772231435,0.39276528972337893,0.11457885293494105,-0.4062057851717863,-0.5999603553642504,0.0774137897288553,0.6686909187201814,13681
1.0475547984138642,-0.951242971618668,-1.972148766362082,-2.0679468728548547,-2.9555564860361434,-1.9114890458877223,-1.2778587188319563,13682
1.3631111443109962,-0.951242971618668,-1.9012091967950187,-1.9481919194789192,-1.5445535148718397,-0.13142378134518384,-1.2778587188319563,13684
-1.8243669630413246,1.0821630306292318,1.1715187188039164,0.6225910008449431,1.7110209242429077,-0.13142378134518384,0.32625066451270673,13685
1.0315127799850192,-0.951242971618668,-1.8224103883693457,-1.8151695782568626,-0.8766384768274477,-1.1950730719486045,-1.2778587188319563,13686
0.24377657603468808,-0.951242971618668,0.18994217729642662,1.5819357206331646,1.328045036608087,-1.4170967027141252,-1.2778587188319563,13689
0.19563567275482363,-0.951242971618668,-1.1333569348839292,-0.6519603186113745,-0.9247681135603033,-1.1019923666914786,-1.2778587188319563,13690
-0.42814272410688714,0.06546002950528196,0.5818213453637303,0.7666866477814444,1.0772840452074617,0.302016837212944,0.8383020753421495,13692
-1.6579185856692376,3.7992258960913494,3.59282977205897,2.0623524454703346,2.3362090199376273,2.0808793111020076,1.058316332792444,13694
-0.2732593087343148,2.098866031753182,0.9964136480814064,-0.6938399074637983,-0.4103986694804014,0.2652011103088699,0.868775141007578,13695
-0.10681093136222787,-0.951242971618668,-1.2361105883345964,-0.8254214638267934,0.148005964307137,-0.8702067625832752,-1.2778587188319563,13697
0.9083756495481708,-0.951242971618668,-0.6705623193637269,0.12929544516743108,-0.9412844171465856,-0.7437843797219198,-1.2778587188319563,13699
-0.3999912659211662,1.5492685361090064,0.9106484300445135,-0.2950432425998262,0.4293612547819781,1.2294817716123259,0.9767792858606247,13700
1.4419620571674556,-0.951242971618668,-1.5675275059435974,-1.3848950800113682,-2.9555564860361434,-2.5238496442644585,-1.2778587188319563,13703
-1.5219203589242727,1.4094682908473293,0.9314368093441142,-0.11886632885290205,0.10400313835714976,1.0323456907928181,0.4725696911826578,13704
-1.219473754807221,0.06546002950528196,-0.00559226972042967,-0.22297718073590864,-0.27313504802381544,-0.2578461642065392,1.0551001055883238,13705
1.406035766844578,-0.951242971618668,-0.6153235542426859,0.22254545756510777,0.22073806190907697,-0.4465281173678302,-1.2778587188319563,13706
1.312018828634696,-0.3565098415904979,0.09370379790335084,0.4882483645872126,0.1385715206852373,0.302016837212944,0.2596349591424487,13707
1.3230697730829752,-0.951242971618668,-0.7383940615051257,0.014786897016848299,0.7336559985887237,0.302016837212944,-1.2778587188319563,13708
-1.6579185856692376,1.903003202857391,1.7327485532177063,0.7368396074218271,0.6159753100727452,1.723874114785924,0.9909590624336839,13709
-0.25030595595327615,-0.951242971618668,-1.0963562114989673,-0.589498424200624,0.141725214729715,-1.1950730719486045,-1.2778587188319563,13710
1.1648034716087685,-0.3565098415904979,-0.8312820461928264,-1.0696025152809037,-0.8766384768274477,-0.9409204605414276,-1.2778587188319563,13711
1.2541661943878881,-0.951242971618668,-0.90801296812816,-0.2715512408980686,0.9113128621890245,-1.0177906266090588,-1.2778587188319563,13712
1.3500014025309162,0.6601931595334521,0.3244253652680796,-0.3521618425528762,-0.3546287420712327,0.8391448040011109,0.5085087950342148,13715
1.3175647657579306,-0.951242971618668,-1.3073585605008786,-0.9456970397426719,-0.12770224123977408,-0.4054300282323229,-1.2778587188319563,13716
-0.25030595595327615,0.8863002017334407,0.5582929057429227,-0.20308344670677878,0.8277228991239017,0.8681129598094249,0.929427032190964,13717
1.2511523514720058,-0.3565098415904979,-0.6758073895321829,-0.8080805625735714,-0.6436847869810941,-1.1019923666914786,0.2676161947595539,13718
-0.7902951935033181,0.6601931595334521,0.2975777173453507,-0.3973137325443702,-0.2658485508344756,0.4356217766984145,0.8529355159098748,13719
0.7001347059966991,0.39276528972337893,0.08724957507201436,-0.4521717968421289,-0.2349598947539858,0.18662048949877436,0.6715433334676023,13720
-0.16496440251850533,-0.951242971618668,-0.24925121035893766,0.8405218104181387,0.7913947319556527,-0.16137409356206325,-1.2778587188319563,13721
0.7893954637552344,0.06546002950528196,0.9543583977291767,1.3949023077684042,1.2256952171761988,0.6897743881055913,0.7068640967229638,13722
1.1579913228304088,-0.951242971618668,-1.01550368615724,-0.45300914943174136,-1.4100738030285696,-1.4170967027141252,-1.2778587188319563,13723
0.0744087228930169,1.2549262895616227,0.809490919002411,-0.1661137990836784,-0.47547918678618395,0.89616133458878,0.917409140426984,13725
-0.10681093136222787,-0.3565098415904979,0.3261018271158081,0.8801445610695325,1.3601749290194685,0.12272883006199294,0.3525976072831403,13726
-0.3214002120141793,-0.3565098415904979,-0.6088857948955007,-0.6954596972716369,-0.716059051133877,-0.48963176831474303,-0.6420378365931088,13727
-0.14507188746243174,0.8863002017334407,0.2778060071175708,-0.6746267133573455,-0.781381589216866,0.10036182276301958,0.939650908069832,13728
0.8114985655529359,-0.3565098415904979,0.03871683004067149,0.39554228893660864,0.5041659321521528,0.10036182276301958,0.009277491406272221,13730
1.1648034716087685,-0.3565098415904979,-0.12775088700133366,0.11493783321382786,-0.11971059338832668,0.05385373755105001,0.03855441838287629,13731
-0.3466882305725439,-0.951242971618668,-0.29982921898223025,0.7551397436605436,1.2971979670607034,-0.02084845295372739,-1.2778587188319563,13732
-0.42814272410688714,0.39276528972337893,1.1088471900284345,1.2687810821059498,0.6649118207932402,1.3419111397157664,0.8345574243076903,13735
-1.5219203589242727,-0.3565098415904979,0.014223467256370926,0.3542500426265509,0.5222202554964798,1.38527933613509,0.912806474078564,13736
1.0974295479827447,-0.951242971618668,-0.5944301179032764,0.25781621702924146,-0.23716966772977968,-0.13142378134518384,-1.2778587188319563,13737
-0.662107772231435,-0.951242971618668,-0.9505445728716948,-0.3433499616141656,-1.1613066551175502,-1.9114890458877223,-1.2778587188319563,13739
1.2358977276696723,-0.951242971618668,-0.5687488135360148,0.30116950245095797,1.1208689137168035,-0.32855986216469163,-1.2778587188319563,13740
0.34192268478610366,0.06546002950528196,-0.05570683708570048,-0.3073326360704224,-0.8355340936580975,0.004760574858854357,0.6909535817020049,13741
-0.702437870038218,1.794302194169694,1.1685571333282463,-0.10566311462765789,-0.5647892965154873,1.5489923491804716,0.9806972458367789,13742
-1.8243669630413246,1.0821630306292318,0.4991361557020183,-0.5090598209819394,0.5475152737297013,-1.1950730719486045,0.9143466620966694,13743
0.5462231801517399,-0.3565098415904979,0.32673604281094254,0.8812142078516425,1.4600772609671784,0.40406665096392086,0.8113120301567754,13744
0.9411174305704181,-0.951242971618668,-0.6928644071846964,0.09164670408420005,1.2927207317206055,-0.2578461642065392,-1.2778587188319563,13745
1.562604197037004,-0.951242971618668,-1.7434503188951693,-1.681875008017027,-3.1792702177816197,-2.5238496442644585,-1.2778587188319563,13747
0.5539530431791972,0.6601931595334521,0.22273295364948986,-0.5231550012792027,-0.6272434324755685,-0.29249568749523525,0.9467950037688883,13748
0.1307317020707626,0.6601931595334521,0.6626640166243624,0.21710700583977985,-0.448953694167143,-0.4465281173678302,0.953812199383254,13750
1.368291200593255,-0.951242971618668,-0.7029653900048793,0.074594969289861,-0.020718698486951147,-1.1019923666914786,-1.2778587188319563,13751
0.7431217081509497,0.8863002017334407,0.3937653123418969,-0.47976424346498203,-0.06784867964665219,0.5516505149897042,0.6232318909334276,13752
1.368291200593255,-0.951242971618668,0.026628653819821005,1.306241865864118,1.328045036608087,0.02964812480486719,-1.2778587188319563,13753
0.8938912117790716,-0.3565098415904979,-0.7404436121119092,-0.9168263549223346,-0.4090214857335816,-0.9409204605414276,0.741671553492332,13754
-1.6579185856692376,1.4094682908473293,0.8592064523134304,-0.24035971125184583,-0.12770224123977408,1.679507490645336,0.33964373443430285,13755
-2.038956243693276,2.0042014208754995,1.5772126973773943,0.37534423443701903,0.4274827376130364,0.5784237638341764,1.0540221847933684,13756
-0.9451786088758904,1.0821630306292318,1.189483134998963,0.6528596544336762,0.5892419092443295,0.9753291602051491,1.0496808474101464,13758
-0.2280378812240346,-0.3565098415904979,-0.0665222763544406,0.2181370390706454,-0.08444061877699624,-0.29249568749523525,0.15919779849533364,13759
0.1307317020707626,-0.3565098415904979,-0.7287507849750718,-0.8971562383845274,-0.5004081035265852,0.3373595340158314,0.8211643543860943,13760
0.0744087228930169,-0.3565098415904979,0.3194268026547615,0.8688867379735152,0.8088415684882854,0.6044094489104112,0.6450983736451197,13761
1.1648034716087685,-0.951242971618668,-0.6753668209233765,0.12118483970729312,0.6248056936762134,-1.2991284475109868,-1.2778587188319563,13762
0.24377657603468808,-0.951242971618668,0.6947557570880406,2.434124803262615,1.7197939783802343,-0.6867678491342508,-1.2778587188319563,13763
0.33163389949978844,0.06546002950528196,0.5967236503145913,0.7918101958394498,0.761695849920763,1.4661082075503595,0.929427032190964,13764
-2.038956243693276,3.367637679856424,2.5333806913590537,0.6809158877892809,0.27172743434796165,0.41998509241608295,1.0604460291967368,13767
-2.038956243693276,1.5492685361090064,1.0844225453259742,-0.0027413053048935096,-0.31693258565080296,0.6662143359277856,1.0540221847933684,13769
0.25534153803420273,0.39276528972337893,1.0368453823512593,1.1473650901547137,0.9645018480329449,1.0556981411370956,0.7801890356795537,13771
-0.2064153496825682,0.06546002950528196,0.35718905532388084,0.3880662695080647,0.16663865599379057,1.2420131817010367,0.826959926191624,13772
0.43768542024440965,-0.951242971618668,-0.5818892015069079,0.2789868678733917,0.23820312042585934,-0.36615913643588405,-1.2778587188319563,13774
-2.3414028478103273,3.20449276606318,2.8611391221314215,1.3870420656412605,1.027622923183439,0.05385373755105001,1.0615065874880631,13777
0.605929045431119,-0.951242971618668,-1.1042145400406793,-0.6027642753168456,-0.8766384768274477,-1.1019923666914786,-1.2778587188319563,13778
-1.3073310782723213,-0.3565098415904979,-0.5480320236834391,-0.5930256975140443,0.029154222574982094,0.4356217766984145,0.7368829163612763,13780
1.2661012507174547,-0.951242971618668,-1.3694771055156305,-1.0505609895442,-1.80049001290108,-0.5827124735718688,-1.2778587188319563,13781
-0.8898996118236581,0.8863002017334407,0.1889438827246821,-0.823861163344378,-1.0187941646105538,0.9053163346348189,0.9959917129920511,13782
-1.0697884448393309,1.6768961606574022,0.983147377671633,-0.3008536981484515,0.4222161636928022,-1.1019923666914786,1.004647471086801,13784
1.5485486647540225,-0.951242971618668,-0.9026199777179547,-0.2624471919297355,-0.14385948203870827,-1.2991284475109868,-1.2778587188319563,13786
0.38171479114733853,-0.3565098415904979,-0.6693785615977026,-0.7972629212022206,0.09345663238674863,-0.29249568749523525,0.9607069245786084,13787
-1.6579185856692376,-0.951242971618668,-0.5731808921796104,0.2936875939115988,1.7499671354606217,0.24620146194085193,-1.2778587188319563,13790
0.7666173547449812,-0.3565098415904979,0.5965029494888008,1.3362578671315484,1.504543923038389,-1.2991284475109868,0.1892166181336462,13791
0.27794705909668965,-0.3565098415904979,-1.0327576109154135,-1.4081965019312734,-1.3365418751151885,-0.804736104337389,0.8565107233533781,13792
-2.3414028478103273,3.9878808855306476,3.1464294028943574,1.1334377623911231,1.1080782526478101,1.0479823750751505,1.059382616101722,13798
0.7001347059966991,-0.3565098415904979,-0.0317395263151445,0.2767678437208653,0.28901429883878266,-0.04722204126276407,0.7692449085049974,13799
1.4230169091244451,-0.951242971618668,-0.1989784482980735,0.9253885824245128,0.8429368894635905,-0.02084845295372739,-1.2778587188319563,13800
0.28899800354496863,-0.951242971618668,-0.629848482349452,0.19802554436532163,0.09016318803794067,-0.32855986216469163,-1.2778587188319563,13801
0.8276564198554379,0.06546002950528196,1.48099426729762,2.2833829339491105,1.9018666842755168,0.41998509241608295,0.7579889412322696,13802
1.2778483455726946,-0.951242971618668,-0.7561432015095277,-0.015175893096794945,-0.27313504802381544,-0.5827124735718688,-1.2778587188319563,13803
-0.2732593087343148,1.0821630306292318,1.0227883855548057,0.3720450264700891,0.3315554682522632,1.129361590077745,0.9189315227589347,13804
0.10310168753222393,-0.3565098415904979,0.20261804744039286,0.6718967731008858,2.0161607809961164,-1.0177906266090588,0.4381951744305999,13805
0.25534153803420273,-0.951242971618668,-0.8177868322667567,-0.11923812764808558,-1.1214870614728398,-1.0177906266090588,-1.2778587188319563,13806
1.5485486647540225,-0.951242971618668,-1.46984251668262,-1.2199904801403745,-1.603242333605013,-1.2991284475109868,-1.2778587188319563,13807
-1.4069354965926615,0.6601931595334521,0.7098057189015191,0.2965010656856649,0.010889426742844295,0.6296525833243007,0.5085087950342148,13808
1.410927096548075,-0.951242971618668,-1.2167178523695916,-0.7926840761390166,-1.8370450943997028,-0.9409204605414276,-1.2778587188319563,13809
-0.3214002120141793,-0.3565098415904979,0.11427098197299733,0.5229259690807647,-0.00984222098452966,-0.1024556255368702,0.03855441838287629,13810
1.0355557443915884,-0.3565098415904979,-0.2559440653756339,-0.10108524678953212,-1.7478110744974968,-1.5532810589181636,0.31238756749669155,13811
-0.05286513414107354,0.06546002950528196,-0.3110040509390506,-0.7367943244689368,-0.3784762845645497,-0.04722204126276407,0.36514017585093383,13812
-0.0883920916756731,0.39276528972337893,0.389334262489321,0.056200323314417225,-0.14997933327850205,0.3878561117744264,0.5253222995369005,13813
0.5225410289669334,-0.3565098415904979,0.6290041538190823,1.3910885877130417,1.139038840274994,0.0774137897288553,0.22599270900645435,13814
-0.5195948743219904,0.39276528972337893,1.300492124382949,1.5920031295455945,1.5676473522716403,1.1774991554907075,0.971494153842742,13815
-0.45739843875914415,-0.3565098415904979,-0.2872946515399889,-0.15390554408088425,-0.17271066965997373,-0.29249568749523525,0.1892166181336462,13816
-0.3214002120141793,-0.3565098415904979,-0.6196847234753228,-0.7136349441709371,-0.4404272273554374,-0.48963176831474303,1.004647471086801,13817
1.4035780212704345,0.06546002950528196,0.36966399815314144,0.40908842158338676,0.9657557342311239,-0.2245044866023096,-0.11463535061848143,13819
0.858958569555107,-0.3565098415904979,-0.49334921218291455,-0.5009606763270745,-0.7789815234862738,0.35451443417019673,0.6034748878920203,13821
-1.4069354965926615,-0.3565098415904979,-0.1003185023231736,0.16117285113040375,0.7538427741987374,0.8489067773437937,0.12670900239409377,13822
-0.6238468161312312,-0.3565098415904979,0.23059735407101167,0.719079285633143,0.38670685781069886,0.12272883006199294,0.41712043258818987,13823
-0.2280378812240346,0.6601931595334521,0.687277663351393,0.2585588918045768,-0.00912088152146144,0.004760574858854357,0.9453764825814174,13824
1.0025813101137504,-0.951242971618668,-1.0576836937603444,-0.5242143297666898,-0.702545793543983,-1.0177906266090588,-1.2778587188319563,13826
0.1830988212276959,0.06546002950528196,-0.4450252869121407,-0.9620297523150845,-1.3365418751151885,0.7781930793856414,0.4818655959872372,13827
-0.5195948743219904,-0.951242971618668,-0.9781282753330849,-0.38991473529913495,0.7736705096395222,-0.6867678491342508,-1.2778587188319563,13828
-0.7450737659930379,0.8863002017334407,0.892663480835301,0.3597866868216186,-0.24754025508362848,0.46608857510276935,1.0408523744008888,13831
-0.6238468161312312,-0.951242971618668,-2.0746645096594074,-2.241006395682444,-1.8748395646877636,-1.9114890458877223,-1.2778587188319563,13832
0.9272608381757783,-0.951242971618668,-0.4970488044779235,0.4222081737342481,-0.31029949280696056,-0.16137409356206325,-1.2778587188319563,13833
-0.42814272410688714,0.39276528972337893,0.12103591440006037,-0.39534460379539293,-0.3734658037651584,0.302016837212944,0.7970924793348777,13835
1.1406836993454563,-0.3565098415904979,-0.7867715041445518,-0.9947507794297005,-0.5877762985559805,-0.5827124735718688,0.5644689262283344,13837
-1.4069354965926615,0.39276528972337893,-0.04813272930453477,-0.6797849784048471,-0.9836785024226529,1.260483184010916,1.0529413148270375,13838
1.271997922586503,-0.951242971618668,-1.6917490408201212,-1.5945967205515177,-0.4837270426650046,-2.5238496442644585,-1.2778587188319563,13841
0.19563567275482363,1.4094682908473293,1.2367811700133324,0.39511416568820845,0.26358452636472696,1.3250830195164915,0.9871420498775906,13842
-1.0048844741552696,-0.951242971618668,-0.5444843767937233,0.34213093636576974,0.26107223211555536,-0.4465281173678302,-1.2778587188319563,13844
0.26672992881572677,-0.951242971618668,-0.6593107787188943,0.14828946688975853,0.17888965951286112,-1.1019923666914786,-1.2778587188319563,13845
-0.42814272410688714,0.06546002950528196,0.14960978886257692,0.03835725391809684,-0.19947351130934995,0.41998509241608295,1.020235989410288,13846
0.5225410289669334,0.06546002950528196,0.4459780289936242,0.5377012252155751,2.306877512243026,-1.9114890458877223,0.939650908069832,13848
0.10310168753222393,-0.3565098415904979,0.6079561300171901,1.3555796366664035,1.319318337634595,0.9143774355896803,0.6134768835481179,13849
0.772377422803206,-0.951242971618668,0.6372162677270692,2.3369908777574127,2.00910487072549,0.8775617086856059,-1.2778587188319563,13850
0.5539530431791972,0.06546002950528196,1.0419746116443462,1.5426917536551878,1.444199452987561,0.7127224211397556,0.8012077011945085,13851
0.17034765419645906,-0.951242971618668,0.3337962345959438,1.8247795386881487,0.7772379690078435,-0.32855986216469163,-1.2778587188319563,13853
-1.140882700900234,2.811005195293644,1.9330525544940051,0.1962927180241778,-0.577643602907937,0.12272883006199294,1.04418621466031,13854
0.9724822656860589,0.06546002950528196,-0.48747353009439714,-1.0333312065776137,0.06795468268014161,-1.0177906266090588,0.12670900239409377,13856
0.17034765419645906,-0.951242971618668,-0.9532200083818685,-0.34786643467336975,-0.8007704275057291,-0.9409204605414276,-1.2778587188319563,13858
1.4604379269474606,-0.951242971618668,-1.0103206127488051,-0.44425946687574003,-0.20232839148992285,-0.19237550596065342,-1.2778587188319563,13859
-2.3414028478103273,0.6601931595334521,0.4401806703938007,-0.1574245995547514,-0.2990194967297242,0.46608857510276935,0.4818655959872372,13860
-0.662107772231435,1.2549262895616227,0.8966083818996256,-0.019539015916928016,0.34288130323117655,0.9143774355896803,0.9947395479936569,13862
1.2571679091304642,-0.951242971618668,-0.6778059605522098,0.11706726394089134,0.40922944405556677,-0.4465281173678302,-1.2778587188319563,13863
0.1830988212276959,0.39276528972337893,-0.2842907052414194,-1.076400423626818,-1.2238368809047284,-0.2245044866023096,0.8739169627403369,13865
0.3620840501269106,-0.951242971618668,-1.2661410829132842,-0.8761167316452318,-1.1020982231839767,-1.2991284475109868,-1.2778587188319563,13866
-0.2732593087343148,0.06546002950528196,0.26909733985812023,0.23963567408947004,0.08354696623733106,0.35451443417019673,0.7887311571486797,13867
-1.3073310782723213,-0.3565098415904979,1.1899800892665384,2.3376567048716472,2.053056147414086,-0.04722204126276407,0.09130702673711896,13868
0.7371303096188849,0.39276528972337893,1.1623216637402218,1.3589620334000787,1.1267416056182205,1.6870583878818497,0.8773080370058354,13869
-2.038956243693276,1.2549262895616227,1.0771018585206997,0.28429570878286686,0.07438506849077657,0.8585620603175879,0.9565845456816257,13870
-0.48784858938626624,1.903003202857391,1.744739453880145,0.7570436187352496,0.36807853596753604,1.3250830195164915,0.9579634571208487,13871
0.718861842900669,0.06546002950528196,-0.48522513280921326,-1.0295549907314678,-1.3208397831263636,-0.4054300282323229,0.7970924793348777,13873
1.5300791490861363,-0.951242971618668,-0.22486632796355813,0.8816865718081228,0.16663865599379057,-0.5349468086478807,-1.2778587188319563,13874
0.1307317020707626,0.6601931595334521,0.7274494490643687,0.3262186793270908,0.5882778360234855,0.7350894284387285,0.9002639055107705,13875
0.25534153803420273,-0.951242971618668,-1.4019352194265589,-1.1053543854133336,-1.603242333605013,-1.2991284475109868,-1.2778587188319563,13876
0.47279425831351085,-0.951242971618668,-1.4379258178565313,-1.166111061317306,-0.3987464811895209,-1.9114890458877223,-1.2778587188319563,13877
0.1441721577143484,-0.951242971618668,0.45642725448818866,2.0317961890465353,1.2161258013273852,0.02964812480486719,-1.2778587188319563,13878
-0.5527525600703276,1.903003202857391,1.196749185091176,-0.16554748055929597,-0.09847509225999578,1.1364010663552007,1.0318220903460842,13880
-1.6579185856692376,2.497736332885561,2.530559124175401,1.5027955887999362,1.3147093277964452,0.6541944280815882,0.9871420498775906,13881
-1.8243669630413246,0.6601931595334521,0.40436863785496435,-0.2176821230957348,0.23008679678803945,0.40406665096392086,0.3525976072831403,13882
-1.0048844741552696,0.6601931595334521,1.0488639744089405,0.8678097563311108,0.6852104086169054,1.0083591604032482,0.8922176451669513,13883
-1.3073310782723213,0.6601931595334521,0.07491047162526134,-0.7715480240501517,-1.0458763895276026,0.24620146194085193,0.9439528495948398,13884
1.0554482594476617,-0.3565098415904979,-0.2760210121192951,-0.13491188635307264,-0.5877762985559805,-0.16137409356206325,-0.2961771478045446,13885
0.33163389949978844,-0.951242971618668,-0.8585212054896924,-0.18800289455999933,-0.2283567356592486,-0.6332090513304633,-1.2778587188319563,13886
1.1121280552344204,-0.951242971618668,-0.5714733295029802,0.2965701753816347,-0.05775965059743895,-0.48963176831474303,-1.2778587188319563,13887
0.718861842900669,-0.3565098415904979,-0.14744157348959924,0.08175240393137803,-0.21961292533603674,0.10036182276301958,0.5374788810429604,13888
0.530518913644861,-0.951242971618668,-0.43136367343867216,0.5330929712189784,-0.06531784972597772,-0.6867678491342508,-1.2778587188319563,13889
-2.3414028478103273,1.5492685361090064,0.7695821261981001,-0.5321433415672051,-0.6878679859353609,0.6780728978510595,1.0452912719577836,13890
-0.37286372705465515,0.39276528972337893,-0.09909772671083926,-0.7654277446288166,0.5121006994657538,-0.2245044866023096,0.8529355159098748,13892
1.3936652493814496,-0.951242971618668,0.108078765962427,1.443739942630448,0.22659020186326767,-0.4054300282323229,-1.2778587188319563,13893
-0.45739843875914415,0.06546002950528196,-0.19004855874419763,-0.5333828494618741,-0.30089158801982474,-0.2578461642065392,0.9579634571208487,13894
-0.3466882305725439,0.39276528972337893,1.024228034411647,1.1260898240416868,0.8768349656449461,0.9143774355896803,0.6658177589560169,13895
0.0744087228930169,-0.951242971618668,-0.663945584279303,0.14046532970961187,0.2834816318938782,-0.5827124735718688,-1.2778587188319563,13897
1.4604379269474606,-0.951242971618668,-1.2122345545697266,-0.7851157031946937,-0.16854307564279833,-0.8702067625832752,-1.2778587188319563,13898
-0.7450737659930379,-0.3565098415904979,-0.4874325934966653,-0.49099834773945533,-0.7576103239704249,-0.48963176831474303,0.917409140426984,13899
1.0315127799850192,0.06546002950528196,0.02629561358512569,-0.16929404722644947,-0.08572720876546878,0.18662048949877436,0.45329475986215134,13900
0.34192268478610366,0.6601931595334521,1.1043181221345,0.9612883555085113,0.8979690539070349,1.260483184010916,0.8986677105059322,13901
-0.14507188746243174,-0.3565098415904979,-0.6108905226341769,-0.6988338305080147,0.07689124437112457,-0.29249568749523525,0.9158808687870189,13904
0.41949122296488883,0.39276528972337893,0.952390001059444,1.0049647342991799,0.9652543489736171,0.9753291602051491,0.8093117335984669,13908
0.17034765419645906,1.4094682908473293,1.0204819967311445,0.030962037476153614,0.746340933806532,1.1006289894230767,0.9065849639824395,13911
-0.9451786088758904,-0.3565098415904979,-0.10733952740326314,0.1493392510408428,0.22659020186326767,-0.16137409356206325,-0.006216954354261173,13914
0.0744087228930169,-0.3565098415904979,-0.7706968576788863,-0.9677147693532032,-0.3390091506449616,-0.6332090513304633,0.679979050269439,13917
0.0744087228930169,-0.3565098415904979,0.41875701325160947,1.0364216923725464,1.447458239585331,-0.1024556255368702,0.8231056739007375,13918
0.19563567275482363,-0.3565098415904979,-0.5731581006040471,-0.6353226602775285,0.4671557250700389,-0.32855986216469163,0.3589186657548093,13919
1.517507080018957,-0.951242971618668,-1.1333569348839292,-0.6519603186113745,-0.5638005336114014,-1.2991284475109868,-1.2778587188319563,13922
0.1307317020707626,-0.951242971618668,-0.5678879875462625,0.30262268544736914,0.19701737764317123,-0.4465281173678302,-1.2778587188319563,13923
-2.038956243693276,0.8863002017334407,0.7503338820252994,0.12011285496414588,0.5853201648898017,0.8489067773437937,0.4061459011556239,13924
0.530518913644861,0.39276528972337893,-0.04409661298278669,-0.6730015402173819,-0.6925172692355668,-0.16137409356206325,0.20803244687342232,13925
-0.48784858938626624,-0.951242971618668,-0.9255127621229885,-0.3010931034541696,-0.4404272273554374,-0.9409204605414276,-1.2778587188319563,13926
0.3719639973065715,-0.951242971618668,-0.572747963619835,0.29441843200108,0.358546620959264,-0.4054300282323229,-1.2778587188319563,13927
-1.0048844741552696,0.39276528972337893,-0.34524333893938314,-1.1786617858914812,-1.7223765849728252,-0.32855986216469163,0.6232318909334276,13928
0.9724822656860589,-0.3565098415904979,0.12870842454787354,0.5472690782970644,-0.8533310752729578,-1.1950730719486045,0.722158563878236,13929
0.1830988212276959,-0.3565098415904979,-0.5997378501245928,-0.6800625809816575,-0.13575159101930387,-0.6867678491342508,0.44832541476442095,13930
0.5539530431791972,-0.3565098415904979,0.43481089746894835,1.0635005912475197,0.943989914891693,0.4356217766984145,0.786612880082922,13931
1.3861432517885042,-0.951242971618668,-0.6736069770546061,0.12415567843298186,-0.8456689825605147,-0.6332090513304633,-1.2778587188319563,13932
0.6477675868397659,-0.3565098415904979,-0.13010080318640344,0.1109773631372879,-0.4564682249864156,-0.32855986216469163,0.17946161074833644,13933
1.3036218344423172,-0.951242971618668,0.2004617722336572,1.5996941255534374,1.025292537731114,-0.07440725075751485,-1.2778587188319563,13934
1.019250721279904,-0.951242971618668,-0.5122535079326357,0.39654071388882794,0.8395739001825202,-0.2245044866023096,-1.2778587188319563,13936
0.9724822656860589,-0.951242971618668,-1.1975362326560532,-0.7603030793485279,-0.25500732989350533,-1.1019923666914786,-1.2778587188319563,13937
-0.18540198526921478,-0.951242971618668,-1.8261323317079479,-1.8214526887085098,-0.8766384768274477,-1.2991284475109868,-1.2778587188319563,13938
-0.48784858938626624,0.06546002950528196,-0.1845282453034636,-0.5240965854182607,0.6662241577326323,0.2069305701444127,0.9607069245786084,13939
-0.702437870038218,0.39276528972337893,0.12538450750136582,-0.3880298206320511,-0.20232839148992285,0.12272883006199294,0.635874817110362,13940
-0.5195948743219904,0.6601931595334521,1.5653655390440686,1.7387712679251766,1.2394265748591922,-0.29249568749523525,1.0374901606918017,13941
0.41022495340677506,0.06546002950528196,-0.1943592707453815,-0.5406341660964464,-0.0527491697980477,-0.9409204605414276,0.7929339385545909,13946
0.26672992881572677,-0.951242971618668,-1.6414546658482112,-1.5096934632215024,-1.3850203868630266,-1.5532810589181636,-1.2778587188319563,13947
1.5362866060489067,-0.951242971618668,-1.5479378051938255,-1.3518251908894774,-1.4888003926376643,-1.9114890458877223,-1.2778587188319563,13948
-1.8243669630413246,0.8863002017334407,0.9715861769249684,0.49273042329335504,1.0872177934884115,1.129361590077745,0.5085087950342148,13949
-1.0048844741552696,0.39276528972337893,0.03069981765183946,-0.547265791908528,-0.7194631151566316,-0.02084845295372739,0.8806702507149227,13950
1.0025813101137504,0.06546002950528196,-0.048569335563363,-0.29531936287713745,-0.013455935984303228,0.10036182276301958,0.6101709418605287,13951
1.1614051736721587,-0.3565098415904979,1.2044599420751219,2.362092942570675,1.7005124513754173,1.1006289894230767,-0.07509660704497219,13952
-1.3073310782723213,1.0821630306292318,1.2668259309455936,0.7831905550635212,1.0228459454515622,-1.1950730719486045,1.0318220903460842,13953
-2.038956243693276,-0.3565098415904979,-0.3886135308281013,-0.32458110743950924,-0.8007704275057291,-0.29249568749523525,0.400542151507909,13954
0.9035786869909719,-0.3565098415904979,-0.6343638838076944,-0.7383396600634794,-0.7718121733680524,-0.02084845295372739,0.7068640967229638,13955
-1.5219203589242727,0.6601931595334521,0.28025561518091663,-0.4264426596934738,-0.5150697122322326,1.1222655712166019,0.929427032190964,13956
0.41022495340677506,0.06546002950528196,-0.1496225332297882,-0.4653730957416435,-0.297773180108834,0.7350894284387285,0.953812199383254,13959
-0.5527525600703276,-0.3565098415904979,-0.9032403872759186,-1.1905770009076238,-0.8610461932702582,-0.9409204605414276,0.27543937567310756,13960
-0.5195948743219904,-0.3565098415904979,-1.145879611849745,-1.5981225240422052,-1.397476718700437,-0.9409204605414276,0.8600538657243214,13962
1.418204472387306,0.39276528972337893,-0.06035316312394928,-0.7003227436865268,-0.3293568816801894,0.02964812480486719,0.33964373443430285,13963
0.8640502282800625,-0.951242971618668,-1.7326431690678656,-1.663631174122997,-1.435703209959329,-2.1656416572948998,-1.2778587188319563,13967
-1.3073310782723213,2.3509346787324734,2.0182441315030535,0.7807888614446252,0.5380267069204696,2.000281041407156,1.0452912719577836,13969
-0.6238468161312312,1.2549262895616227,1.0734464913314115,0.27814056659239156,0.44097921595365225,1.085904488596606,0.929427032190964,13971
0.33163389949978844,-0.3565098415904979,-1.0545510346848788,-1.4447977667861374,-0.5578863016968904,-0.6867678491342508,0.6511299064708088,13972
1.365705669037795,-0.951242971618668,-0.7924225722261904,-0.07642005309377631,-0.3885653136137629,-0.9409204605414276,-1.2778587188319563,13973
0.059637446009859096,-0.951242971618668,-0.43770356185257003,0.5223904388234692,0.5266885183970197,-0.16137409356206325,-1.2778587188319563,13974
-0.2732593087343148,0.8863002017334407,0.9826456535085023,0.5113621181385946,0.6681897711150887,1.7093314061814773,0.8970650400472426,13975
1.1229649302001223,-0.951242971618668,-0.5525277625902972,0.3285526852298819,-0.006240181982486512,-1.0177906266090588,-1.2778587188319563,13976
-0.7902951935033181,-0.3565098415904979,-1.0277436304036636,-1.3997749817979337,0.018653390451865363,-0.7437843797219198,0.07876445816932527,13978
0.35207148225049756,-0.951242971618668,0.1540254346432124,1.5213037226086352,1.5746369055825566,0.40406665096392086,-1.2778587188319563,13979
0.20796529408005854,-0.951242971618668,-1.0143533806983764,-0.45106728852907463,0.11624227434337994,-0.9409204605414276,-1.2778587188319563,13980
-0.10681093136222787,0.39276528972337893,0.7644899875406115,0.6882178056380976,0.6727627694457535,0.6541944280815882,1.009509781404251,13982
-0.2969414599191216,1.794302194169694,1.0274057325473864,-0.3430257302240973,-0.49947480075020273,0.8585620603175879,1.0225805525306857,13983
-0.37286372705465515,0.6601931595334521,0.199087340954222,-0.5629017865321009,-0.14548816034339485,-0.7437843797219198,1.024911283339804,13984
-1.6579185856692376,2.098866031753182,1.8225865908687267,0.6960096405130577,0.43695890831049067,1.0083591604032482,0.920448060998455,13985
-0.702437870038218,-0.951242971618668,-0.6405402084973725,0.1799765602205551,1.1338775805874615,-0.8702067625832752,-1.2778587188319563,13986
-0.5874530077066066,0.8863002017334407,1.3986452858068934,1.2125127459706204,1.3178572232691201,1.4946090533247598,0.8789927206942685,13988
0.27794705909668965,-0.3565098415904979,0.4529803479380622,1.094148453002081,1.6047112175782623,-0.02084845295372739,0.7602659373124884,13989
1.1441775001446148,-0.951242971618668,-0.6635881026115494,0.1410688039161209,0.22659020186326767,-0.6332090513304633,-1.2778587188319563,13990
-0.9451786088758904,0.8863002017334407,0.13738353073401127,-0.9104102168158069,0.07466381086034417,0.45098650481467234,0.6511299064708088,13991
-0.2969414599191216,-0.951242971618668,-1.7716392398460015,-1.7294614669536508,-0.9750697329937101,-1.5532810589181636,-1.2778587188319563,13992
-0.0357166753013247,1.4094682908473293,1.255565528135965,0.4267506753254,-0.4837270426650046,0.5784237638341764,0.9593375723366822,13993
-1.6579185856692376,0.8863002017334407,0.9196382068396237,0.4052218715360695,0.0033087423610046046,1.1151120940875108,0.6882383976377393,13994
-0.7902951935033181,0.6601931595334521,0.5294831956222233,-0.0071267824708060555,0.14046480747134654,0.41998509241608295,0.8722104472303812,13995
-1.0697884448393309,1.794302194169694,1.3498841081638142,0.19947405384262887,0.20844653605929378,0.9583392212310814,1.0386140810124724,13999
1.13717345707023,-0.951242971618668,-0.0957220240891163,1.09969846818185,1.6919217741105017,-0.6867678491342508,-1.2778587188319563,14000
0.013483028875857768,0.06546002950528196,0.834256545106771,1.1923391996486303,0.8076869023039889,0.004760574858854357,1.0107160654750915,14001
0.8005288809889273,-0.3565098415904979,-0.2408093964953258,-0.07558452150377058,1.1556497966577324,0.283800736212044,-0.039157503193415405,14002
-0.0357166753013247,1.0821630306292318,1.478080948006925,1.1392819940398322,0.9997483802017023,0.9583392212310814,0.8970650400472426,14004
-1.0697884448393309,0.6601931595334521,1.1064056874058597,0.9648075279260693,1.2918231228949184,0.3878561117744264,0.8288730424061476,14005
0.6937863688962194,0.06546002950528196,0.23435581357633606,0.18110651171324027,0.3568168609516088,-0.36615913643588405,0.8093117335984669,14006
1.0899702347522078,-0.3565098415904979,-0.023976571034926907,0.28985381575225366,0.1819314897800293,0.18662048949877436,-0.4563592714905112,14009
1.3420235178529878,-0.951242971618668,-0.6201197379685517,0.21444889365897232,0.036100226984498086,-0.9409204605414276,-1.2778587188319563,14012
0.6545180863675494,0.06546002950528196,-0.3309029678773053,-0.7702468126665483,-0.006240181982486512,-0.1024556255368702,0.741671553492332,14013
0.3913397647791676,-0.951242971618668,-0.2785685247870345,0.7910304807713564,2.154868627383892,0.12272883006199294,-1.2778587188319563,14014
0.11704461884783704,-0.951242971618668,0.196340031175438,1.5927361060550516,0.9905417729877161,-0.4465281173678302,-1.2778587188319563,14015
0.9411174305704181,0.39276528972337893,1.4349411653040955,1.818799413283957,1.3691125443130696,1.3194016520361096,0.8073012573700791,14016
0.02918729538273665,0.06546002950528196,0.5452857354683377,0.7050945598329191,0.8911295839809752,0.0774137897288553,0.5085087950342148,14019
-0.702437870038218,-0.3565098415904979,-0.0868306874419791,0.18390637436115634,0.39175134651397964,0.0774137897288553,0.41167127410905197,14020
0.9083756495481708,0.06546002950528196,-0.100444461831919,-0.382624024648762,-0.9750697329937101,-0.36615913643588405,0.5492725247869225,14021
1.1848744163049514,-0.951242971618668,-0.3884688899153411,0.6055047835862802,1.272347634983759,-0.16137409356206325,-1.2778587188319563,14022
-1.3073310782723213,-0.3565098415904979,-0.1630939526543219,0.05537385738039836,0.11945967946622094,-0.1024556255368702,0.8922176451669513,14023
0.7310903972103813,-0.3565098415904979,-0.6227833297546523,-0.7188499481849145,-0.8007704275057291,-0.6332090513304633,-0.8438434460321748,14024
0.22009442484988165,-0.951242971618668,-1.526403355552581,-1.315472320009344,-1.009911009233567,-1.4170967027141252,-1.2778587188319563,14027
0.24377657603468808,-0.3565098415904979,-0.33996938161786855,-0.24264391619920686,-0.49481997101778535,-0.6867678491342508,0.45820237236717004,14029
-0.662107772231435,1.2549262895616227,0.9487798645663292,0.06826387593643819,0.19551794217667712,1.5918866766816677,1.0352326818275173,14030
-1.3073310782723213,2.426171291971279,2.5364533718062465,1.5816915449767237,0.7506795896388523,1.0932974154082877,1.0540221847933684,14031
-2.038956243693276,1.6768961606574022,1.1338914674658267,-0.047316246092701325,0.19538152980559506,0.3878561117744264,1.0529413148270375,14032
-0.5195948743219904,0.06546002950528196,-0.07932447871662546,-0.3470816668529605,-0.11177582607472476,0.7676127182136949,0.6629235502147713,14034
-0.3214002120141793,0.6601931595334521,0.5488699660674594,0.02550806607614443,-0.0517497702678476,0.16583248100890577,0.9323752378605576,14035
1.3605075636331123,-0.951242971618668,-0.10708544064820054,1.0805155857858975,0.6083503380767865,0.10036182276301958,-1.2778587188319563,14036
1.0025813101137504,-0.3565098415904979,-1.2578674719539078,-1.7859895350121853,-2.0858122423107215,-0.19237550596065342,0.7929339385545909,14037
0.4008421239442265,0.06546002950528196,0.6194922372760953,0.8301965677558888,0.8111473192611576,0.5516505149897042,0.6420477196732038,14038
-0.2280378812240346,-0.951242971618668,-1.2314131303060625,-0.8174915613671978,-0.5757239638606161,-1.4170967027141252,-1.2778587188319563,14039
-0.07041712293760334,1.794302194169694,1.2768824977547582,0.07660078098124387,-0.20519060128105474,1.2725854225592388,0.963431471420636,14040
1.3092303203146483,-0.951242971618668,-1.2896402976847416,-0.9157863742227301,-0.5520032795947103,-0.4054300282323229,-1.2778587188319563,14041
-0.37286372705465515,0.39276528972337893,-0.08236035499999803,-0.7373046408837262,-0.7861972774880905,1.3799733165904309,0.953812199383254,14044
0.6477675868397659,0.39276528972337893,0.6686826346069495,0.5267577127406603,-0.162320751947612,-1.7143529650682148,0.926456659353367,14045
1.3578948635647135,-0.951242971618668,-1.2345939385571687,-0.8228611674436614,1.1670063984430248,-0.804736104337389,-1.2778587188319563,14046
-1.140882700900234,0.6601931595334521,0.47930138591810223,-0.09158998722093624,-0.7833053689889468,-0.36615913643588405,1.0529413148270375,14047
1.410927096548075,-0.951242971618668,-0.4447730291315364,0.5104562851550434,0.6883007227267911,0.7781930793856414,-1.2778587188319563,14048
-0.702437870038218,0.39276528972337893,1.6348584025978927,2.156078856678996,2.0185028619022205,2.036450696298637,0.9780895946116086,14049
-0.25030595595327615,-0.3565098415904979,0.032087825289903775,0.3843665832298432,0.8873714245303714,0.3198649108815007,0.4277983184455203,14050
-2.3414028478103273,2.693599161781352,2.4551297937342627,1.187764990868957,0.058749251817249624,0.3713425543694715,1.0540221847933684,14051
-0.5874530077066066,-0.951242971618668,-0.9201765853328273,-0.2920849630522549,-0.6122790453592394,0.4356217766984145,-1.2778587188319563,14052
0.7431217081509497,-0.3565098415904979,-0.805888345054177,-1.026900822754644,-0.4038721458568141,-2.1656416572948998,0.13783812499523687,14053
0.26672992881572677,-0.951242971618668,-1.6254279193306982,-1.4826382908588016,-1.009911009233567,-1.4170967027141252,-1.2778587188319563,14054
0.6271416153756115,-0.951242971618668,0.00967218067685998,1.2776171975295303,0.3688691956469732,-1.0177906266090588,-1.2778587188319563,14055
-2.3414028478103273,2.693599161781352,1.9372868491343989,0.31531188168015273,0.19623531510581801,1.9625671004347174,0.9524186962584894,14056
-0.45739843875914415,2.2716292906855724,1.7205245040251087,0.3560576685681424,0.6830694385528007,1.4515054023778469,1.0214100102631878,14057
1.312018828634696,-0.951242971618668,-1.0827662112722547,-0.5665567873474379,-0.21093716091886555,-1.1950730719486045,-1.2778587188319563,14059
-1.5219203589242727,2.426171291971279,1.711329568834827,0.1913166459734075,0.6707020847531535,0.8091944917842315,1.0572471637332093,14060
-1.0697884448393309,1.794302194169694,2.1363186299484225,1.5247006865220276,1.22350946990905,0.49553962220406433,1.0419667833944715,14062
-0.3214002120141793,0.6601931595334521,0.4948133352300189,-0.06548282708482638,0.9188667935270602,0.4809368170315517,0.8970650400472426,14064
1.312018828634696,-0.951242971618668,-1.2295937896754254,-0.8144202845928032,-1.3605176400597676,-1.2991284475109868,-1.2778587188319563,14066
0.25534153803420273,-0.3565098415904979,-0.5162330460720708,-0.53949038165506,0.16971405132693512,0.35451443417019673,0.10346360824317884,14067
1.4466241042616665,-0.951242971618668,-0.7889793228020365,-0.07060741316985567,-0.8305009921012262,-0.36615913643588405,-1.2778587188319563,14068
-1.6579185856692376,1.2549262895616227,0.545924359716008,-0.609192551801528,-0.2869269365169816,1.812979380492225,0.9219587998423999,14071
-0.25030595595327615,-0.951242971618668,-1.2374728005627351,-0.8277210501206553,-0.19378559029090436,-0.804736104337389,-1.2778587188319563,14073
-1.5219203589242727,0.06546002950528196,0.21768610307131056,0.15302485847395486,0.5370453423313264,-0.02084845295372739,0.9143466620966694,14075
0.772377422803206,-0.951242971618668,-1.4283415503283132,-1.1499316071989778,-0.7435871189288051,0.2069305701444127,-1.2778587188319563,14076
-0.07041712293760334,0.6601931595334521,-0.2876928478687513,-1.3797624249093452,-1.16944413724238,-0.02084845295372739,0.8773080370058354,14077
0.5987219835012508,0.8863002017334407,0.30343611770720386,-0.631568148197403,-1.2096350315071014,0.2652011103088699,0.9367566993285864,14078
0.7490653659484514,-0.951242971618668,-0.5153846706699112,0.3912549157101342,0.7373536142546729,-0.8702067625832752,-1.2778587188319563,14079
-0.2280378812240346,-0.951242971618668,-2.180267953214769,-2.419278346534289,-1.2900838987664411,-1.7143529650682148,-1.2778587188319563,14080
1.4035780212704345,-0.3565098415904979,0.20004709920749694,0.6675613791972486,0.718741661085247,1.1433848940169402,0.3890904011009562,14081
1.5444836677351161,-0.951242971618668,-1.0886180899687525,-0.5764354977024283,-0.3784762845645497,-0.16137409356206325,-1.2778587188319563,14082
-1.6579185856692376,1.4094682908473293,0.2673600161465476,-1.2338840372571678,-0.7529162955565013,1.3638613271917142,1.056175093261845,14083
-2.038956243693276,2.3509346787324734,1.4495104879789094,-0.17667424969157133,0.1448700125873585,1.819475362690089,1.0551001055883238,14085
-1.8243669630413246,-0.951242971618668,-1.0494813935802207,-0.510367811079858,0.5311389438732397,0.5099049728398658,-1.2778587188319563,14087
-1.0697884448393309,1.903003202857391,3.3909784703319623,3.5339033402350775,2.044209980856361,2.111631665678571,0.9922232482364803,14088
0.17034765419645906,-0.951242971618668,-1.1980351442549064,-0.7611453051418898,-0.16854307564279833,-0.804736104337389,-1.2778587188319563,14089
1.4581533153394213,-0.951242971618668,-1.776573308460348,-1.737790797966946,-0.8456689825605147,-2.5238496442644585,-1.2778587188319563,14090
-1.219473754807221,2.0042014208754995,1.3848741233219526,0.05156951158532924,-0.05346357552661408,1.0784491734795054,1.0374901606918017,14092
-0.9451786088758904,-0.951242971618668,-0.3996470712327156,0.5866346016742736,1.0281401257449203,0.89616133458878,-1.2778587188319563,14093
-1.6579185856692376,2.2716292906855724,3.4335074883513914,3.244731868147478,2.0289135891148247,3.065774420108093,0.533468108256264,14096
-0.14507188746243174,-0.951242971618668,-1.2570609360136533,-0.8607882968203779,-0.4404272273554374,-0.4054300282323229,-1.2778587188319563,14098
-0.7450737659930379,1.6768961606574022,1.1676077139580072,0.009414420925870975,0.2728424090759267,1.3905536777623773,1.0237476367657676,14099
0.8223092635746644,-0.951242971618668,-1.0474955841352263,-0.5070155139211618,-0.992354266839824,-0.29249568749523525,-1.2778587188319563,14100
0.3620840501269106,0.8863002017334407,1.689799502458778,1.7035221299169783,2.2357105109701094,-0.6867678491342508,0.9081495510819382,14101
-1.5219203589242727,0.6601931595334521,0.34521478225865615,-0.317194705680872,-0.0076796012932078194,0.02964812480486719,0.17946161074833644,14102
0.9083756495481708,-0.3565098415904979,-0.9530731764446334,-1.274327273746732,-1.603242333605013,-0.4054300282323229,-0.2961771478045446,14104
1.22970744229283,-0.951242971618668,0.45307472400609006,2.026136694154963,1.8247967208842775,0.6780728978510595,-1.2778587188319563,14105
0.10310168753222393,1.0821630306292318,1.0573854239280251,0.43031705987784363,0.5580942600188755,0.5099049728398658,0.9922232482364803,14107
-0.2732593087343148,-0.3565098415904979,-0.14445412626287535,0.08678716985805494,0.2295047920234372,-0.02084845295372739,0.4061459011556239,14108
0.35207148225049756,-0.951242971618668,-1.274171940156688,-0.8896738330009633,-0.6247353771966503,-1.1019923666914786,-1.2778587188319563,14109
-1.6579185856692376,1.794302194169694,1.6496420109776073,0.7043172921395754,0.30408905970910266,0.8869104689250991,0.9249630555846239,14110
-0.8384360967831825,0.39276528972337893,-0.027141627845837606,-0.6445039185207831,-0.3341725699514149,-1.0177906266090588,0.8670462204089304,14111
-0.48784858938626624,1.0821630306292318,1.1175363840622246,0.5316429332544695,0.4664835332490845,1.0784491734795054,0.909707966224177,14112
-1.6579185856692376,0.39276528972337893,0.7510139187457466,0.6655051913356702,0.20448445245304808,-0.2245044866023096,1.0386140810124724,14113
1.331251848980856,-0.3565098415904979,-0.49151612037218584,-0.49787415957501785,-1.2346082700249934,-0.6867678491342508,0.31937992218130024,14114
-0.5874530077066066,0.6601931595334521,0.5231990351706316,-0.017704781227350103,-0.10076118360388184,0.5099049728398658,0.5492725247869225,14116
0.8538319163375493,-0.951242971618668,-1.6466940760012978,-1.5185382493180284,-0.8456689825605147,-1.9114890458877223,-1.2778587188319563,14117
-1.6579185856692376,0.39276528972337893,1.079746432212868,1.219707308331132,1.3463655182255605,1.28452411233151,0.31937992218130024,14121
0.45544638091705564,-0.951242971618668,-0.42626715121722875,0.5416965444395826,2.6093060150117062,-1.7143529650682148,-1.2778587188319563,14124
-1.0048844741552696,0.06546002950528196,1.0624988562282662,1.5773134985780164,1.3927725949006877,1.3474500268154646,0.3890904011009562,14125
-1.219473754807221,0.06546002950528196,-0.012026580747961839,-0.23380859884662883,0.09892417694707459,-0.7437843797219198,-0.8438434460321748,14126
0.7371303096188849,0.06546002950528196,-0.008000457343826208,-0.22703111469586643,-0.4090214857335816,0.12272883006199294,0.790838136683051,14127
0.22009442484988165,-0.3565098415904979,-0.09342119796126212,0.1727980859631088,0.6649118207932402,0.14454350874121646,0.8073012573700791,14128
-2.038956243693276,0.6601931595334521,0.3580613125007626,-0.29558560441004705,-0.29715054390092743,-0.07440725075751485,0.9189315227589347,14129
1.4442967229447816,-0.951242971618668,-0.3177418999285904,0.7249008757810106,0.5618041805849218,0.5784237638341764,-1.2778587188319563,14130
-2.038956243693276,1.6768961606574022,1.28261743272906,0.20298485126035215,0.7563199919455428,0.9410161250555489,0.7780243303934746,14132
0.7780933519752427,0.06546002950528196,-0.13422989708699387,-0.43947459477491435,-0.31978746583137585,-0.2578461642065392,0.7887311571486797,14133
-2.038956243693276,2.098866031753182,1.4965920810850701,0.14703436477824053,0.5603629003566681,0.89616133458878,1.0604460291967368,14135
-2.038956243693276,-0.3565098415904979,0.23740429948658098,0.7305583461418169,0.7336559985887237,0.14454350874121646,0.3589186657548093,14138
0.013483028875857768,-0.951242971618668,-0.4334267414043085,0.5296102519193835,1.3236902259875385,-0.2245044866023096,-1.2778587188319563,14139
-1.6579185856692376,-0.3565098415904979,0.21156866857215956,0.686990336475987,1.0686330841234684,0.49553962220406433,0.03855441838287629,14140
-1.8243669630413246,0.39276528972337893,0.19441909813302202,-0.2718879864442554,-0.6153801046641455,-0.19237550596065342,0.5531267770778089,14141
1.5606124065159652,-0.951242971618668,-0.6622872018043996,0.14326488878747995,0.7807940489011167,-0.36615913643588405,-1.2778587188319563,14142
0.8005288809889273,-0.951242971618668,-1.4476949617083208,-1.1826026100204294,-1.80049001290108,-1.2991284475109868,-1.2778587188319563,14143
0.02918729538273665,0.39276528972337893,1.316593733099664,1.6191626903434417,0.22073806190907697,-1.4170967027141252,0.7533951949810819,14145
-1.140882700900234,0.6601931595334521,1.406873212921202,1.471447527859974,1.2732610558470474,1.4709226586943238,1.0352326818275173,14146
0.4008421239442265,-0.3565098415904979,-0.3136331075966477,-0.19827807807025077,-1.1613066551175502,-1.7143529650682148,0.8307769387477173,14147
1.2140031757859513,-0.951242971618668,-1.2058084664025452,-0.7742676547282741,-2.470250796567878,-1.9114890458877223,-1.2778587188319563,14148
1.1715539711365526,-0.951242971618668,-0.37658987856076825,0.6255580551186687,0.3790970664799492,-0.16137409356206325,-1.2778587188319563,14149
-0.16496440251850533,-0.3565098415904979,-0.06745237872255776,0.21656928409456735,0.5222202554964798,-0.32855986216469163,1.0070861067701522,14150
0.3719639973065715,-0.3565098415904979,-0.11392311860690654,0.13824307533198787,0.9223119798941245,0.283800736212044,0.7246510499143011,14152
1.22970744229283,-0.3565098415904979,0.5015197393710854,1.1760263848668493,0.4505692114449217,0.3713425543694715,-1.2778587188319563,14154
1.3092303203146483,-0.951242971618668,-1.4278087555819288,-1.149032182373008,-1.9965782224085158,-1.4170967027141252,-1.2778587188319563,14155
-1.0697884448393309,3.9364092051052917,4.062387958417181,2.7263565576038755,2.127972277605099,2.6700701310218395,1.0496808474101464,14156
-0.5874530077066066,-0.3565098415904979,-0.4162644106656537,-0.3711518104198306,-0.14793564782757387,0.24620146194085193,0.9279446374825362,14157
-0.0883920916756731,-0.951242971618668,-0.2746719292762903,0.797608426148836,1.798033879234901,0.16583248100890577,-1.2778587188319563,14158
-0.5874530077066066,1.6768961606574022,1.4859284642176003,0.5453570730762461,1.0394582950523577,2.3558479214813843,1.0295318942148675,14159
1.1545617760675477,0.06546002950528196,0.3392429806301333,0.3578254661235617,-0.035387727249114306,0.819291168521149,0.712028323544415,14161
0.9941047972275256,-0.3565098415904979,-0.7216627506659099,-0.8852319914316573,-0.8610461932702582,-0.2578461642065392,0.6101709418605287,14162
0.48131920946767887,0.39276528972337893,0.9776663612089889,1.047581336166376,0.4055071364195775,0.05385373755105001,0.7068640967229638,14163
0.33163389949978844,-0.3565098415904979,0.6551361000040936,1.4351751649635807,1.3377816059321779,-0.16137409356206325,-0.3305516645566027,14164
1.3366571270314798,-0.951242971618668,-1.4166358823335838,-1.1301709611519533,-1.1817628272373688,-0.32855986216469163,-1.2778587188319563,14165
-0.10681093136222787,0.39276528972337893,-0.19291506007283143,-0.9230119078202569,-1.5808704102566888,-0.19237550596065342,0.96478673081582,14167
0.5691765329327786,-0.951242971618668,-0.5397276072398216,0.35016096417146486,0.08354696623733106,0.45098650481467234,-1.2778587188319563,14171
-1.0048844741552696,0.39276528972337893,-0.36910880129617446,-1.2186878849471832,-1.5589386189918777,-0.16137409356206325,0.8326717036568722,14173
-0.2280378812240346,-0.951242971618668,-1.3295303024246348,-0.983125740488207,-0.5520032795947103,-0.2245044866023096,-1.2778587188319563,14174
0.20796529408005854,0.06546002950528196,1.197375208612732,1.8048479909377133,1.3127281897666354,1.2294817716123259,0.933841130920051,14175
1.3911663354633619,0.39276528972337893,-0.17292469929724055,-0.889442124853042,-1.1973551107945584,-0.16137409356206325,0.4061459011556239,14176
0.47279425831351085,0.39276528972337893,-0.21170868304979334,-0.954567948323073,-1.2238368809047284,0.0774137897288553,0.5170049875692359,14177
-1.140882700900234,1.0821630306292318,0.6295791414811769,-0.2897596420793362,0.3540932324755153,1.5039086086519053,0.7602659373124884,14178
-0.07041712293760334,-0.3565098415904979,-0.017184446269584628,0.3013034138757612,0.03263263444924513,1.2038727437997445,-0.2961771478045446,14179
-1.0048844741552696,2.811005195293644,1.5064236602961856,-0.5211036885032823,-1.8459996011864415,1.040198627819796,1.0496808474101464,14180
0.28899800354496863,-0.951242971618668,-0.36549980690657313,0.6442794967906315,-0.21961292533603674,-0.29249568749523525,-1.2778587188319563,14184
1.4717571897824155,-0.951242971618668,-1.024284618774051,-0.46783247275525447,-3.4594431073144936,-1.9114890458877223,-1.2778587188319563,14185
-0.2732593087343148,0.8863002017334407,0.8386440338825386,0.26880902404099793,0.24778899291038337,0.004760574858854357,0.9482084497355389,14188
-2.038956243693276,2.098866031753182,1.4904111063638223,0.13663126478049065,0.5851791274930324,1.4366571604490637,1.0551001055883238,14189
-2.038956243693276,1.903003202857391,1.4956483326750987,0.3374691784173186,0.6636990601609649,1.266555026458324,0.8511357053879716,14191
0.29988761456406465,-0.3565098415904979,0.13879381028490062,0.5642744532949103,0.4017723587179712,0.02964812480486719,0.8192134480695467,14193
-1.5219203589242727,2.5659715372329566,2.2010131331910716,0.8816948574154795,0.6494225732727135,1.8097133893474062,0.9806972458367789,14194
1.1048150054141253,-0.3565098415904979,0.2745543457440199,0.7932090061973184,0.9964093133812152,-1.2991284475109868,0.27543937567310756,14195
0.6340805036168403,-0.951242971618668,-0.6040380546353351,0.2415968063053166,-0.09607373408590039,-1.4170967027141252,-1.2778587188319563,14196
-0.662107772231435,0.39276528972337893,-0.017377381807257994,-0.6280911689772661,-0.838059191229765,0.02964812480486719,0.8565107233533781,14198
1.1614051736721587,-0.951242971618668,-1.075029928056422,-0.5534969641561053,-1.8748395646877636,-2.1656416572948998,-1.2778587188319563,14199
0.20796529408005854,1.0821630306292318,0.03323910449205553,-1.2908076938923427,-0.6722599215303872,-0.04722204126276407,0.9754646166731504,14201
-2.038956243693276,-0.951242971618668,-1.2397308103371973,-0.8315328558154658,-0.8456689825605147,0.05385373755105001,-1.2778587188319563,14204
-0.702437870038218,-0.3565098415904979,-0.3416041600124161,-0.24539774661331143,-0.4618669285212062,-0.32855986216469163,0.9002639055107705,14205
1.22970744229283,-0.951242971618668,-0.6216683813282795,0.21183458806800262,0.6410216901461471,-0.4465281173678302,-1.2778587188319563,14206
0.5462231801517399,-0.951242971618668,-1.2338105951846654,-0.821538784891526,-0.3390091506449616,-1.0177906266090588,-1.2778587188319563,14208
-1.0048844741552696,0.8863002017334407,0.8460070570791649,0.2812087117657416,-0.32775626388724655,0.41998509241608295,1.0034224849076023,14209
0.6271416153756115,0.8863002017334407,0.7788466158309377,0.1681177973480029,-0.22251991551323935,0.5784237638341764,0.9279446374825362,14210
0.11704461884783704,1.4094682908473293,0.9079753491771043,-0.15833346673175314,-0.12770224123977408,0.819291168521149,0.8905885388325661,14211
0.5063246271107786,-0.951242971618668,0.31930032006079284,1.800308604061777,2.2308864874270777,-1.1019923666914786,-1.2778587188319563,14212
-0.2732593087343148,0.6601931595334521,0.2685345125458935,-0.4461515213794444,-0.03391210810412194,0.5516505149897042,0.8986677105059322,14214
-0.9451786088758904,0.8863002017334407,0.728755006069507,0.08378505991300529,0.42073110938864666,0.9233465440835307,1.04418621466031,14215
-1.8243669630413246,0.39276528972337893,0.7505288563175516,0.664687676972821,-0.04651757111709809,0.283800736212044,0.12670900239409377,14216
-2.038956243693276,2.2716292906855724,0.8192560122227074,-1.158166744957319,-1.4744973156018566,0.7239767083482843,1.0529413148270375,14217
-0.0357166753013247,-0.951242971618668,-1.1462069041724745,-0.6736526897721158,0.036100226984498086,-0.8702067625832752,-1.2778587188319563,14218
-1.6579185856692376,-0.951242971618668,-1.6472199157756306,-1.5194259332727342,-0.7576103239704249,-1.2991284475109868,-1.2778587188319563,14219
1.2541661943878881,-0.3565098415904979,-0.09981486319780242,0.16202171698879916,-0.14385948203870827,-0.4054300282323229,0.582677574239563,14220
-0.05286513414107354,1.4094682908473293,1.2478113881632449,0.41369098639626634,0.5016351022314773,1.1222655712166019,0.971494153842742,14221
1.0067837161975963,-0.951242971618668,-0.03834264177177576,1.196562112775254,1.5174535970056326,0.16583248100890577,-1.2778587188319563,14222
0.5225410289669334,0.06546002950528196,0.25795748481396014,0.22086776224899662,0.255398784241134,0.3373595340158314,0.7556987451010523,14223
0.6545180863675494,0.39276528972337893,0.2727657844553781,-0.1400401022673406,-0.2754218798026651,0.9837031527462071,0.8345574243076903,14224
-0.3214002120141793,0.6601931595334521,0.8985645414610627,0.6145020881442866,0.5712701819678881,0.5516505149897042,0.8889526866970197,14226
-0.3999912659211662,1.5492685361090064,1.2285796498531218,0.23989999318250077,0.17888965951286112,1.0784491734795054,0.917409140426984,14227
0.10310168753222393,0.06546002950528196,0.61273379461218,0.8188021203140349,0.3018180666620608,-0.13142378134518384,0.9510202603690175,14229
1.0355557443915884,0.06546002950528196,0.20357356729707268,0.12925197018482562,-0.1411502945540955,0.283800736212044,0.5607242751938752,14231
-0.0357166753013247,0.6601931595334521,0.8362004430379782,0.5094209247080865,1.0201484778934728,0.7569041071179524,0.8565107233533781,14232
0.059637446009859096,0.39276528972337893,0.5679980409357788,0.3571160348193893,0.10327898756762396,-0.1024556255368702,0.9323752378605576,14233
-0.5195948743219904,0.39276528972337893,0.040323273499511966,-0.5310848573867888,0.4753573497742865,1.1151120940875108,0.13783812499523687,14234
0.3719639973065715,0.6601931595334521,1.1779871222928966,1.0854854883799914,1.030412970775342,0.5651385571139715,0.786612880082922,14235
0.4286437930933301,-0.3565098415904979,-0.30144848330714363,-0.17775094752854875,0.0009291681357348864,-0.6867678491342508,0.96478673081582,14236
1.5606124065159652,-0.951242971618668,-1.186884463062594,-0.742321546914362,-1.5445535148718397,-1.1019923666914786,-1.2778587188319563,14237
1.4604379269474606,-0.951242971618668,-1.2597525682426105,-0.8653321119865975,-0.3684777412993455,-1.1950730719486045,-1.2778587188319563,14238
-0.0357166753013247,1.6768961606574022,0.9561813750975113,-0.34618856468492154,-0.5966242029455888,0.7781930793856414,0.9382064540794413,14239
-0.2969414599191216,-0.3565098415904979,0.17254838117913796,0.6211912060060893,0.3323141141483499,0.0774137897288553,0.8073012573700791,14240
1.0355557443915884,-0.951242971618668,-0.9623396759813769,-0.363261585431237,-0.06531784972597772,-1.0177906266090588,-1.2778587188319563,14241
1.2171705907657024,-0.3565098415904979,-0.7462275336253245,-0.9265559128955205,-1.0187941646105538,-0.804736104337389,0.5085087950342148,14242
-1.140882700900234,1.5492685361090064,1.0229053771402927,-0.10624388915576294,-0.26312834590306483,0.9322255092582371,1.0452912719577836,14243
1.1681863577104021,-0.3565098415904979,0.6846987227413276,1.4850506188948358,1.2746297854250899,1.0002167101511623,0.21711463367102732,14245
0.661208042483351,0.06546002950528196,0.5741509215956299,0.7537554526936928,0.6083503380767865,0.45098650481467234,0.6629235502147713,14246
1.3420235178529878,-0.951242971618668,-1.3160492343229508,-0.9603679948206248,-1.3130709008069348,-0.48963176831474303,-1.2778587188319563,14247
1.4419620571674556,-0.951242971618668,-0.6861658060345711,0.10295478888529086,-0.4618669285212062,-1.1950730719486045,-1.2778587188319563,14248
-1.3073310782723213,0.06546002950528196,0.7780978550986426,1.0976322440641637,1.0534463091944573,0.8869104689250991,0.467838404378517,14250
-2.038956243693276,0.6601931595334521,1.1077851417615479,0.9671329892912561,0.8556245208198837,0.0774137897288553,0.31238756749669155,14251
1.292276747199566,-0.3565098415904979,0.24002213104804052,0.7349730180535923,0.3216458021028456,0.35451443417019673,0.5607242751938752,14256
0.25534153803420273,0.6601931595334521,1.166464345073645,1.0660584661303762,0.8609237826162655,0.8292737560736217,0.911260257911955,14257
-1.140882700900234,1.4094682908473293,2.2887522973117838,2.168648235525262,1.8092240399417767,0.46608857510276935,1.0119186774426234,14258
0.8434716788641091,-0.951242971618668,-1.4195297537829084,-1.1350561816657625,-0.9084929325230912,-1.5532810589181636,-1.2778587188319563,14259
0.0888931606621161,-0.3565098415904979,0.38563879088712044,0.9805609391257536,0.29999793548015957,0.3713425543694715,0.03855441838287629,14261
-1.219473754807221,1.2549262895616227,1.0319234423774648,0.20822648125251306,0.314251665190582,0.819291168521149,0.8756161383759573,14262
0.9083756495481708,-0.3565098415904979,-0.6077186940899175,-0.6934953522384513,-1.6337875347740454,-0.6867678491342508,0.5041911812796596,14264
0.6477675868397659,-0.3565098415904979,-0.24013369452340247,-0.07444599553003477,0.07019554795980418,-0.07440725075751485,0.17946161074833644,14265
0.9456796778623334,0.06546002950528196,0.5966290717273494,0.7916507454109184,0.14591631027211602,-0.2578461642065392,0.533468108256264,14267
1.4740005752536045,-0.951242971618668,-0.2985523214450449,0.7572953079804952,0.2667169535485704,-0.13142378134518384,-1.2778587188319563,14270
1.1881676892346311,-0.951242971618668,-1.471810021634145,-1.2233118770021647,-0.6247353771966503,-1.0177906266090588,-1.2778587188319563,14271
0.3620840501269106,-0.3565098415904979,-0.39216545512275536,-0.33056360578448263,0.7318025815346016,-0.02084845295372739,0.7758476982963317,14272
0.0888931606621161,0.39276528972337893,-0.19662998295255943,-0.9292498845044662,-0.9412844171465856,-0.36615913643588405,0.7970924793348777,14273
0.5766733307788626,0.06546002950528196,0.35513584242019847,0.3846063531966048,0.5222202554964798,0.3713425543694715,0.7991554486507155,14276
-0.7902951935033181,0.06546002950528196,1.399421231130264,2.1457403534168935,1.6072516594704784,1.5222191003359993,0.8113120301567754,14277
1.0862124177017818,-0.951242971618668,-1.3320060862830136,-0.9873051763423923,-1.2026013797763975,-1.1950730719486045,-1.2778587188319563,14280
-1.8243669630413246,2.098866031753182,1.307864685999802,-0.17049220176949545,0.14842342549953694,0.6296525833243007,1.0529413148270375,14282
-0.2732593087343148,-0.3565098415904979,-0.14800296823793802,0.08080628491369744,-0.7228776051191612,-0.29249568749523525,0.31238756749669155,14284
-0.5527525600703276,0.39276528972337893,0.7805882130536536,0.7153506161784928,-0.14997933327850205,-0.5349468086478807,0.7171259133198687,14285
-0.45739843875914415,0.06546002950528196,1.4860610721988916,2.2919326354437435,2.48409250423875,1.6327944287274554,0.8529355159098748,14286
-1.219473754807221,0.06546002950528196,-1.1134516493162754,-2.081885410568573,-0.6373324615247817,-1.1019923666914786,0.7970924793348777,14287
1.1441775001446148,-0.951242971618668,-0.4130697214800768,0.5639754727231931,0.21485503980689688,-0.6332090513304633,-1.2778587188319563,14288
-1.140882700900234,0.8863002017334407,0.1910441031360684,-0.8203350776022881,-1.2750183978591692,-0.02084845295372739,0.9496168566684423,14289
-1.0048844741552696,0.6601931595334521,0.9337089308946616,0.6737256666828753,0.18496504294780686,0.8391448040011109,1.0374901606918017,14290
-2.038956243693276,1.6768961606574022,1.3460836528499867,0.3098375093164044,0.53073509308046,1.266555026458324,0.939650908069832,14291
-1.219473754807221,1.4094682908473293,1.5268748633097105,0.8838611736189466,0.1956846457435336,0.5516505149897042,0.9425240678339961,14292
-1.8243669630413246,0.39276528972337893,0.30130038969733247,-0.09201012379858572,0.14957063839033727,0.35451443417019673,1.0540221847933684,14293
-0.0883920916756731,-0.951242971618668,-1.1616955168904743,-0.699799424312822,-0.6760009656492845,-1.5532810589181636,-1.2778587188319563,14295
-0.662107772231435,0.39276528972337893,0.4773020919773032,0.2043414448636628,0.3701528228484036,0.302016837212944,0.9158808687870189,14297
-1.219473754807221,3.6156375520276196,3.4071630392353347,1.9210806032680523,2.387560682101638,2.8585144380220435,1.0397348129024189,14298
-1.219473754807221,1.4094682908473293,1.362813715731513,0.6074091618750548,0.4801462018291207,0.8869104689250991,1.0452912719577836,14299
-0.6238468161312312,-0.951242971618668,-2.2224237127787236,-2.4904425931165304,-1.7307904369956801,-1.9114890458877223,-1.2778587188319563,14300
0.7001347059966991,-0.951242971618668,-0.09013156766241547,1.109135864726762,1.5156184853134391,-0.804736104337389,-1.2778587188319563,14301
1.1782439272523542,-0.951242971618668,-0.49787788107305775,0.4208085877260257,-0.11971059338832668,-0.5827124735718688,-1.2778587188319563,14304
0.33163389949978844,0.06546002950528196,0.7590008518158747,1.0654283076848812,0.9455223276433241,0.9053163346348189,0.3712652245313046,14305
0.0888931606621161,-0.3565098415904979,0.8536149183479089,1.7700509193115441,1.3821272858801046,-0.02084845295372739,0.12670900239409377,14306
0.49808227687187545,0.8863002017334407,1.139265010384684,0.775268823940261,0.8825208145520325,1.296303614824912,0.9552008044201479,14307
-1.219473754807221,1.4094682908473293,0.9466452058915877,-0.09328043966429732,0.17550008529548833,0.6780728978510595,1.0374901606918017,14309
1.242037063618065,-0.951242971618668,-0.6662475159995941,0.13657937822272784,-0.06531784972597772,-0.4465281173678302,-1.2778587188319563,14311
0.02918729538273665,0.8863002017334407,0.6452210653284283,-0.05681689455720967,0.094552288594132,0.6780728978510595,0.963431471420636,14312
0.6340805036168403,-0.951242971618668,-1.4195297537829084,-1.1350561816657625,0.718741661085247,-1.1950730719486045,-1.2778587188319563,14314
-0.0025589895529871606,0.8863002017334407,0.9890600606181257,0.5221685911517502,0.10436503743556813,0.5516505149897042,0.8565107233533781,14315
0.26672992881572677,-0.951242971618668,-0.27323124721346675,0.8000404794346946,0.5531284161677505,-0.29249568749523525,-1.2778587188319563,14317
1.1229649302001223,-0.3565098415904979,-0.32292033681237736,-0.21392360636665714,0.05327822634715569,-0.13142378134518384,0.635874817110362,14320
-1.0048844741552696,0.6601931595334521,0.6042173814425138,0.11868951555466736,1.2590182356493846,1.0323456907928181,1.004647471086801,14321
0.6873835389654623,-0.3565098415904979,-0.13499251149525363,0.10273310306609619,0.13540887997900455,-0.04722204126276407,0.6264307563969554,14323
1.2389737118509432,-0.951242971618668,-1.081687227877158,-0.5647353270966667,-0.45109553940094166,-1.1950730719486045,-1.2778587188319563,14326
0.9456796778623334,-0.951242971618668,-0.662695099083888,0.14257630666067234,-0.11971059338832668,-0.8702067625832752,-1.2778587188319563,14327
-0.702437870038218,1.0821630306292318,1.5436007447263722,1.2497488671856898,1.1619732968861527,1.6247630134278834,0.9922232482364803,14329
0.7431217081509497,-0.3565098415904979,-0.3485208269641586,-0.25704893398764067,-0.2283567356592486,-0.19237550596065342,-0.3305516645566027,14331
-0.48784858938626624,0.06546002950528196,0.12639925050399947,-0.0007334669907114081,-0.003845272143578047,-0.36615913643588405,0.6327518148686244,14332
0.29988761456406465,-0.951242971618668,-0.43461351178394303,0.5276068336247923,-1.0830408343107478,-0.6867678491342508,-1.2778587188319563,14333
-0.702437870038218,1.2549262895616227,1.0115701813904343,0.17396036256180375,0.37079408263098373,0.9233465440835307,1.0272283440948966,14334
-0.7450737659930379,-0.3565098415904979,-0.3620469768949534,-0.27983322418050677,0.21190184575869295,0.41998509241608295,0.45820237236717004,14335
-0.702437870038218,0.39276528972337893,0.6468607781899632,0.4899870033788109,1.1588160302579795,0.7127224211397556,0.9189315227589347,14336
0.9365271077338915,-0.3565098415904979,-0.15745881019949218,0.06487051515297867,0.08685998532124858,-0.1024556255368702,0.13783812499523687,14338
1.242037063618065,-0.951242971618668,-0.6681452071545709,0.13337583586726792,0.09016318803794067,-0.7437843797219198,-1.2778587188319563,14339
1.1648034716087685,-0.951242971618668,-1.328119013000588,-0.9807433056890094,-1.0830408343107478,-1.4170967027141252,-1.2778587188319563,14340
-0.0025589895529871606,1.2549262895616227,0.8811737815147599,-0.04551151703594371,0.133030997595919,1.0164272493406568,0.939650908069832,14341
-0.5527525600703276,0.39276528972337893,-0.05555202802440991,-0.6922540823850534,-0.6405040997984865,-0.5349468086478807,0.7929339385545909,14342
0.7608124608036914,1.2549262895616227,0.17218157155272346,-1.2361853261357907,-1.0527510059755611,0.4356217766984145,0.8905885388325661,14344
-0.10681093136222787,-0.951242971618668,-1.4956617849757514,-1.2635766660943462,-1.2454847475274144,-1.4170967027141252,-1.2778587188319563,14345
0.7250011788490618,-0.3565098415904979,0.2820586580109069,0.805864798363494,0.742877143809652,0.41998509241608295,0.7670192252870739,14346
1.292276747199566,-0.951242971618668,-0.44547178475805965,0.5092766974018874,0.18496504294780686,-0.5349468086478807,-1.2778587188319563,14348
-1.0697884448393309,-0.951242971618668,-1.335200575849108,-0.9926978782065595,-0.6500735156473001,-0.07440725075751485,-1.2778587188319563,14349
1.331251848980856,-0.951242971618668,-0.7395164503280234,0.012892162921672813,0.18496504294780686,-0.5349468086478807,-1.2778587188319563,14350
0.9547213050134129,-0.951242971618668,-2.0928537558297062,-2.2717121405912617,-2.769319563912303,-2.5238496442644585,-1.2778587188319563,14351
0.9178780087132298,0.39276528972337893,0.32558523232746983,-0.05112955075100011,-0.15613296491699558,0.22678420562437498,0.6034748878920203,14352
1.1511163883858435,-0.951242971618668,-1.6414546658482112,-1.5096934632215024,-0.9750697329937101,-1.4170967027141252,-1.2778587188319563,14353
-1.4069354965926615,-0.3565098415904979,-1.1740936488982492,-1.6454688023462682,-0.42986003827261077,-1.1019923666914786,-0.006216954354261173,14354
1.546518935319535,-0.951242971618668,-1.1235239662764112,-0.6353610256592634,-0.5757239638606161,-0.9409204605414276,-1.2778587188319563,14355
0.41949122296488883,-0.3565098415904979,-0.017570364046258252,0.30065286211001524,-0.12369925632394049,-0.02084845295372739,-1.0040255697181413,14356
-0.0357166753013247,-0.951242971618668,-0.9210223358106007,-0.29351269668034924,-0.05775965059743895,0.12272883006199294,-1.2778587188319563,14357
-0.6238468161312312,0.06546002950528196,0.19184772299137481,0.10950020670640925,-0.24902967427815126,0.22678420562437498,0.39485776960636626,14359
-0.25030595595327615,0.39276528972337893,0.8629664025513675,0.8542083029983031,0.6756926794141045,0.9753291602051491,0.3589186657548093,14360
-0.5195948743219904,-0.951242971618668,-1.2350643142881779,-0.8236552210879104,-0.5287768123827928,0.0774137897288553,-1.2778587188319563,14362
0.6477675868397659,1.2549262895616227,1.3112833078216417,0.6787604109089782,0.5126653133554,0.5099049728398658,0.5531267770778089,14364
-1.219473754807221,2.1877897649392297,2.0360340919563975,0.9689950123770732,0.6435342675028658,1.812979380492225,0.9309038852239986,14367
1.4466241042616665,-0.951242971618668,-1.2169733437061634,-0.7931153777847105,-1.603242333605013,-1.1950730719486045,-1.2778587188319563,14368
1.3861432517885042,-0.951242971618668,-1.5596337710725672,-1.3715694585392988,-1.6651932763959008,-1.7143529650682148,-1.2778587188319563,14371
1.5300791490861363,-0.951242971618668,-1.7742052565733424,-1.7337932272874106,-2.4065288762778327,-1.7143529650682148,-1.2778587188319563,14373
1.0395769137359367,-0.951242971618668,-0.8850371415815853,-0.23276514375016427,0.19100749731358085,0.45098650481467234,-1.2778587188319563,14375
1.0632590649207432,-0.3565098415904979,-0.11937387980672057,0.12905631538247453,-0.38350938612142094,-0.9409204605414276,0.4061459011556239,14377
-0.018953607897127814,-0.3565098415904979,-0.5747779237517318,-0.6380493237187329,-0.06531784972597772,0.12272883006199294,0.9065849639824395,14379
0.10310168753222393,-0.951242971618668,-1.0043485944955126,-0.43417794577478136,-0.06531784972597772,0.4356217766984145,-1.2778587188319563,14381
-0.3999912659211662,-0.951242971618668,-0.1213887636791549,1.0563697699436745,2.304768088527058,1.1079002205808004,-1.2778587188319563,14382
-0.12569611998983565,0.06546002950528196,0.4413243654027975,0.5298577793838392,0.6261660722480398,0.3198649108815007,0.6327518148686244,14383
-1.140882700900234,0.06546002950528196,-1.006582862306995,-1.9033585700403273,-1.1817628272373688,-0.804736104337389,-0.20802256379332715,14385
1.3911663354633619,-0.951242971618668,-1.2841171091430041,-0.9064625343638348,-1.1613066551175502,-1.2991284475109868,-1.2778587188319563,14386
-0.2280378812240346,0.06546002950528196,0.7006069662957258,0.9669619075440834,0.5958474395385367,1.1364010663552007,0.4381951744305999,14387
-1.0697884448393309,1.2549262895616227,1.1950319034379973,0.4829102907875888,0.4978916095716619,1.129361590077745,1.0507706625185322,14388
0.26672992881572677,-0.3565098415904979,0.29893759201211095,0.8343310257901823,0.9501069678315532,-0.02084845295372739,0.6327518148686244,14389
-1.0697884448393309,1.4094682908473293,1.488437384275845,0.8190828076107375,0.4718497534839625,1.2038727437997445,1.0507706625185322,14390
1.1614051736721587,-0.951242971618668,-1.8679163050887506,-1.8919893132555325,-2.686701765810706,-1.5532810589181636,-1.2778587188319563,14393
-2.038956243693276,1.4094682908473293,1.2586750492975514,0.43198787988461385,0.21288711325656365,1.4612673757205297,1.058316332792444,14395
0.26672992881572677,-0.3565098415904979,-0.3061141197751322,-0.1856111038491937,-0.3536460799527158,0.6420087231816032,0.9845767309527786,14396
-1.8243669630413246,2.426171291971279,1.0303177046318628,-0.9530201973454777,-0.4895516645942354,-0.5349468086478807,0.8364341866318548,14397
0.8791199348959138,-0.951242971618668,-0.1759655725393551,0.9642372233219769,1.194289475554343,-0.2578461642065392,-1.2778587188319563,14400
-1.6579185856692376,1.903003202857391,1.3798868088282414,0.14258624063801442,0.8944230283297842,1.0479823750751505,1.0430780576188126,14401
0.7780933519752427,0.39276528972337893,0.5750962250162526,0.3690742655998315,-0.19591516133249537,-0.5827124735718688,0.6034748878920203,14403
-0.2064153496825682,0.8863002017334407,0.56066569903095,-0.19909165420716213,-0.1290397700160228,0.6296525833243007,1.020235989410288,14404
0.7126715575238268,-0.951242971618668,-1.20807950651409,-0.7781014572778622,-0.7718121733680524,-1.1950730719486045,-1.2778587188319563,14406
0.6340805036168403,0.6601931595334521,0.8722057497834937,0.5700866386199381,0.6680588379889442,0.5784237638341764,0.7510781342259888,14407
-1.0048844741552696,1.0821630306292318,1.026057678011414,0.3775512723983279,0.43856877155237234,0.49553962220406433,0.909707966224177,14408
0.33163389949978844,0.8863002017334407,0.8406159709143101,0.2721298343810348,0.31087441298258106,0.14454350874121646,0.9728220802233335,14409
0.5225410289669334,1.4094682908473293,0.3404394756041129,-1.1114489687403148,-0.9962319406667517,1.3079281193621262,0.8420115648149052,14410
1.425411534317174,-0.951242971618668,0.31371512657543615,1.790880092026584,0.26107223211555536,-0.7437843797219198,-1.2778587188319563,14411
-0.0357166753013247,-0.3565098415904979,0.056946642656663375,0.42627619507465775,1.0338135736193426,0.2069305701444127,0.07876445816932527,14412
1.5383443317867234,-0.951242971618668,-1.4126412209520331,-1.123427468198447,-0.9247681135603033,-0.36615913643588405,-1.2778587188319563,14413
0.5225410289669334,1.0821630306292318,0.5864437783837988,-0.362294771339364,0.9327611569514064,0.7350894284387285,0.9309038852239986,14414
-2.3414028478103273,1.903003202857391,1.6734661606780539,0.6369606675650696,0.44079398207414067,1.8543737800777726,1.0474921563478996,14415
-0.5195948743219904,-0.3565098415904979,-0.3024865410965642,-0.179499762358758,0.05668229036991024,-0.804736104337389,-0.07509660704497219,14416
-1.6579185856692376,0.06546002950528196,0.7918723270154584,1.1208611152629728,1.4481088553617645,1.0556981411370956,0.5607242751938752,14418
-1.0048844741552696,0.8863002017334407,0.3052708537873389,-0.6284855390086812,-0.7228776051191612,1.040198627819796,1.0419667833944715,14419
0.5766733307788626,-0.951242971618668,-0.48948200264776387,0.43498189094039863,0.8529654137720077,-0.13142378134518384,-1.2778587188319563,14420
0.17034765419645906,-0.3565098415904979,0.10029227926557999,0.4993568517957455,0.1819314897800293,-0.2578461642065392,0.7145853404081729,14421
-2.3414028478103273,0.8863002017334407,1.4205700102998555,1.2494805064579246,1.2662389616104348,1.499271067301835,0.929427032190964,14422
1.1614051736721587,-0.951242971618668,-0.7909236796828887,-0.07388973316465784,-0.28231065620974044,-1.9114890458877223,-1.2778587188319563,14423
-0.662107772231435,-0.951242971618668,-0.6365324973600375,0.1867420828100606,-1.2900838987664411,-2.5238496442644585,-1.2778587188319563,14424
-0.45739843875914415,1.5492685361090064,1.4603222915921001,0.6302014619353349,0.6161969242472707,1.4709226586943238,0.9620715467515544,14426
0.0744087228930169,-0.3565098415904979,-0.5407117043544072,-0.5807020542315685,-0.3390091506449616,-0.6332090513304633,-0.2352787307309386,14427
-1.3073310782723213,0.6601931595334521,0.4260925565383929,-0.18113039212394286,-0.6552109906435993,1.0083591604032482,0.9984841990281161,14428
1.406035766844578,-0.951242971618668,-0.335389458139977,0.6951095685641575,-0.19378559029090436,-0.5827124735718688,-1.2778587188319563,14431
-1.0697884448393309,0.8863002017334407,0.9106023571850083,0.3900018548472445,0.8579460479741259,1.7661187966826557,0.45329475986215134,14432
-0.5195948743219904,0.8863002017334407,0.5174512993111613,-0.27178548974973826,-1.0217710157819386,-1.9114890458877223,0.27543937567310756,14434
0.5766733307788626,-0.951242971618668,-1.6549723461842287,-1.5325130149649089,-0.20232839148992285,-1.1019923666914786,-1.2778587188319563,14436
1.546518935319535,-0.951242971618668,-1.9273110486608982,-1.9922551421951067,-1.0458763895276026,-1.5532810589181636,-1.2778587188319563,14437
1.4133607858420603,-0.951242971618668,-1.3447415807721161,-1.0088042995830562,-0.702545793543983,-1.1019923666914786,-1.2778587188319563,14438
1.4466241042616665,-0.951242971618668,1.0449088199852363,3.0252273991425254,1.358061506393589,-0.04722204126276407,-1.2778587188319563,14439
-1.219473754807221,0.6601931595334521,0.948387867736386,0.6984632259692584,-0.3046452282706266,-0.02084845295372739,1.0452912719577836,14440
-2.3414028478103273,0.39276528972337893,0.693793423535321,0.5690726490361534,-0.36351189744822054,0.2069305701444127,0.911260257911955,14441
1.115757868270254,-0.3565098415904979,0.6343847172887794,1.4001659330587457,0.4904306852940468,0.46608857510276935,0.5897323639659863,14442
0.1307317020707626,0.39276528972337893,0.5444951498161783,0.3175225437826891,0.460077414934006,0.7886482262425164,0.9947395479936569,14443
-2.3414028478103273,0.39276528972337893,0.26946177655072506,-0.14560114465265975,0.358546620959264,1.679507490645336,0.8970650400472426,14446
-0.6238468161312312,0.6601931595334521,0.38548814987462393,-0.24944691781774628,-0.33707199967748974,0.40406665096392086,0.9219587998423999,14447
-1.140882700900234,-0.3565098415904979,-0.5148548941144695,-0.5371700577516109,-1.2026013797763975,-0.4465281173678302,1.0419667833944715,14448
-0.6238468161312312,0.39276528972337893,0.16847719276433445,-0.31553591702378975,0.19851479909231343,1.5533767234322848,1.0408523744008888,14449
1.023360511879782,0.06546002950528196,-0.31388002672594717,-0.7416294014767,-0.725159755560492,-0.04722204126276407,0.6743753006217238,14450
0.20796529408005854,-0.3565098415904979,-0.08546964609359528,0.1862004238067176,0.22073806190907697,0.8091944917842315,0.660007981806236,14451
-1.0048844741552696,-0.3565098415904979,-0.8095588401264622,-1.0330734004713054,-1.0830408343107478,0.41998509241608295,0.4725696911826578,14452
1.0593638857982834,-0.951242971618668,-1.4199911124501576,-1.1358350133674942,-1.2675613125215732,-0.36615913643588405,-1.2778587188319563,14453
-1.5219203589242727,1.4094682908473293,1.1441981433974506,0.23921283360402276,0.7929566658031345,2.485204380764388,0.6686909187201814,14456
1.425411534317174,-0.951242971618668,-1.4625768588150976,-1.207725131978823,-0.6247353771966503,-1.7143529650682148,-1.2778587188319563,14457
0.9083756495481708,-0.951242971618668,0.7499307839924695,2.527267217500263,1.7676866624208045,0.0774137897288553,-1.2778587188319563,14459
0.6545180863675494,0.06546002950528196,-0.39876753738048054,-0.8843084500697684,0.7099485893494771,-0.7437843797219198,0.81725285979615,14460
0.8741304506943587,0.06546002950528196,0.8571663322173861,1.2309765477426935,0.5531284161677505,1.416463147543002,0.5932130712951154,14461
0.27794705909668965,1.6768961606574022,0.807480710623546,-0.596060805091528,-0.6407928784819504,1.2904334962277955,0.939650908069832,14462
0.5691765329327786,0.06546002950528196,-0.2409746552286337,-0.6190397722297467,-1.051985062900926,-1.4170967027141252,0.5718533977950185,14463
1.2541661943878881,0.06546002950528196,0.2950964705565195,0.28343981705736776,-0.17131973984600668,1.0002167101511623,0.31937992218130024,14465
-0.3214002120141793,1.0821630306292318,0.9190282380578876,0.19731718815219665,-0.0827886104214331,0.02964812480486719,1.0295318942148675,14466
-0.662107772231435,0.39276528972337893,-0.1466536146367865,-0.8453185377300338,-0.8924519348921129,0.5915121454230086,0.9701617487812266,14467
-0.9451786088758904,-0.3565098415904979,-0.351052498891491,-0.26131350371961426,-0.5230450254570336,0.2069305701444127,0.9425240678339961,14470
0.6130671392034865,1.2549262895616227,0.7563001117557202,-0.2555797743197162,-0.09704866208968278,1.3136835116947465,0.9065849639824395,14472
0.3620840501269106,-0.3565098415904979,-0.8891594566141137,-1.1669080781687429,-1.3850203868630266,-1.2991284475109868,0.8326717036568722,14473
0.013483028875857768,-0.951242971618668,-0.21431999129466273,0.8994901201490318,-0.11177582607472476,-0.13142378134518384,-1.2778587188319563,14474
0.34192268478610366,0.06546002950528196,0.20369400202749974,0.12945484142311486,-0.04279526348110981,0.02964812480486719,0.8773080370058354,14475
1.2836532395139844,-0.951242971618668,-1.0431687935987082,-0.49971134500485154,-0.3784762845645497,-0.5827124735718688,-1.2778587188319563,14476
-0.5874530077066066,0.39276528972337893,0.47990384765927413,0.20872349005837418,0.16663865599379057,-1.2991284475109868,0.9453764825814174,14477
1.27492886980311,-0.3565098415904979,-0.6510505064262759,-0.7664211910585556,-1.073632929523612,-0.5349468086478807,0.5862207166105062,14479
-1.0048844741552696,-0.951242971618668,-0.7504864150613401,-0.005626523097870377,-0.0883048517664709,-0.804736104337389,-1.2778587188319563,14480
0.9547213050134129,-0.3565098415904979,-0.09465831720050139,0.1707129406627647,0.5064387771825735,-0.2578461642065392,0.6232318909334276,14481
-0.662107772231435,0.8863002017334407,0.8263110950946516,0.2480403815893664,0.621397466927294,1.0244223228973448,0.8547271639977393,14482
1.3526418481444065,-0.951242971618668,-1.3141418420045097,-0.9571480756759425,-0.5173425572626533,-1.1019923666914786,-1.2778587188319563,14483
0.0744087228930169,-0.951242971618668,-0.6369274252734745,0.1860753946112298,0.33761022910284655,-0.7437843797219198,-1.2778587188319563,14484
-0.10681093136222787,-0.951242971618668,-1.1780748628307072,-0.7274498290357684,-0.8766384768274477,0.22678420562437498,-1.2778587188319563,14485
-0.37286372705465515,0.8863002017334407,0.38702745519565135,-0.49109025410208773,-0.2946634706970348,1.040198627819796,1.0272283440948966,14487
0.29988761456406465,-0.951242971618668,0.3146736607563616,1.7924982187906244,1.8234040534935754,0.2652011103088699,-1.2778587188319563,14488
1.1229649302001223,-0.951242971618668,-0.34728375135186945,0.6750304993264549,0.7299460780226775,-0.1024556255368702,-1.2778587188319563,14489
0.9983550942366815,-0.3565098415904979,-0.5913229780412259,-0.665898856325093,-0.8845171675785121,-0.5827124735718688,0.8113120301567754,14491
-1.3073310782723213,0.6601931595334521,0.9569809627066852,0.7129450283354798,0.5618041805849218,0.89616133458878,0.6963285996674116,14493
-0.3999912659211662,-0.951242971618668,-1.30006510120685,-0.9333847592617482,-0.5757239638606161,-1.2991284475109868,-1.2778587188319563,14494
0.0888931606621161,-0.3565098415904979,-1.394876929624312,-2.0155884996869013,-1.765095608343611,-1.4170967027141252,0.4061459011556239,14495
1.427798496696187,-0.3565098415904979,-0.22728481854922733,-0.05279590182822447,-0.7366411145192892,-0.6332090513304633,0.3525976072831403,14496
1.4206145717599752,-0.951242971618668,-0.32696023597898477,0.7093391602158342,0.4624418486968267,-0.13142378134518384,-1.2778587188319563,14497
-0.0357166753013247,0.6601931595334521,0.8000852752908901,0.44857546807164667,0.3872123350813301,1.3638613271917142,1.0009610580897814,14498
-0.3999912659211662,0.06546002950528196,0.09570576480142494,-0.052422658870156874,0.07243191802023959,1.2725854225592388,0.9081495510819382,14499
0.4897478314285932,0.06546002950528196,-0.5550413441852623,-1.146786246476144,-1.516328460432592,-1.4170967027141252,0.5492725247869225,14500
1.0355557443915884,-0.3565098415904979,-0.8339644624925645,-1.0741129193200862,-0.7228776051191612,-1.1019923666914786,0.6658177589560169,14501
-0.5874530077066066,1.6768961606574022,0.9714121494925498,-0.3205835738895936,-0.1677870022999642,2.0832832570710598,0.9674833810560453,14502
-1.8243669630413246,0.8863002017334407,1.2730541561332618,1.0007754212726354,0.8529654137720077,1.0479823750751505,0.7647809318986573,14503
0.02918729538273665,0.39276528972337893,-0.04997517902526487,-0.6828815047062466,-0.7718121733680524,0.7989810878755099,0.8739169627403369,14504
-0.702437870038218,1.2549262895616227,1.673991453235513,1.2901328914542851,0.880493481566935,2.4237084925354626,1.0306786518452138,14505
-0.702437870038218,0.6601931595334521,0.8014398156569774,0.4508574461573651,-0.10546842536711537,1.5664007863141962,1.0386140810124724,14506
-0.45739843875914415,0.8863002017334407,0.5145909387182113,-0.27659659803601416,-0.49481997101778535,0.7350894284387285,0.9081495510819382,14507
-0.5195948743219904,-0.3565098415904979,-0.7824333873176536,-0.9874546822141549,-0.9665269317946906,0.3713425543694715,0.3890904011009562,14508
-1.0048844741552696,0.6601931595334521,0.4830668981670122,-0.08525263775467644,0.013718946285326656,0.3878561117744264,0.6232318909334276,14511
1.0515119700655031,-0.3565098415904979,-0.761291940136451,-0.9518956771770165,-1.0277486713972925,-0.48963176831474303,0.22599270900645435,14512
0.5914446076620198,0.06546002950528196,-0.3607712895877989,-0.8204524650796412,-0.2792437213971397,-0.9409204605414276,0.7929339385545909,14513
0.22009442484988165,0.06546002950528196,0.2572098003502905,0.2196081169046734,0.21485503980689688,0.5651385571139715,0.9353016047691758,14514
-0.662107772231435,0.8863002017334407,0.8473357228329658,0.2834462786564176,0.19701737764317123,0.6044094489104112,0.81725285979615,14515
-0.2280378812240346,-0.3565098415904979,-0.6161409617114386,-0.7076706612914555,-1.3484653053644033,-0.5827124735718688,0.5754945086044693,14517
0.25534153803420273,-0.951242971618668,-1.1236603395199998,-0.6355912409189182,0.6490420851798467,-0.6332090513304633,-1.2778587188319563,14518
-2.038956243693276,-0.3565098415904979,-0.7749126996884479,-0.974805604408783,-0.8305009921012262,-1.9114890458877223,0.9620715467515544,14520
-0.45739843875914415,0.39276528972337893,0.24451329083278353,-0.18759021348668123,-0.18319833027213783,-0.6867678491342508,0.7602659373124884,14522
0.6409554380614055,-0.951242971618668,-0.8666142944081715,-0.20166505084336306,0.5355716737740076,-0.8702067625832752,-1.2778587188319563,14523
-0.25030595595327615,1.4094682908473293,0.7524889461003751,-0.41978410752039297,-0.8105927826866035,1.3584246971207208,1.0131176395958414,14524
-0.5874530077066066,1.4094682908473293,1.4115948411189319,0.6895970729907905,0.7074234917778096,1.6207197587799842,1.0272283440948966,14525
-1.8243669630413246,3.9364092051052917,1.9711158942499685,-0.7960786252464945,-1.5466343929398711,1.9869958346869512,1.0551001055883238,14527
-0.14507188746243174,-0.951242971618668,-0.538788381353884,0.35174649609485215,0.6490420851798467,-0.5349468086478807,-1.2778587188319563,14528
0.20796529408005854,0.06546002950528196,-0.17056909666039113,-0.5006135235035997,-0.3953424171667663,1.4416343544503578,0.27543937567310756,14529
-0.3999912659211662,0.8863002017334407,1.1029020207282063,0.7139881184590661,0.4505692114449217,1.2357696956551651,0.9353016047691758,14530
1.2203246128302816,0.39276528972337893,0.20969265983480515,-0.24618764363545487,-0.8610461932702582,0.24620146194085193,0.6000838136265219,14532
-0.42814272410688714,1.0821630306292318,0.7969851847200524,-0.008121007029844115,1.4555176222949975,0.3878561117744264,1.0119186774426234,14533
-1.8243669630413246,2.3509346787324734,1.444874597004526,-0.18447016313235828,-0.353100530589601,1.9896689066158812,0.9959917129920511,14534
0.20796529408005854,0.06546002950528196,1.1008750442810673,1.642050905356487,1.519285692900753,1.8449919262607615,0.7929339385545909,14535
1.292276747199566,-0.951242971618668,-1.139361823767787,-0.6620973294884176,-1.516328460432592,-0.5349468086478807,-1.2778587188319563,14536
0.1830988212276959,-0.951242971618668,-0.5579205520135914,0.31944897555284046,-0.28231065620974044,-1.0177906266090588,-1.2778587188319563,14537
0.26672992881572677,-0.3565098415904979,-0.48798541499734227,-0.49192918971194444,-0.7646886341064578,-0.48963176831474303,0.7991554486507155,14538
-0.7450737659930379,-0.3565098415904979,-0.2292515571457655,-0.056109858291106686,0.358546620959264,-0.07440725075751485,0.052417515398891834,14539
-1.0697884448393309,0.06546002950528196,0.22642826874157854,0.16775168349102226,-0.13575159101930387,0.5516505149897042,0.9754646166731504,14540
0.19563567275482363,1.2549262895616227,0.5628779728649129,-0.5807112640181972,-0.7280190289957066,0.6420087231816032,0.920448060998455,14541
1.0435765217469621,-0.951242971618668,-1.5383205509529563,-1.335590051033842,-2.289069801936379,-1.5532810589181636,-1.2778587188319563,14542
-0.3214002120141793,2.1877897649392297,1.276828767952943,-0.30916799808441725,-1.4373247813016294,0.16583248100890577,1.0214100102631878,14543
-0.45739843875914415,-0.3565098415904979,0.8189857058430589,1.7116209488258347,1.7793451226689583,0.9143774355896803,1.0225805525306857,14544
-1.5219203589242727,0.6601931595334521,1.0183237435579242,0.8163324439660016,0.5857431700556724,1.745248938042312,0.8938400611074022,14546
-1.6579185856692376,1.2549262895616227,1.3646466682328218,0.7686807642793195,0.8391528123205632,1.540157779573428,0.27543937567310756,14547
0.8889998820755748,-0.3565098415904979,-0.07454220882302674,0.20461895264755384,-0.21093716091886555,-2.1656416572948998,0.7464028402964729,14548
1.425411534317174,-0.951242971618668,-0.7219923107294168,0.042475123931896876,-0.14385948203870827,0.4356217766984145,-1.2778587188319563,14549
-1.0048844741552696,-0.3565098415904979,0.04374728196567421,0.40402310883916626,0.25255119622732664,0.10036182276301958,0.11525725198714115,14550
-0.662107772231435,-0.3565098415904979,-1.071487774177266,-1.4732388200337585,-1.1817628272373688,-1.1019923666914786,0.786612880082922,14551
0.8938912117790716,-0.951242971618668,-1.1711931095276669,-0.7158325602677194,-0.5999603553642504,0.45098650481467234,-1.2778587188319563,14552
-0.6238468161312312,0.6601931595334521,0.14426184633277173,-0.6550401295065049,-0.49928823391832633,0.9668750325469323,1.0009610580897814,14553
-1.0697884448393309,0.39276528972337893,0.9215107674969756,0.9529038649536319,0.9386098212311753,1.2785749343045216,0.20803244687342232,14554
0.17034765419645906,-0.3565098415904979,-0.6604288140625528,-0.782202919733668,-1.0277486713972925,-0.5349468086478807,0.8954558413812965,14555
0.4641707506279294,-0.951242971618668,0.0756986481593463,1.3890782140425768,1.3236902259875385,-0.6332090513304633,-1.2778587188319563,14557
-1.3073310782723213,2.6311730437506724,0.9067903656138454,-1.355530557091208,-1.0968683616712684,0.12272883006199294,1.0374901606918017,14560
0.38171479114733853,0.06546002950528196,0.3269129432315383,0.33704892263471387,0.8661979738905359,0.5915121454230086,0.5754945086044693,14561
-1.6579185856692376,2.3509346787324734,1.5486363393866047,-0.009939998692629733,-0.47456651370919556,1.4899223070623417,0.9767792858606247,14562
0.5539530431791972,0.39276528972337893,1.1663100574523342,1.3656884202726678,1.0109444619296466,1.0323456907928181,0.9279446374825362,14565
0.661208042483351,-0.951242971618668,0.551087350758721,2.191594387493772,1.8247967208842775,-1.7143529650682148,-1.2778587188319563,14566
0.17034765419645906,-0.3565098415904979,0.6040143644577041,1.3489297702822396,0.3162731165173717,-0.02084845295372739,0.42249545055359644,14567
-2.3414028478103273,-0.951242971618668,-0.9130586084680661,-0.28006891907605586,-0.7435871189288051,-1.0177906266090588,-1.2778587188319563,14569
1.3500014025309162,-0.3565098415904979,-0.9494111392820003,-1.2681735582395552,-1.3130709008069348,-0.16137409356206325,-1.2778587188319563,14570
-1.8243669630413246,1.0821630306292318,1.0867077320995775,0.47970922173997516,0.2992169686522313,1.5039086086519053,1.0021936885008718,14572
1.019250721279904,1.4094682908473293,0.6590571540417873,-0.5767864466004462,-1.0581273930466732,1.1503139459959568,0.8012077011945085,14573
1.5586152832160842,-0.951242971618668,-2.37721667449862,-2.7517526634597793,-2.769319563912303,-2.5238496442644585,-1.2778587188319563,14576
-0.8898996118236581,0.39276528972337893,0.14466951489322089,-0.3555887442195055,-0.6216082219869354,0.8091944917842315,1.0374901606918017,14577
-1.8243669630413246,-0.951242971618668,-1.1501919267446699,-0.6803799111980103,0.4858144049868057,-0.29249568749523525,-1.2778587188319563,14578
-0.702437870038218,-0.951242971618668,-1.3055289309911837,-0.9426083940409017,0.37399486031426643,-0.6332090513304633,-1.2778587188319563,14581
-0.07041712293760334,-0.951242971618668,-1.4593149388506295,-1.2022185990854761,-0.8305009921012262,-1.4170967027141252,-1.2778587188319563,14582
-1.4069354965926615,0.6601931595334521,0.25459947374248254,-0.46958158875069905,-0.03391210810412194,1.7202608189575364,0.81725285979615,14583
0.9724822656860589,0.39276528972337893,0.29095924148532215,-0.1094171133108932,-0.5374301295770717,0.6044094489104112,0.06581058532048795,14584
0.0744087228930169,-0.951242971618668,-1.2065647612029267,-0.7755443758743265,-0.5877762985559805,-0.13142378134518384,-1.2778587188319563,14585
1.3393451483436676,-0.951242971618668,-0.8789936978532393,-0.22256304742599678,1.169514453721943,-0.48963176831474303,-1.2778587188319563,14586
-0.6238468161312312,1.4094682908473293,0.6295942671369101,-0.6262777069053633,-0.6862489835894233,1.4061903620447096,0.9922232482364803,14587
1.5586152832160842,-0.951242971618668,-2.2872162529903357,-2.5998205845464724,-3.6312949253182962,-1.9114890458877223,-1.2778587188319563,14589
-0.7902951935033181,0.39276528972337893,0.4863321095390014,0.2195505242881399,0.7592854055194841,1.2231487724604946,0.8113120301567754,14591
-0.18540198526921478,0.06546002950528196,-0.1995202884444832,-0.5493156520520289,-0.1465752692557475,1.1841667312791886,0.052417515398891834,14592
-0.5195948743219904,0.06546002950528196,-0.11924489409070535,-0.41426036817800527,-0.3784762845645497,1.1503139459959568,0.7692449085049974,14593
-1.3073310782723213,-0.3565098415904979,-0.5407335869819067,-0.580738893756222,-0.5817338441902065,0.302016837212944,1.0540221847933684,14594
-0.5874530077066066,0.8863002017334407,0.7065803613167246,0.046457147772927046,0.05668229036991024,0.8869104689250991,0.9674833810560453,14595
-1.0048844741552696,-0.3565098415904979,0.15069531102480727,0.5843423761836753,0.668844206180127,0.24620146194085193,0.7758476982963317,14597
-0.018953607897127814,-0.951242971618668,-0.9322067862319965,-0.31239346163175624,0.22073806190907697,0.3198649108815007,-1.2778587188319563,14598
1.4133607858420603,-0.951242971618668,-0.4776478843182787,0.4549593773762733,-0.23716966772977968,-0.2578461642065392,-1.2778587188319563,14600
-1.0048844741552696,-0.951242971618668,-0.9613747836961818,-0.36163272538413593,0.09016318803794067,-1.2991284475109868,-1.2778587188319563,14601
1.3339593841020705,-0.951242971618668,-0.06581033403595074,1.150193178955728,1.0534463091944573,-2.1656416572948998,-1.2778587188319563,14603
-2.3414028478103273,4.648548368645753,2.24052039596515,-1.0026129686721617,-0.8983068689102093,2.7878839234920885,1.0615065874880631,14606
-0.7450737659930379,1.794302194169694,2.424473765072144,2.0107142631663693,1.9491239945543426,0.0774137897288553,0.8970650400472426,14607
-1.6579185856692376,0.39276528972337893,0.7267177593021177,0.6245579427095012,-0.38603448369308846,-1.1950730719486045,1.0463932468041202,14608
0.34192268478610366,0.39276528972337893,-0.13961004269864885,-0.8334872646754201,2.7008153611590364,-2.1656416572948998,0.861813591245302,14609
1.242037063618065,0.06546002950528196,-0.4522777696460693,-0.9742132725101872,-1.6441581221278947,-2.1656416572948998,0.4277983184455203,14616
-1.140882700900234,0.06546002950528196,-0.2059649753010805,-0.5601561507647914,-0.6247353771966503,-1.0177906266090588,1.0119186774426234,14618
1.2511523514720058,-0.951242971618668,-0.4754068268720947,0.4587425653998044,-0.020718698486951147,-0.4465281173678302,-1.2778587188319563,14619
1.1193701034501191,-0.3565098415904979,-0.4392627235316933,-0.4098835997461438,-0.4090214857335816,-0.2245044866023096,0.44832541476442095,14620
-2.3414028478103273,0.6601931595334521,0.7281492795961731,0.3273974454429008,0.2756894776458973,0.7460640987439856,1.0452912719577836,14621
1.0395769137359367,-0.951242971618668,-0.6402426491350167,0.18047887800712972,-0.06531784972597772,-0.4054300282323229,-1.2778587188319563,14622
-0.25030595595327615,0.6601931595334521,0.16507159212441094,-0.6200711419680929,-0.7133432639168378,1.0002167101511623,0.8231056739007375,14623
0.17034765419645906,-0.3565098415904979,-0.9184526255808186,-1.2161455378351287,-0.716059051133877,-0.804736104337389,-1.0040255697181413,14624
1.0824355736484872,-0.3565098415904979,0.1808148346809821,0.635130465854098,0.08685998532124858,0.35451443417019673,0.7392844904820263,14625
-0.45739843875914415,0.39276528972337893,1.0829278005100365,1.2250720844339091,0.9073581574343568,1.0083591604032482,0.8345574243076903,14626
0.5144768952160161,-0.3565098415904979,-0.051513813017218045,0.2434352722659641,-0.14385948203870827,-0.36615913643588405,0.7068640967229638,14628
-1.6579185856692376,-0.3565098415904979,0.22859891371491428,0.7157091857384726,0.22073806190907697,1.1907843622109124,0.21711463367102732,14629
0.0888931606621161,0.06546002950528196,0.2705936365928039,0.24215660532209737,0.32343095877136296,0.10036182276301958,0.9018536771782983,14631
1.3008016983537334,-0.951242971618668,-1.456204280558203,-1.1969674149994793,-0.5287768123827928,-1.1950730719486045,-1.2778587188319563,14632
1.3092303203146483,-0.951242971618668,-0.5821196569815427,0.27859782992477516,-0.5287768123827928,-0.4465281173678302,-1.2778587188319563,14633
-0.16496440251850533,-0.3565098415904979,-0.12871612537161967,0.11331105046592677,-0.2777134121640168,-0.19237550596065342,0.8756161383759573,14636
0.0888931606621161,-0.951242971618668,-0.381987059830365,0.616446931450361,0.07689124437112457,-0.6332090513304633,-1.2778587188319563,14638
0.10310168753222393,0.8863002017334407,1.1362717191834057,0.7702242030522938,0.4788539446990583,1.2231487724604946,0.988418489521988,14639
-0.45739843875914415,0.8863002017334407,0.8589493592490204,0.3030048413855012,-0.06027336102269692,0.819291168521149,0.8231056739007375,14640
-0.5195948743219904,-0.951242971618668,-1.4850046009175846,-1.2455859933598854,-0.5999603553642504,-1.2991284475109868,-1.2778587188319563,14641
0.19563567275482363,-0.951242971618668,-1.5948021138508628,-1.4309380630491169,-0.7861972774880905,-2.1656416572948998,-1.2778587188319563,14642
0.9768572055406751,-0.3565098415904979,-0.026039312804692686,0.28637664513536176,1.0741046538861274,-0.1024556255368702,0.790838136683051,14643
0.29988761456406465,-0.3565098415904979,0.117392282259894,0.5281887784783104,-0.20232839148992285,-0.2245044866023096,0.8722104472303812,14644
0.9178780087132298,-0.3565098415904979,-0.14554644687040147,0.08494627056424922,0.2295047920234372,-0.16137409356206325,0.6101709418605287,14645
-2.038956243693276,4.325267232701425,4.754197804030595,3.5314523878259387,3.1938141663880546,2.6513390491853057,1.0408523744008888,14646
1.1011314171533835,-0.951242971618668,-0.8834210720236119,-0.2300370142203618,-0.5877762985559805,-0.29249568749523525,-1.2778587188319563,14647
-1.5219203589242727,0.39276528972337893,0.5345546282419811,0.3007772566147179,0.5355716737740076,1.28452411233151,0.8307769387477173,14649
0.28899800354496863,-0.3565098415904979,-0.07338459496559978,0.2065701687921117,0.11301555689171496,0.89616133458878,0.6855044232228671,14651
0.3913397647791676,-0.951242971618668,-1.4588302608242691,-1.2014004013602382,-1.1817628272373688,-0.13142378134518384,-1.2778587188319563,14652
-2.3414028478103273,1.0821630306292318,0.7833743627338521,-0.031026735672187774,-0.15319842755193658,1.3136835116947465,1.0225805525306857,14653
-1.219473754807221,0.39276528972337893,0.789804770937699,0.7308850836007595,0.6258261331994301,0.02964812480486719,0.8438533291122697,14655
0.9724822656860589,-0.3565098415904979,-0.7170358576531016,-0.8774479422601563,-1.0458763895276026,0.6662143359277856,0.5966633790454322,14656
-0.662107772231435,0.39276528972337893,0.13395485005476876,-0.3736132035645333,-0.31503338570038253,0.9668750325469323,0.9871420498775906,14657
-1.5219203589242727,-0.3565098415904979,-0.8469029448626741,-1.0958677512139061,-2.062825240270228,-0.19237550596065342,0.5862207166105062,14658
-1.140882700900234,1.4094682908473293,1.004582536555974,0.004205477420867659,-0.17039341648462844,1.2785749343045216,0.9845767309527786,14659
0.48131920946767887,-0.3565098415904979,-0.7316649049563103,-0.9020585753835514,-0.3390091506449616,-0.29249568749523525,-0.20802256379332715,14660
-0.37286372705465515,-0.951242971618668,-1.5031635854508685,-1.276240652803258,-1.6337875347740454,-1.7143529650682148,-1.2778587188319563,14661
-0.3214002120141793,0.39276528972337893,0.02674679595374628,-0.5539121994196519,-0.07675210484611623,1.2543693215583391,0.9593375723366822,14662
-0.5874530077066066,-0.3565098415904979,-0.09499604678612207,0.17014370356174738,0.4505692114449217,0.7239767083482843,-0.2352787307309386,14664
0.22009442484988165,0.6601931595334521,0.7489677252491369,0.3624642362172055,-0.0502523488187054,0.5379533476192208,0.9050141558443164,14665
-0.45739843875914415,-0.951242971618668,-1.0986879637101294,-0.5934347164425439,0.0009291681357348864,-0.804736104337389,-1.2778587188319563,14666
-1.0048844741552696,2.811005195293644,2.031092090161899,0.3613362893742675,0.351889657114812,2.0490177588257996,1.0452912719577836,14667
1.2389737118509432,0.06546002950528196,0.44866488605446003,0.5422297803572503,0.5603629003566681,1.3419111397157664,0.5041911812796596,14669
1.3473515769843623,-0.3565098415904979,-0.47859870221147466,-0.4761236000876347,0.05668229036991024,1.0002167101511623,-1.2778587188319563,14670
1.2171705907657024,-0.3565098415904979,0.05230072103502177,0.41844348100299955,0.4239956215347347,0.46608857510276935,0.5492725247869225,14672
-1.8243669630413246,0.6601931595334521,0.7046553848267407,0.28782655812979147,0.287909959866579,0.12272883006199294,1.0529413148270375,14673
-0.7450737659930379,-0.951242971618668,-0.1465201394378425,1.0139448334713774,0.8596013268250359,0.8775617086856059,-1.2778587188319563,14675
-0.2732593087343148,0.8863002017334407,1.010329551632878,0.5580029480968139,1.0988446869354318,-0.13142378134518384,0.9065849639824395,14676
-0.42814272410688714,2.1877897649392297,2.9421083660795797,2.497078980699277,1.8821018051244636,0.6662143359277856,1.0329622288755542,14680
0.33163389949978844,0.06546002950528196,-0.2884419958055689,-0.6988606432058451,-1.9823763730108883,-1.4170967027141252,0.6771871112552025,14681
1.0515119700655031,-0.3565098415904979,-2.077667378403173,-3.153809000910005,-1.4888003926376643,-2.5238496442644585,-0.2352787307309386,14682
-0.3999912659211662,0.6601931595334521,0.41128042249950963,-0.20605300859706902,0.06480988482249912,1.6757077015681443,1.0214100102631878,14684
0.6340805036168403,-0.951242971618668,-0.10489096335283266,1.0842201406315946,1.2328187564377933,-0.6867678491342508,-1.2778587188319563,14687
-1.219473754807221,2.5659715372329566,1.6349126972136703,-0.071508352229826,0.10761685335692334,1.28452411233151,1.0551001055883238,14688
1.1301030239724899,-0.951242971618668,-1.4684401228136348,-1.2176230621616642,-0.7861972774880905,-0.804736104337389,-1.2778587188319563,14689
-0.018953607897127814,-0.3565098415904979,-0.5590617176749887,-0.6115934239283392,-0.6825781534658466,0.14454350874121646,0.5718533977950185,14690
-0.2732593087343148,0.6601931595334521,0.8615731032693581,0.5521710410957232,-0.10076118360388184,0.3373595340158314,0.7801890356795537,14691
0.8169234993330678,0.39276528972337893,-0.15296574439575067,-0.8559207444121124,-0.9371323449307881,0.3878561117744264,0.786612880082922,14692
1.3064313485242376,-0.951242971618668,-1.1303713663031043,-0.6469203017578845,-1.6651932763959008,-1.1950730719486045,-1.2778587188319563,14693
-1.6579185856692376,1.0821630306292318,0.8481257278330706,0.07795425258719334,0.45227306337566325,1.0784491734795054,1.0572471637332093,14696
1.1614051736721587,-0.3565098415904979,-1.0614171568507236,-1.4563280985489344,-0.5938516819909262,-0.36615913643588405,-1.2778587188319563,14697
-2.038956243693276,0.6601931595334521,0.42166137929309266,-0.18858636636352513,-0.2786313456051542,1.28452411233151,0.2676161947595539,14698
1.1476550127690195,-0.951242971618668,-1.4945751544287045,-1.2617422964852174,-0.7718121733680524,-1.1950730719486045,-1.2778587188319563,14699
-0.25030595595327615,0.06546002950528196,0.8914482409258048,1.2887949355895874,1.1543807810383195,0.7460640987439856,0.8288730424061476,14700
-1.0048844741552696,1.4094682908473293,1.0033719910419006,0.0021683676742233543,-0.45826488951916305,1.8064352794692824,0.9832877975867041,14701
-2.3414028478103273,2.2716292906855724,1.2046361888702717,-0.51168472007848,-0.6675465086437702,1.5312339703796007,1.0529413148270375,14702
-0.7902951935033181,-0.951242971618668,-0.6462400189958406,0.1703545601906503,0.18496504294780686,-0.36615913643588405,-1.2778587188319563,14703
-0.5874530077066066,1.0821630306292318,0.5673986664125517,-0.39431552593847985,-0.05132173029281541,1.8636570486682857,0.7295893357937872,14704
1.0937092155478652,-0.951242971618668,-1.1028846636540102,-0.6005192760075285,-0.4837270426650046,-2.5238496442644585,-1.2778587188319563,14705
-1.8243669630413246,0.06546002950528196,0.3598383292423287,0.39253064533923343,0.3216458021028456,-0.2578461642065392,1.0540221847933684,14708
-0.7902951935033181,1.903003202857391,1.5348695384345243,0.40351448184820715,0.23285833942723044,0.6420087231816032,1.0295318942148675,14709
-0.8384360967831825,0.39276528972337893,-0.14236689854216744,-0.8381180898779896,-0.5549409100198585,1.129361590077745,0.23467564592039966,14710
-1.0697884448393309,1.6768961606574022,1.0966147363478156,-0.11002838898114298,-0.6270151941491944,1.6367829212740808,0.9081495510819382,14711
-0.3214002120141793,0.06546002950528196,0.1961055950822265,0.1166723663566008,-0.42986003827261077,-0.4054300282323229,0.467838404378517,14712
-1.140882700900234,1.6768961606574022,1.045196259253684,-0.19651477747231674,-0.06050216145475217,1.2725854225592388,1.0430780576188126,14713
-0.45739843875914415,-0.951242971618668,-1.190880765710469,-0.7490678105327219,0.4337321908588257,-1.0177906266090588,-1.2778587188319563,14714
-0.42814272410688714,0.39276528972337893,0.15174263398594456,-0.3436897163925611,-0.1916600794444186,0.49553962220406433,0.9845767309527786,14715
-0.0357166753013247,-0.3565098415904979,-0.6733226610963174,-0.8038996003952499,0.5199793902168182,0.2652011103088699,0.5644689262283344,14716
-2.038956243693276,0.6601931595334521,0.6303753691761549,0.1627343507909863,0.31087441298258106,1.4416343544503578,0.9002639055107705,14719
-1.4069354965926615,0.06546002950528196,-0.06122812140702758,-0.3166254017895996,-0.8305009921012262,0.004760574858854357,0.616755389718751,14720
0.8691073670195009,-0.951242971618668,-1.0966198413858383,-0.5899434647471543,-0.30089158801982474,-0.16137409356206325,-1.2778587188319563,14722
-1.0697884448393309,0.8863002017334407,0.3557900342623205,-0.5435934494938544,-0.3602135811332143,1.5131112918499467,1.0496808474101464,14723
-0.42814272410688714,-0.951242971618668,-0.07115939147829307,1.1411632943860546,1.4820591924481632,0.24620146194085193,-1.2778587188319563,14725
1.331251848980856,-0.951242971618668,-0.780864413023184,-0.05690842051812113,-1.009911009233567,-1.0177906266090588,-1.2778587188319563,14727
1.562604197037004,-0.951242971618668,-0.6580168329432287,0.1504738107895245,0.2667169535485704,0.6171211732355907,-1.2778587188319563,14729
-2.3414028478103273,1.2549262895616227,0.7753813616570501,-0.2234879637622945,-0.15407797797332112,1.9542717380925023,0.9425240678339961,14730
0.02918729538273665,0.06546002950528196,-0.5050228313237322,-1.0628036310954587,-0.6586491740974233,0.10036182276301958,0.741671553492332,14731
-1.219473754807221,1.2549262895616227,1.0571672273763164,0.25072936752019676,0.13936078096689528,0.9837031527462071,1.0143129740214183,14732
-0.7450737659930379,1.794302194169694,2.066383758172702,1.4067713367883414,0.7831584826639374,0.9583392212310814,1.0386140810124724,14733
-1.6579185856692376,3.1155690328771315,1.699595155733834,-0.484647574376525,-0.8305009921012262,0.9233465440835307,1.0419667833944715,14735
-1.6579185856692376,0.06546002950528196,0.38639156929484453,0.43727779248768295,-0.3293568816801894,-0.6867678491342508,1.0363630337467562,14737
-0.0357166753013247,1.0821630306292318,0.4828487411950579,-0.5364314536201317,-0.6519056115424203,0.12272883006199294,0.939650908069832,14738
-1.6579185856692376,1.0821630306292318,1.3499801133427607,0.9233382516378036,1.3990045201585148,0.283800736212044,1.0518574795072897,14739
1.0862124177017818,0.06546002950528196,0.5600552832531073,0.7299927406577928,0.5087069979065858,0.7989810878755099,0.4864327881986733,14740
-0.9451786088758904,0.8863002017334407,0.5332755681728254,-0.24516804540972043,-0.1104588382059385,0.02964812480486719,1.0496808474101464,14741
-0.7450737659930379,1.0821630306292318,0.3409537789526502,-0.7747781978616155,-0.6052231350886131,-0.4054300282323229,1.0374901606918017,14744
0.6744106014236233,0.6601931595334521,0.42361569894763085,-0.18529801152761372,0.3248570288107543,0.2652011103088699,0.7579889412322696,14745
1.2601575929199522,-0.951242971618668,-0.6215715029383492,0.21199813102632667,-0.6760009656492845,-0.5349468086478807,-1.2778587188319563,14747
-0.3214002120141793,0.6601931595334521,0.5419948851444767,0.013934596751605445,0.5068927906693117,0.819291168521149,1.024911283339804,14748
-0.018953607897127814,-0.951242971618668,-0.4851434922675465,0.4423058444331355,0.5746925333931637,-1.5532810589181636,-1.2778587188319563,14752
0.48131920946767887,-0.951242971618668,-0.1921232711255423,0.9369609873275926,0.34288130323117655,-0.1024556255368702,-1.2778587188319563,14753
-0.0025589895529871606,-0.3565098415904979,-0.09273473807004562,0.1739551056516193,0.4996062934799718,0.10036182276301958,0.9050141558443164,14754
-1.0697884448393309,1.6768961606574022,1.5491949522696415,0.6519375484600047,0.2930208803346064,1.157189074845069,1.0070861067701522,14755
-0.7902951935033181,-0.951242971618668,0.024154390751793556,1.3020649972961276,1.0970638078006898,0.10036182276301958,-1.2778587188319563,14756
0.3719639973065715,-0.951242971618668,-0.42452508361304125,0.5446373745854433,0.036100226984498086,-0.48963176831474303,-1.2778587188319563,14757
0.858958569555107,0.39276528972337893,0.5795376203908569,0.37655674426898367,-0.4324924600418355,0.40406665096392086,0.5966633790454322,14758
-1.5219203589242727,0.06546002950528196,0.652298992141713,0.8855091007171088,0.22464289988121033,0.8681129598094249,0.868775141007578,14759
1.3911663354633619,-0.951242971618668,-1.6537339514023024,-1.530422448158884,-1.4888003926376643,-1.5532810589181636,-1.2778587188319563,14760
0.19563567275482363,-0.3565098415904979,-0.8192750692249058,-1.0494124077209255,-1.0643037528959158,-0.9409204605414276,0.9439528495948398,14761
1.3036218344423172,-0.951242971618668,-0.6915942092915646,0.09379095855879774,0.8760203290714103,-0.4054300282323229,-1.2778587188319563,14762
0.02918729538273665,-0.951242971618668,-0.7526244177074553,-0.009235741602658495,0.22659020186326767,-1.4170967027141252,-1.2778587188319563,14764
-0.3214002120141793,0.06546002950528196,-0.8248495794225406,-1.5992475000770001,-1.3605176400597676,0.10036182276301958,0.6963285996674116,14765
-1.219473754807221,0.8863002017334407,0.9865636425181082,0.5179628074955511,0.41335081696113396,1.0323456907928181,1.0463932468041202,14766
-0.702437870038218,-0.3565098415904979,-1.0448143271218833,-1.4284459543307257,-1.9545041687411562,-1.7143529650682148,0.5791023667960601,14768
-1.8243669630413246,1.2549262895616227,2.132537374896142,2.063513852682751,1.9618119966445628,2.6737691577734393,1.0419667833944715,14769
1.2076277087101308,-0.3565098415904979,0.15999936582943383,0.6000308109064693,0.5087069979065858,0.3198649108815007,0.5041911812796596,14770
0.6678385315359481,-0.951242971618668,-1.3017685290515428,-0.9362603606132281,-0.702545793543983,-1.1019923666914786,-1.2778587188319563,14772
0.1830988212276959,0.06546002950528196,0.27447563892634913,0.2486969699447678,1.0290877076985088,0.45098650481467234,0.9934834015418288,14775
0.0888931606621161,1.6768961606574022,1.0072147951303156,-0.2603866504087945,0.6763131867818466,0.22678420562437498,0.9219587998423999,14776
0.7608124608036914,-0.3565098415904979,0.015379028356605004,0.35619811197967943,-0.013455935984303228,0.004760574858854357,0.7780243303934746,14778
1.3500014025309162,0.06546002950528196,-0.4922982732448543,-1.041434248843467,-1.8748395646877636,0.14454350874121646,0.21711463367102732,14779
0.1441721577143484,-0.3565098415904979,-0.3747041332846763,-0.30115296143518305,0.0009291681357348864,-0.2245044866023096,-0.006216954354261173,14780
1.4466241042616665,-0.951242971618668,-1.0145119448812676,-0.45133496489707486,-0.3390091506449616,-1.4170967027141252,-1.2778587188319563,14782
-0.3999912659211662,-0.3565098415904979,-0.7199347918003148,-0.882324979527367,-0.296217241124545,-0.6867678491342508,0.9728220802233335,14784
-1.0697884448393309,-0.3565098415904979,-1.7655142875014023,-2.6349542293547876,-1.435703209959329,-2.1656416572948998,-0.6420378365931088,14785
-1.3073310782723213,-0.3565098415904979,-0.04270108828835489,0.25829031206398145,0.3402488814619518,-0.2245044866023096,-0.09437153836547865,14788
-0.3214002120141793,-0.951242971618668,-1.0243247537237914,-0.4679002256196184,-0.31978746583137585,-1.4170967027141252,-1.2778587188319563,14789
-0.702437870038218,0.39276528972337893,0.03069981765183946,-0.547265791908528,0.1338241887366559,-0.1024556255368702,0.8823406875642026,14790
0.25534153803420273,-0.951242971618668,-3.6691678858070027,-4.932729486669216,-4.404036266822083,-2.1656416572948998,-1.2778587188319563,14792
-0.5527525600703276,-0.951242971618668,-0.9074928232459892,-0.2706731706406193,-0.5877762985559805,-0.7437843797219198,-1.2778587188319563,14793
-1.8243669630413246,1.0821630306292318,0.4861510593113715,-0.5308819833088989,-0.5271361496859757,0.6044094489104112,1.0155047026061468,14794
0.9592013491526777,-0.951242971618668,-1.3474456897825875,-1.0133691771323388,-2.4065288762778327,-1.4170967027141252,-1.2778587188319563,14795
-2.3414028478103273,2.2716292906855724,1.9196114459190066,0.6913773851793048,0.9126125227090963,2.1635478545210485,1.0540221847933684,14796
0.11704461884783704,0.06546002950528196,-1.1265295794089163,-2.103714796575997,-1.2454847475274144,-0.9409204605414276,0.9158808687870189,14798
0.0888931606621161,-0.951242971618668,-1.2032926526741827,-0.7700206433976263,-0.06531784972597772,-0.804736104337389,-1.2778587188319563,14799
0.044567739394007766,1.794302194169694,1.4332097073605479,0.3397627505957374,0.747154381563365,1.7310566714100388,1.004647471086801,14800
0.22009442484988165,-0.951242971618668,-1.058353590414776,-0.5253451999299534,0.12266782585648715,0.4356217766984145,-1.2778587188319563,14801
0.9411174305704181,0.06546002950528196,0.13144426447777485,0.007763016956649011,-0.2520144956094368,0.02964812480486719,0.6481256507285847,14803
-1.140882700900234,-0.951242971618668,-0.5630574577145494,0.31077722991822315,-0.27313504802381544,-0.8702067625832752,-1.2778587188319563,14804
-0.7902951935033181,0.39276528972337893,-0.2161530094429116,-0.9620297523150845,-1.8557821758145352,-0.1024556255368702,0.9741455579309978,14805
0.3719639973065715,-0.951242971618668,-1.041567661844569,-0.49700843237462505,0.8395739001825202,-0.9409204605414276,-1.2778587188319563,14806
-0.0883920916756731,1.2549262895616227,1.0619039762786022,0.2587050082685587,0.5958474395385367,1.4366571604490637,0.6541114883687211,14808
-0.07041712293760334,1.6768961606574022,0.8505674875319298,-0.5236813512170304,-0.572459451714529,0.9919985150884222,1.0119186774426234,14810
1.554604923518893,-0.3565098415904979,-1.2278822056725542,-1.7357036275710807,-1.6975094550640906,-0.2578461642065392,-1.2778587188319563,14813
-0.14507188746243174,-0.3565098415904979,0.06565703894053662,0.44096150147714785,0.972751553431027,0.3878561117744264,0.09130702673711896,14815
1.0862124177017818,-0.951242971618668,-0.7712518396013147,-0.04068118247616412,-3.6312949253182962,-1.7143529650682148,-1.2778587188319563,14816
1.0974295479827447,-0.3565098415904979,0.34842076503174085,0.9177873971037703,0.8311217740166258,0.3713425543694715,0.4381951744305999,14817
0.3620840501269106,0.06546002950528196,-0.06846827491219318,-0.328810869910482,-0.3987464811895209,0.16583248100890577,0.7736590072340845,14818
0.25534153803420273,-0.3565098415904979,-0.7706092642589067,-0.9675674401555733,-1.1512176260683369,-0.804736104337389,0.6389733249647489,14819
-0.5527525600703276,0.39276528972337893,-0.2752520688609848,-1.0612320988141422,-0.988007945150392,-0.29249568749523525,0.7094546484728891,14820
1.5485486647540225,-0.951242971618668,-2.1273183273846583,-2.3298926903870014,-2.2346770582740305,-2.1656416572948998,-1.2778587188319563,14821
1.019250721279904,0.06546002950528196,-0.6381381103976921,-1.286242608283693,-1.8247264044047138,0.4356217766984145,-0.20802256379332715,14823
-1.0697884448393309,0.39276528972337893,0.36078539625734485,0.008131732399123614,-0.18319833027213783,-0.48963176831474303,0.4630497672474613,14824
-1.6579185856692376,1.794302194169694,0.9007994167852816,-0.5557793315029923,-0.6969632575858847,0.7676127182136949,1.0529413148270375,14825
1.0862124177017818,0.06546002950528196,0.8711004305110251,1.2544769174461528,1.713660097149423,-0.5827124735718688,0.6771871112552025,14828
-0.3214002120141793,0.39276528972337893,-0.021759353264596777,-0.6354569438985417,-0.34874571996905257,0.12272883006199294,1.0295318942148675,14829
0.11704461884783704,-0.951242971618668,-1.0638596435022072,-0.5346401129777045,0.05668229036991024,0.10036182276301958,-1.2778587188319563,14830
-0.662107772231435,0.8863002017334407,0.6972329485783153,0.030722971909129905,-0.2610172102230957,0.2069305701444127,0.8582862666848654,14834
-1.0697884448393309,0.06546002950528196,-1.5444622141334248,-2.7987831919222055,-2.537836949847398,-1.5532810589181636,-0.07509660704497219,14836
0.5063246271107786,0.39276528972337893,0.6637467654527301,0.5184404132691528,0.9332036376483352,0.9053163346348189,0.5862207166105062,14837
1.314796951424842,-0.951242971618668,-1.929181821616932,-1.9954132432308762,-1.765095608343611,-1.7143529650682148,-1.2778587188319563,14840
0.11704461884783704,0.8863002017334407,1.2153410708975736,0.9034907759535781,0.7199921717057396,0.9668750325469323,0.9832877975867041,14841
-0.018953607897127814,0.39276528972337893,1.0924133672272838,1.241067835199069,0.7017210235834302,1.157189074845069,0.926456659353367,14842
0.25534153803420273,0.39276528972337893,1.1892982588944285,1.4044584256358132,1.2046543911899532,0.819291168521149,0.7692449085049974,14844
0.8791199348959138,-0.951242971618668,-0.668453366937683,0.1328556232315817,-0.28231065620974044,-0.804736104337389,-1.2778587188319563,14847
-0.5195948743219904,2.811005195293644,1.9152618664127712,0.16634939139228833,0.4277055421007809,1.3474500268154646,1.0386140810124724,14849
1.427798496696187,-0.951242971618668,-0.627527133154489,0.20194427500195522,0.7074234917778096,-0.4054300282323229,-1.2778587188319563,14850
-0.48784858938626624,-0.3565098415904979,-0.26890919468089935,-0.12292973154441172,0.05327822634715569,-0.16137409356206325,0.8756161383759573,14851
0.1830988212276959,0.8863002017334407,1.0957919654583987,0.7020064649090313,0.7004498374693294,0.9053163346348189,0.8032493477346694,14852
-0.45739843875914415,-0.3565098415904979,-0.3262409054752873,-0.21951743803896162,-1.461935716770243,-1.1950730719486045,0.790838136683051,14853
0.4008421239442265,1.0821630306292318,1.0681616369169573,0.44846866563578236,0.5746925333931637,1.0244223228973448,0.8093117335984669,14854
0.7126715575238268,-0.3565098415904979,-0.08330913028779537,0.18984200826992587,-0.16439100342700083,-0.804736104337389,-0.18252612237669613,14855
-0.16496440251850533,0.06546002950528196,0.46821801034977717,0.5751862580521631,0.4718497534839625,0.5651385571139715,-0.07509660704497219,14856
0.20796529408005854,-0.3565098415904979,0.39223218342679833,0.9916819074823937,0.4481794353930975,0.46608857510276935,0.49541175939118237,14857
-0.8898996118236581,0.39276528972337893,0.506312715097698,0.2532048426868355,0.08851281008845602,0.283800736212044,0.7991554486507155,14859
-0.6238468161312312,-0.951242971618668,-1.1422882362744085,-0.6670374834170073,0.4481794353930975,-0.9409204605414276,-1.2778587188319563,14860
0.10310168753222393,-0.951242971618668,-1.3822644895542924,-1.0721477088983749,-0.31029949280696056,-1.4170967027141252,-1.2778587188319563,14861
-0.3999912659211662,-0.3565098415904979,0.12733697594563453,0.5449566431847038,1.0138288881215982,0.283800736212044,0.6232318909334276,14862
-0.3214002120141793,-0.951242971618668,-0.786265165020327,-0.06602557202552367,-0.17689390196525065,-0.9409204605414276,-1.2778587188319563,14863
-1.3073310782723213,-0.3565098415904979,-2.0746645096594074,-3.148833480367723,-1.1613066551175502,-1.7143529650682148,1.0529413148270375,14865
-1.0048844741552696,1.6768961606574022,2.388204332991899,2.0665456140672087,1.5297209962503981,-0.13142378134518384,1.0430780576188126,14866
1.0435765217469621,0.06546002950528196,-0.007361298659953212,-0.2259551607242904,-0.3851921488579436,-0.07440725075751485,0.7042564454977935,14867
-1.8243669630413246,1.2549262895616227,1.12797702344753,0.3699698181447849,0.13936078096689528,0.9053163346348189,0.8722104472303812,14868
-1.140882700900234,-0.3565098415904979,0.005061657272336296,0.3388050065240056,0.6349682991576927,0.5784237638341764,0.5211855316203662,14869
1.2979708596357558,-0.951242971618668,-0.623875551004789,0.2081086068798409,-0.29156241139212863,-0.804736104337389,-1.2778587188319563,14870
-1.8243669630413246,0.39276528972337893,-0.2847350207628627,-1.0771460322420723,-1.3665930234947135,0.6044094489104112,1.0452912719577836,14871
1.1336466178431215,-0.951242971618668,-0.2560512415655085,0.8290424988707524,0.09016318803794067,-0.16137409356206325,-1.2778587188319563,14873
0.6409554380614055,-0.3565098415904979,0.5694129556723238,1.2905571793598871,0.6530307481154606,0.2652011103088699,0.7171259133198687,14875
-0.8898996118236581,1.4094682908473293,0.5752473696042032,-0.7175443015426571,-0.6150351162345704,0.5240404679784646,1.0318220903460842,14878
0.3913397647791676,0.06546002950528196,-0.029742694366826115,-0.26363034627575743,-0.2670596645888697,0.24620146194085193,0.8383020753421495,14880
-0.5874530077066066,-0.951242971618668,-0.820828275850874,-0.12437246856436615,0.7913947319556527,-0.5827124735718688,-1.2778587188319563,14881
-0.37286372705465515,-0.3565098415904979,-0.15545876533533623,0.06824113019702534,-0.7435871189288051,-1.4170967027141252,-0.4563592714905112,14882
-0.6238468161312312,0.8863002017334407,0.04817139413849271,-1.0600831447854724,-0.17969146955947446,0.12272883006199294,0.8032493477346694,14883
0.7893954637552344,-0.951242971618668,0.05206147052527966,1.3491756727277417,1.713660097149423,-0.6867678491342508,-1.2778587188319563,14885
1.271997922586503,-0.951242971618668,-0.5375232687489756,0.35388216596063676,0.036100226984498086,-0.5349468086478807,-1.2778587188319563,14886
0.41022495340677506,-0.951242971618668,0.7603028658551748,2.5447766017192555,2.1794388803242795,-1.4170967027141252,-1.2778587188319563,14887
1.1229649302001223,-0.951242971618668,-0.5279906901860668,0.36997436257700317,0.19100749731358085,-0.4465281173678302,-1.2778587188319563,14888
1.4829072495146738,-0.951242971618668,-1.3210997978093628,-0.9688939838917272,-0.5999603553642504,-1.0177906266090588,-1.2778587188319563,14889
1.27492886980311,-0.951242971618668,-1.3831453016645034,-1.0736346309904456,-1.2238368809047284,-1.2991284475109868,-1.2778587188319563,14890
0.8741304506943587,-0.3565098415904979,-0.20461444053756922,-0.014595210626836191,0.5421878955746172,-0.1024556255368702,0.17946161074833644,14891
-1.0697884448393309,-0.3565098415904979,0.43501685975836935,1.06384800114034,1.05205537938049,0.6541944280815882,-0.8438434460321748,14893
0.4641707506279294,-0.951242971618668,-0.07095299351086902,1.1415117202239418,0.5958474395385367,-0.32855986216469163,-1.2778587188319563,14894
-1.219473754807221,2.497736332885561,2.186066602846347,0.9220529669861012,0.497548356086749,1.8227055293545191,0.9524186962584894,14895
1.115757868270254,-0.3565098415904979,-0.33808333833356813,-0.23946680804072254,-0.11573615031510082,0.2069305701444127,0.7295893357937872,14896
-1.219473754807221,0.39276528972337893,0.5137168323224601,0.2656764378904783,-0.31029949280696056,0.2069305701444127,0.9620715467515544,14897
-0.48784858938626624,0.8863002017334407,0.455010113548283,-0.37679654166386267,0.08244043502859483,0.8091944917842315,1.0340990864263035,14898
-1.0048844741552696,1.4094682908473293,0.545106380532882,-0.7681467858576123,-0.8238253428051316,0.6662143359277856,1.0496808474101464,14901
-0.3999912659211662,-0.951242971618668,-0.6108427323923551,0.23010965079389475,0.3790970664799492,-0.4465281173678302,-1.2778587188319563,14902
-0.5527525600703276,0.6601931595334521,1.0840861868850769,0.9271824662535915,0.7563859757934083,1.6603429734518864,0.9158808687870189,14903
-2.038956243693276,-0.3565098415904979,0.2850624646862413,0.8109306587457626,2.064901152406885,0.5784237638341764,-0.022343998690729533,14904
0.9225841764182786,-0.3565098415904979,-0.12053569127860077,0.12709820139904854,-0.08444061877699624,-0.7437843797219198,0.4381951744305999,14905
-1.8243669630413246,1.0821630306292318,1.2635136522144699,0.7776085537800813,0.49306000278943823,1.1364010663552007,1.0529413148270375,14907
0.3620840501269106,-0.951242971618668,-0.754052944713818,-0.011647275617980112,-0.17689390196525065,-1.1019923666914786,-1.2778587188319563,14908
-1.8243669630413246,0.39276528972337893,-0.3987492240724383,-1.268388463800583,-1.0550519977135278,-0.2578461642065392,0.2831106405200873,14910
-2.3414028478103273,5.8035855555612255,4.205955617627783,1.2392351594969309,1.0623240315948934,3.479319656880756,1.0615065874880631,14911
-0.702437870038218,-0.3565098415904979,0.15217402481197023,0.5868357594097244,1.2689156258044918,-0.4054300282323229,0.8704965281592473,14912
-0.16496440251850533,0.39276528972337893,0.4282827185352409,0.1217860899462479,1.1486522666287788,0.7013229133180106,1.0058686705948,14913
0.5144768952160161,-0.3565098415904979,-0.6734001917573894,-0.8040300590561262,-1.1214870614728398,-0.8702067625832752,0.7887311571486797,14915
0.33163389949978844,0.39276528972337893,0.4548029749653389,0.16644835500333333,0.6727627694457535,0.6541944280815882,0.909707966224177,14916
0.6937863688962194,-0.3565098415904979,0.6445088146523547,1.4172460193490075,0.8645524679072496,0.12272883006199294,0.16945961509223864,14918
1.1441775001446148,-0.3565098415904979,0.24714865004874856,0.7469911483822828,0.5509488844837511,0.45098650481467234,-1.2778587188319563,14920
-0.2969414599191216,-0.3565098415904979,0.4838299778136078,1.146186240027441,1.2480986912780738,0.7239767083482843,0.7556987451010523,14921
0.0888931606621161,-0.951242971618668,0.035005428137992525,1.3203829189327445,1.10239793329411,0.22678420562437498,-1.2778587188319563,14923
1.2511523514720058,-0.951242971618668,-0.6667855910915395,0.13567103950652282,-0.9750697329937101,-1.0177906266090588,-1.2778587188319563,14924
-0.25030595595327615,-0.951242971618668,-0.9254063968758226,-0.3009135454826045,-0.14385948203870827,-0.9409204605414276,-1.2778587188319563,14929
0.6477675868397659,0.06546002950528196,0.9501705732981811,1.387838691609835,1.0157477011620357,1.0709304081093147,0.741671553492332,14930
-1.5219203589242727,0.39276528972337893,0.23641420037069608,-0.20122037177472626,-0.4404272273554374,-0.13142378134518384,0.8823406875642026,14931
1.546518935319535,-0.951242971618668,-0.5402960485086968,0.34920136351323483,-0.7297381197006924,-0.5827124735718688,-1.2778587188319563,14932
0.43768542024440965,-0.3565098415904979,0.7725923734255019,1.6333433375068913,1.347433874896951,0.6044094489104112,0.81725285979615,14934
1.3911663354633619,-0.951242971618668,0.7265213379901336,2.4877491159431906,1.998436558679986,-1.0177906266090588,-1.2778587188319563,14935
-0.2064153496825682,1.2549262895616227,1.9357512203962897,1.731566986248244,1.3250529325516327,1.5918866766816677,0.8905885388325661,14936
0.17034765419645906,0.06546002950528196,0.6502922545869558,0.8821256387233468,0.04529475416444665,-0.02084845295372739,0.42249545055359644,14937
-0.2969414599191216,1.794302194169694,1.679525409746025,0.7546686070672006,0.4604718356355472,0.949720132392567,0.929427032190964,14944
-0.8384360967831825,-0.951242971618668,-1.5564980316950872,-1.3662759344138922,-2.133258981563555,-1.9114890458877223,-1.2778587188319563,14946
0.34192268478610366,-0.3565098415904979,-0.7176639768321761,-0.8785046670417377,-0.6061026855099967,-0.7437843797219198,0.33300395248729253,14947
-0.48784858938626624,0.8863002017334407,0.3423935114710512,-0.5661072647316228,-0.35692499437899083,0.4356217766984145,0.8093117335984669,14948
-0.6238468161312312,-0.951242971618668,-0.523695094078035,0.37722587135804925,-0.14385948203870827,-0.48963176831474303,-1.2778587188319563,14950
0.41022495340677506,-0.951242971618668,-0.6625931051976772,0.1427484852228252,0.7736705096395222,-0.4465281173678302,-1.2778587188319563,14951
0.20796529408005854,1.6768961606574022,1.9320659995623706,1.2972496669368518,0.7520226430168362,1.0784491734795054,0.9819946451186197,14952
-0.42814272410688714,-0.951242971618668,-0.7318595588685319,0.0258179628008102,0.40922944405556677,0.40406665096392086,-1.2778587188319563,14953
-0.9451786088758904,-0.951242971618668,-0.7067292310622858,0.06824113019702534,-0.31029949280696056,0.6897743881055913,-1.2778587188319563,14954
1.271997922586503,-0.951242971618668,-1.9855707571002044,-2.0906048884710415,-1.6651932763959008,-0.8702067625832752,-1.2778587188319563,14957
0.8691073670195009,0.06546002950528196,-0.3130901545477858,-0.7403014792093033,-1.4185516393313677,-0.02084845295372739,0.5374788810429604,14958
0.25534153803420273,0.39276528972337893,-0.02419405312165851,-0.6395494223059182,-0.25052108600730755,0.0774137897288553,0.8756161383759573,14959
-1.219473754807221,-0.3565098415904979,-0.9347136722084667,-1.2434745297794811,-0.3734658037651584,-0.32855986216469163,0.7344666536224932,14960
-1.0048844741552696,1.4094682908473293,1.8208402452557533,1.3794314281216575,1.0863183742373053,1.517676933011555,1.0363630337467562,14961
1.3230697730829752,-0.951242971618668,-1.3765628090377582,-1.0625225520417838,-1.3850203868630266,-1.5532810589181636,-1.2778587188319563,14962
-1.0697884448393309,0.6601931595334521,0.5732207299154306,0.06650221814246568,0.4472220887466522,1.2904334962277955,0.7602659373124884,14963
1.2541661943878881,-0.951242971618668,-0.990649553171255,-0.41105223377661926,-0.0883048517664709,-0.804736104337389,-1.2778587188319563,14964
0.5539530431791972,-0.3565098415904979,-0.14688057377177516,0.08269785831732773,0.17583950685429145,0.7460640987439856,-1.2778587188319563,14965
-0.7902951935033181,-0.951242971618668,-1.0852750908381403,-0.5707920929360123,0.16046229614454793,0.02964812480486719,-1.2778587188319563,14966
0.0744087228930169,-0.951242971618668,-0.34656300936309836,0.6762472028360492,-0.11177582607472476,-1.4170967027141252,-1.2778587188319563,14967
-0.2969414599191216,-0.951242971618668,-1.2557721732210814,-0.8586127024507053,-0.21961292533603674,0.0774137897288553,-1.2778587188319563,14968
0.29988761456406465,0.39276528972337893,0.6355065336152101,0.47085537718601134,-1.001098077163036,-0.29249568749523525,0.9018536771782983,14970
-0.18540198526921478,0.06546002950528196,0.33950418727173237,0.35826561478172936,0.35334926841635583,1.260483184010916,-0.4098281732323931,14971
0.7666173547449812,-0.951242971618668,-1.454756783088179,-1.1945238564454537,-1.8748395646877636,-0.5349468086478807,-1.2778587188319563,14972
0.6340805036168403,0.06546002950528196,0.4828487411950579,0.5998469395859218,-0.25500732989350533,-0.13142378134518384,0.6101709418605287,14973
-0.14507188746243174,-0.951242971618668,-1.6472199157756306,-1.5194259332727342,-1.5735117690095164,-0.5827124735718688,-1.2778587188319563,14974
0.17034765419645906,-0.951242971618668,-0.7479567349377386,-0.0013561035406791102,0.9964093133812152,-0.9409204605414276,-1.2778587188319563,14975
0.17034765419645906,0.8863002017334407,0.061925382888295306,-1.037014628487293,-1.5256576370602886,0.24620146194085193,0.933841130920051,14976
0.34192268478610366,0.6601931595334521,0.7853134989195366,0.4236901475716536,-0.434074901899125,1.210344930977783,0.917409140426984,14978
1.2511523514720058,-0.951242971618668,-1.5470094984222087,-1.3502580918101907,-0.5173425572626533,-1.1950730719486045,-1.2778587188319563,14981
-0.6238468161312312,-0.3565098415904979,-1.0055629458899689,-1.3625169601639882,-1.8370450943997028,0.0774137897288553,0.7320355214809848,14984
1.0899702347522078,-0.3565098415904979,-0.7144194731199266,-0.8730462018772326,-0.21093716091886555,0.7239767083482843,0.7271279089759665,14985
-0.7450737659930379,-0.3565098415904979,-0.6259427270354889,-0.724167201130717,-0.9750697329937101,-2.1656416572948998,1.0363630337467562,14987
1.1406836993454563,-0.951242971618668,-0.6063631924163542,0.23767168005690703,-0.10389713532366034,0.14454350874121646,-1.2778587188319563,14988
-0.10681093136222787,-0.3565098415904979,-0.8971947794711577,-1.1804150344754247,-1.2238368809047284,0.3878561117744264,0.8905885388325661,14995
0.013483028875857768,0.06546002950528196,-0.2164443526615565,-0.5777826605168102,0.9767295419560847,-0.2578461642065392,0.6511299064708088,14997
0.9768572055406751,-0.3565098415904979,-0.43524590100058996,-0.4031190031513092,-0.20232839148992285,0.6296525833243007,0.41167127410905197,14998
0.044567739394007766,-0.951242971618668,-0.3019997832153047,0.7514755570843117,0.3790970664799492,0.7013229133180106,-1.2778587188319563,15000
0.6937863688962194,0.39276528972337893,0.6599992269958966,0.5121256000441295,0.36629749877120676,0.8775617086856059,0.9065849639824395,15002
0.8691073670195009,-0.951242971618668,0.4236940332786422,1.9765383773102003,1.5446238313514027,1.3136835116947465,-1.2778587188319563,15004
-0.7450737659930379,2.9711778844066976,1.7309798590510397,-0.2955741078187671,-0.028029086001941865,2.063866000754583,1.0374901606918017,15005
0.0888931606621161,-0.951242971618668,-0.3268598253102183,0.7095086661069745,0.6766676074178869,1.1006289894230767,-1.2778587188319563,15006
0.9272608381757783,-0.951242971618668,-1.207271284222027,-0.776737075967205,-0.8924519348921129,-0.8702067625832752,-1.2778587188319563,15007
-0.9451786088758904,0.06546002950528196,0.44878507595237344,0.5424323546243968,0.35334926841635583,1.28452411233151,-0.26455565770754286,15009
-0.16496440251850533,-0.951242971618668,-0.6696357507702131,0.1308596099825411,0.19100749731358085,-0.4465281173678302,-1.2778587188319563,15010
0.1307317020707626,-0.3565098415904979,-0.4543172019302198,-0.4352356093057317,-0.3536460799527158,1.0244223228973448,1.0009610580897814,15012
-0.0357166753013247,-0.3565098415904979,-0.8138009066518936,-1.040207039648566,-0.8081290687529016,-0.13142378134518384,0.6570707361101835,15014
0.9898301430825142,-0.951242971618668,-1.1435923199773992,-0.6692389414185582,-0.7861972774880905,-0.4465281173678302,-1.2778587188319563,15016
-0.2064153496825682,-0.951242971618668,-1.383586072908415,-1.074378708521311,-0.992354266839824,-0.4465281173678302,-1.2778587188319563,15017
-0.10681093136222787,0.06546002950528196,-0.2928234387846271,-0.7062275207632186,-0.992354266839824,-0.1024556255368702,1.0131176395958414,15018
1.312018828634696,-0.951242971618668,-0.8289226800117657,-0.13803684514304249,-0.035387727249114306,0.5516505149897042,-1.2778587188319563,15019
-1.140882700900234,1.4094682908473293,0.7644729592414645,-0.39964027902353694,-0.5877762985559805,1.866729919935075,1.0452912719577836,15021
-0.9451786088758904,0.39276528972337893,0.1378601293657313,-0.36704374969245634,-0.17899141923739573,0.9053163346348189,0.13783812499523687,15022
-1.8243669630413246,1.6768961606574022,1.7810309611719655,1.0426295173305058,0.5582631608753881,2.0313733857803533,1.0551001055883238,15023
-1.0697884448393309,1.5492685361090064,0.6574082774968568,-0.7205410100820928,-0.5975128678800714,0.9837031527462071,1.0452912719577836,15024
-0.2280378812240346,-0.951242971618668,-0.5437371989197936,0.34339226698846825,0.19100749731358085,0.5784237638341764,-1.2778587188319563,15025
0.41949122296488883,0.06546002950528196,-0.3458771936571959,-0.7954179904487966,-0.8007704275057291,0.4356217766984145,0.8113120301567754,15026
-0.2732593087343148,0.39276528972337893,0.31607195088349577,-0.06714441752520146,-0.1019361320013559,-0.1024556255368702,0.8307769387477173,15027
-1.219473754807221,0.39276528972337893,-0.1064759626203096,-0.7778242053605132,-0.331762125550135,0.02964812480486719,1.0485880175949933,15028
0.34192268478610366,-0.3565098415904979,-0.25819779656145686,-0.10488252742448263,0.2029950332585253,-1.2991284475109868,0.8093117335984669,15030
-1.6579185856692376,0.39276528972337893,-0.0740667744761211,-0.7233682727412741,-0.4837270426650046,0.6780728978510595,0.9453764825814174,15031
1.2807564393415785,0.06546002950528196,1.5410106966483885,2.3846558356886285,2.061342084959272,-0.13142378134518384,0.582677574239563,15032
-1.5219203589242727,1.5492685361090064,1.0120914820845803,-0.1244354595910261,0.08354696623733106,1.9458977455514443,1.0070861067701522,15033
-0.7450737659930379,1.2549262895616227,1.4225342686901548,0.8662366687679148,0.7396584116463523,1.9027940946045314,1.0237476367657676,15034
0.5063246271107786,-0.951242971618668,-0.8291740133342389,-0.13846112753576473,0.5087069979065858,-0.2245044866023096,-1.2778587188319563,15035
0.34192268478610366,0.06546002950528196,-0.4075698122386704,-0.8990994737016255,-0.42635978390182366,1.0002167101511623,0.5718533977950185,15036
0.19563567275482363,0.8863002017334407,-0.0353534412811867,-1.2001156661984609,-1.6235125302299842,0.9837031527462071,0.9909590624336839,15038
-1.0697884448393309,3.710302162905302,2.643317564855576,0.5448472852352372,0.2512765148956979,2.1766039975418656,1.0474921563478996,15039
0.9768572055406751,-0.951242971618668,-1.0987760880286612,-0.5935834814226738,-0.45109553940094166,0.5784237638341764,-1.2778587188319563,15041
1.0937092155478652,-0.951242971618668,-1.3209251067867274,-0.968599083381355,-1.80049001290108,-1.5532810589181636,-1.2778587188319563,15042
-0.2732593087343148,-0.951242971618668,-0.22996255069076038,0.8730835041716251,0.7336559985887237,-1.9114890458877223,-1.2778587188319563,15043
-0.6238468161312312,2.2716292906855724,1.8849590475220146,0.6329994654003185,0.06226642419829021,1.6832910064860507,1.0283817981296515,15044
0.8938912117790716,-0.3565098415904979,0.02059089476821119,0.36498443444867035,-1.1020982231839767,-0.9409204605414276,0.5644689262283344,15045
-1.140882700900234,2.098866031753182,1.5588709124206324,0.25186795705242276,0.4128570559279156,1.2725854225592388,1.0131176395958414,15046
1.3203223478520192,-0.951242971618668,-0.5850753856390789,0.27360818663069586,0.39927553773862884,-0.36615913643588405,-1.2778587188319563,15047
0.26672992881572677,0.39276528972337893,-0.5029748747186856,-1.4430487388936333,-1.2900838987664411,0.8091944917842315,0.9806972458367789,15048
1.331251848980856,-0.951242971618668,-1.4118577364481157,-1.1221048473986595,-0.992354266839824,-1.9114890458877223,-1.2778587188319563,15049
-0.42814272410688714,0.06546002950528196,0.7052471223029037,0.9747860506687648,1.068175905482131,0.6044094489104112,0.24317183845542084,15050
-0.48784858938626624,0.06546002950528196,0.5235561766379299,0.6684645251402438,0.8618045490861571,1.1707808752169762,0.6389733249647489,15051
1.4442967229447816,-0.951242971618668,-0.9848225508530744,-0.4012155178902125,-0.7435871189288051,-0.19237550596065342,-1.2778587188319563,15052
-1.5219203589242727,0.06546002950528196,-0.025878685790487743,-0.2571261755776221,0.8328173334328645,0.3198649108815007,0.9453764825814174,15053
-0.9451786088758904,-0.3565098415904979,-0.6874273779345748,-0.8276325318021073,-0.49481997101778535,0.9837031527462071,0.052417515398891834,15054
1.3339593841020705,-0.3565098415904979,0.5824527712120937,1.3125551548255079,0.8529654137720077,-0.2578461642065392,0.1892166181336462,15057
-0.42814272410688714,1.6768961606574022,0.8571170625625812,-0.5126773685243693,-0.5308684266947935,1.5445861076349723,0.9579634571208487,15058
-0.07041712293760334,1.4094682908473293,0.49682880431550297,-0.8491755856287293,-0.922947982378402,1.3584246971207208,0.9674833810560453,15059
-1.219473754807221,0.39276528972337893,-0.7117302894597108,-1.7923188294562413,-0.9750697329937101,0.7460640987439856,-1.2778587188319563,15060
-1.6579185856692376,3.740546376209499,3.4523789574122032,1.880340953461823,1.509171700963434,0.6296525833243007,1.0572471637332093,15061
0.33163389949978844,0.39276528972337893,0.25532542217241544,-0.169393551170202,0.23095923463192078,0.283800736212044,0.9607069245786084,15062
1.1441775001446148,-0.951242971618668,-0.5245523637401481,0.3757786918918713,-1.1214870614728398,-1.5532810589181636,-1.2778587188319563,15063
-0.12569611998983565,0.39276528972337893,1.1813430880372686,1.3910417699445863,0.8913975397811548,1.28452411233151,0.909707966224177,15065
0.11704461884783704,-0.951242971618668,0.1754500628400267,1.5574712010196896,0.794906010767853,0.18662048949877436,-1.2778587188319563,15066
0.4008421239442265,0.06546002950528196,0.7084824340149045,0.9802414029422833,0.7984062651386392,0.7676127182136949,0.8250375003724938,15067
0.013483028875857768,-0.3565098415904979,-0.2060800201366264,-0.017064843264935015,0.17888965951286112,0.9053163346348189,0.8364341866318548,15068
1.0151181616408786,-0.951242971618668,0.3478394698138773,1.8484862934518784,1.3452961367514504,0.6296525833243007,-1.2778587188319563,15069
1.5606124065159652,-0.951242971618668,-1.516073478826942,-1.2980341833923945,-1.603242333605013,-2.5238496442644585,-1.2778587188319563,15070
0.5384123746786584,-0.3565098415904979,0.250643559458594,0.7528849883858405,-0.15613296491699558,-0.2578461642065392,0.7801890356795537,15071
-1.0697884448393309,0.06546002950528196,0.29889942493090904,0.28984738484296113,0.06120493390026392,-0.07440725075751485,0.7692449085049974,15073
0.6201375723012269,-0.951242971618668,0.02060171733625755,1.2960676358540733,1.1364611972739929,0.16583248100890577,-1.2778587188319563,15074
0.4008421239442265,-0.951242971618668,0.06004268440597917,1.362648969817076,1.1770049417082291,-0.19237550596065342,-1.2778587188319563,15075
0.9898301430825142,-0.951242971618668,0.16401452257694227,1.5381665647018772,1.4494089489216742,0.3198649108815007,-1.2778587188319563,15076
-1.3073310782723213,3.160704667261126,2.0793507041708765,0.11131748572419962,0.03284967525617568,0.9143774355896803,1.0496808474101464,15078
1.1441775001446148,0.39276528972337893,0.17724826216428022,-0.30077889272293773,-0.5145022242580151,0.2652011103088699,0.712028323544415,15079
-0.5195948743219904,0.6601931595334521,-0.27916726998682023,-1.3654836984797816,-1.5445535148718397,-0.2245044866023096,1.0318220903460842,15081
1.2836532395139844,-0.951242971618668,-1.6626221227103288,-1.5454268039378374,-1.5445535148718397,-1.5532810589181636,-1.2778587188319563,15083
1.3526418481444065,-0.951242971618668,-0.674797034471652,0.12214671120407491,1.2328187564377933,-0.6867678491342508,-1.2778587188319563,15087
-0.5527525600703276,-0.3565098415904979,0.3833212506434063,0.97665200026082,0.43856877155237234,0.3878561117744264,0.23467564592039966,15088
-1.0697884448393309,0.8863002017334407,0.9694558338155008,0.48914153458906995,0.42154813405055563,1.2294817716123259,0.6101709418605287,15089
1.418204472387306,-0.951242971618668,-0.5023072919215055,0.41333118276182923,0.3269927193130994,-0.32855986216469163,-1.2778587188319563,15090
0.29988761456406465,-0.951242971618668,-0.3180728439606348,0.7243422004553864,0.8922010209700082,-0.1024556255368702,-1.2778587188319563,15091
1.1511163883858435,-0.3565098415904979,-0.3569042975760601,-0.2711706734492248,-0.9166008235424956,-0.32855986216469163,0.39485776960636626,15092
-0.662107772231435,0.8863002017334407,1.4805782346344947,1.3506676881630546,1.5529434975843757,0.3713425543694715,1.0408523744008888,15093
0.6130671392034865,0.39276528972337893,0.516173544568593,0.2698146133673287,0.6155794608688285,-0.1024556255368702,0.5414493438733692,15095
-0.0357166753013247,-0.951242971618668,-0.9414857281644283,-0.3280574875805733,-0.28231065620974044,-0.9409204605414276,-1.2778587188319563,15096
-1.6579185856692376,-0.951242971618668,-0.8439206094286879,-0.1633552442962984,0.10327898756762396,-0.2578461642065392,-1.2778587188319563,15097
1.0274477829661135,0.06546002950528196,3.2036093473614726,5.190857210146442,-1.479773378933969,-2.5238496442644585,-1.2778587188319563,15098
0.45544638091705564,-0.951242971618668,-0.4437066669635335,0.5122564391803694,0.8825208145520325,-0.32855986216469163,-1.2778587188319563,15099
1.4784672060067832,0.06546002950528196,0.15961764480008492,0.0552130967188629,-1.9273118425844469,-2.5238496442644585,0.1892166181336462,15100
-1.140882700900234,-0.3565098415904979,-0.6478402919299436,-0.7610189376685452,-0.2777134121640168,-1.1950730719486045,1.0374901606918017,15101
-0.2732593087343148,-0.3565098415904979,-0.015155777552556926,0.30472320154641247,0.06683255867873295,0.02964812480486719,0.31238756749669155,15103
1.0862124177017818,-0.3565098415904979,0.25989177611655373,0.7684813728742601,0.7966575116800153,0.5784237638341764,0.4818655959872372,15104
-0.662107772231435,1.0821630306292318,0.9282781998467328,0.21289142566667457,0.12266782585648715,0.8489067773437937,0.6034748878920203,15105
-0.662107772231435,0.6601931595334521,0.5457955556591699,0.02033258775526046,0.4680961132331607,0.8489067773437937,0.9065849639824395,15106
1.425411534317174,0.8863002017334407,-0.6429246899327253,-2.214701777773163,-1.868450836021558,-0.8702067625832752,0.3525976072831403,15107
0.8434716788641091,0.06546002950528196,0.38275799024972434,0.4311543834342511,0.05894590556644207,0.3198649108815007,0.4818655959872372,15108
1.2511523514720058,-0.951242971618668,-0.31108607786529685,0.7361367440803626,-0.18530775398810617,-0.16137409356206325,-1.2778587188319563,15109
-0.45739843875914415,0.39276528972337893,0.2619413317982424,-0.1582587011995855,-1.0187941646105538,-0.5827124735718688,0.9688248347261402,15110
-0.3214002120141793,0.06546002950528196,0.6231093707857304,0.8362949521405488,0.470287272357448,0.6296525833243007,1.0295318942148675,15111
-1.0697884448393309,0.06546002950528196,1.2653191645786013,1.919477790919815,1.798033879234901,0.7013229133180106,0.22599270900645435,15113
-0.2969414599191216,1.5492685361090064,1.0741107766139126,-0.020092688802664543,0.7686568097603466,1.210344930977783,0.9367566993285864,15114
-0.662107772231435,-0.951242971618668,-0.5932372263880572,0.25982996857382296,0.015131017533362346,-0.4054300282323229,-1.2778587188319563,15115
-0.662107772231435,0.39276528972337893,0.5057298898799492,0.25222313484100917,0.04986373638462604,0.0774137897288553,0.790838136683051,15116
-0.7902951935033181,0.6601931595334521,0.615088828635017,0.13699441468602266,1.0241514628093065,0.5379533476192208,0.81725285979615,15117
0.8005288809889273,-0.951242971618668,-0.8544890438682502,-0.18119609646512852,2.479460239535499,-2.5238496442644585,-1.2778587188319563,15118
1.2511523514720058,-0.951242971618668,-0.7873377933875991,-0.06783630418666206,-0.6247353771966503,-0.7437843797219198,-1.2778587188319563,15119
0.8005288809889273,-0.951242971618668,-0.5506643811201314,0.3316983085039325,0.718741661085247,-0.4054300282323229,-1.2778587188319563,15120
0.0744087228930169,-0.3565098415904979,-0.3570607032827631,-0.2714341317595238,-0.48925970960990905,-0.16137409356206325,0.8856605199262281,15121
0.6809252725881031,0.06546002950528196,0.6561169536878099,0.8919464077018898,0.6028107982254246,0.5651385571139715,0.7823419441480298,15122
-1.3073310782723213,-0.3565098415904979,0.8929751542985936,1.8364650274783076,1.4998968546118887,0.8775617086856059,0.8133022496116039,15123
-0.48784858938626624,-0.3565098415904979,-1.0802221499541007,-1.487904787594806,-0.31503338570038253,-0.7437843797219198,0.7510781342259888,15124
-0.42814272410688714,2.098866031753182,2.213485221144886,1.354863369800546,1.0886553566808737,0.9583392212310814,0.8970650400472426,15125
0.27794705909668965,-0.951242971618668,-0.45139693745515447,0.49927429127909445,0.5355716737740076,-0.6332090513304633,-1.2778587188319563,15127
0.20796529408005854,0.39276528972337893,0.5724952928360436,0.3646924792917208,0.858773994615432,0.6780728978510595,0.7271279089759665,15128
0.0744087228930169,1.6768961606574022,1.2511940343555283,0.15008859585376438,0.05730009592812955,0.40406665096392086,0.8905885388325661,15129
0.9768572055406751,-0.951242971618668,-0.6169592081037246,0.2197842672581566,0.2667169535485704,-0.36615913643588405,-1.2778587188319563,15130
-0.662107772231435,0.6601931595334521,0.24727896798685514,-0.4818894661158486,-0.14548816034339485,0.3198649108815007,0.8954558413812965,15132
0.7666173547449812,0.06546002950528196,0.2509273557159653,0.20902399740274438,0.42236456037871534,-0.19237550596065342,0.7625298846329416,15133
-0.7902951935033181,1.2549262895616227,0.5262181706248381,-0.6422943120738756,-0.36972266616492594,0.22678420562437498,0.8635655130798013,15134
1.22970744229283,-0.951242971618668,-1.3029630977804643,-0.9382769435063777,-1.4100738030285696,-1.1019923666914786,-1.2778587188319563,15135
-1.8243669630413246,0.39276528972337893,0.46585024108557693,0.18505388786031712,0.2496963160467537,0.5099049728398658,0.5170049875692359,15136
1.2328090064575377,-0.3565098415904979,-1.1030618523888096,-1.5262510313074547,-0.4404272273554374,-0.804736104337389,0.5294161986208543,15139
0.10310168753222393,1.0821630306292318,0.9472276448589553,0.244798225995623,0.41205716935418163,0.6780728978510595,0.8383020753421495,15140
0.013483028875857768,-0.951242971618668,-0.2887769491437875,0.7737973710929983,0.9516310010166474,-0.2245044866023096,-1.2778587188319563,15142
1.1881676892346311,-0.951242971618668,-0.8083334631952069,-0.10327964665760363,-0.035387727249114306,-0.7437843797219198,-1.2778587188319563,15143
-1.219473754807221,2.2716292906855724,1.7664980810019053,0.43347313803262416,0.16300964855332958,1.1841667312791886,0.9819946451186197,15144
-1.6579185856692376,0.39276528972337893,0.40677258174343894,0.08556392599446674,0.22073806190907697,0.40406665096392086,0.8954558413812965,15145
0.9547213050134129,-0.3565098415904979,0.4905149716060797,1.157462827811229,1.7327174860226506,0.8489067773437937,0.635874817110362,15146
1.2328090064575377,-0.951242971618668,-0.11109674365668945,1.0737439996642166,0.9546728312838165,-0.16137409356206325,-1.2778587188319563,15147
-1.0048844741552696,-0.951242971618668,-0.6895608177324121,0.09722358033600113,0.20894080789238595,-0.4465281173678302,-1.2778587188319563,15148
0.8005288809889273,-0.951242971618668,-0.2543381490599848,0.8319344153903997,-0.21093716091886555,-0.32855986216469163,-1.2778587188319563,15149
-0.702437870038218,1.5492685361090064,1.5926992616203646,0.8532578756428315,0.949191546867613,1.8512575525133517,0.9065849639824395,15150
-1.0697884448393309,1.903003202857391,1.5059484711684978,0.3548129822052864,0.3269927193130994,1.5312339703796007,0.7692449085049974,15152
-0.2732593087343148,-0.951242971618668,-0.6190326464615062,0.21628404142679922,0.2723332379772021,-0.36615913643588405,-1.2778587188319563,15153
0.3719639973065715,-0.951242971618668,-0.8243184783996618,-0.13026437129303312,-0.6122790453592394,0.5784237638341764,-1.2778587188319563,15154
-2.3414028478103273,0.06546002950528196,0.23377619232997526,0.1801300661025347,0.2779213704860009,0.35451443417019673,0.10346360824317884,15156
-1.6579185856692376,0.06546002950528196,0.7913868096049562,1.1200423456630704,1.821079068080976,1.1364010663552007,1.0419667833944715,15157
-0.0025589895529871606,-0.951242971618668,-0.46149658095962837,0.4822248174188331,0.2723332379772021,-1.2991284475109868,-1.2778587188319563,15158
-2.038956243693276,3.069000284184918,2.596577285329523,1.0691392455740925,1.000401111380197,2.0736279740972656,1.0474921563478996,15159
1.5279984640357225,-0.951242971618668,-1.2009850947421314,-0.7661251941546782,-0.6760009656492845,-1.7143529650682148,-1.2778587188319563,15160
-0.662107772231435,-0.3565098415904979,-0.6812176816548089,-0.8171841181097993,-0.5638005336114014,-0.13142378134518384,0.7602659373124884,15163
0.3106205350864354,0.06546002950528196,0.1114464968235182,-0.025915168644267572,-0.31029949280696056,0.7350894284387285,0.9353016047691758,15164
1.5606124065159652,-0.951242971618668,-0.30650551743502313,0.7438693086294682,0.036100226984498086,-0.19237550596065342,-1.2778587188319563,15165
1.4489442464336824,-0.951242971618668,-1.1977856494292278,-0.7607241263639664,-0.9580490954918934,0.12272883006199294,-1.2778587188319563,15167
-0.3999912659211662,-0.951242971618668,-1.513400596315735,-1.2935220201179,-1.2026013797763975,-1.5532810589181636,-1.2778587188319563,15168
1.4717571897824155,-0.951242971618668,0.4675819382872722,2.050626704179838,0.6959892366576711,-1.5532810589181636,-1.2778587188319563,15171
-1.140882700900234,0.6601931595334521,0.6513575829627771,0.198066853638475,0.8129884924315501,0.9919985150884222,0.8670462204089304,15172
1.4535629925028948,-0.951242971618668,-1.321973827543109,-0.9703694564756846,-0.07292764105672737,-0.9409204605414276,-1.2778587188319563,15174
0.34192268478610366,-0.951242971618668,-0.9244851586757836,-0.29935837904492957,1.194289475554343,-0.32855986216469163,-1.2778587188319563,15175
1.292276747199566,-0.951242971618668,-2.272676141010879,-2.5752750390518013,-1.80049001290108,-1.9114890458877223,-1.2778587188319563,15178
-0.662107772231435,0.6601931595334521,0.8957386382650141,0.6097402181273022,1.0184285031096048,0.8585620603175879,0.9767792858606247,15179
1.5485486647540225,-0.951242971618668,-1.6689033312974908,-1.5560302773743235,-1.603242333605013,-1.4170967027141252,-1.2778587188319563,15180
0.27794705909668965,0.06546002950528196,-0.031023323534974345,-0.26578597122739456,0.17482093199926155,-0.9409204605414276,0.8231056739007375,15181
0.9035786869909719,-0.3565098415904979,-0.11192699079515078,0.14160739161143981,-0.22397625811260788,-0.29249568749523525,0.5966633790454322,15182
-0.3214002120141793,-0.3565098415904979,-0.45991314308272496,-0.44465897514776803,-0.48925970960990905,0.4809368170315517,0.7320355214809848,15184
0.3212012104594013,-0.951242971618668,-0.6653259455938026,0.13813510546567165,1.6207037696112279,-0.4054300282323229,-1.2778587188319563,15185
-0.8384360967831825,-0.3565098415904979,-0.4419067840319896,-0.4143363288591464,-0.4038721458568141,-0.5827124735718688,0.7145853404081729,15186
-2.038956243693276,2.098866031753182,1.508713354866559,0.16743618243955424,-0.23070004729716068,0.49553962220406433,0.8364341866318548,15187
-2.3414028478103273,3.514439334009511,2.485934475095881,0.46316398476966214,-0.035567814496299546,0.7460640987439856,1.0155047026061468,15189
0.718861842900669,0.06546002950528196,0.29959377998252057,0.2910173044995951,0.7556599385803305,0.05385373755105001,0.8970650400472426,15192
0.22009442484988165,-0.951242971618668,-0.2878521821037382,0.775358494658317,-0.08058973376917059,-0.48963176831474303,-1.2778587188319563,15193
-1.8243669630413246,2.098866031753182,1.883056483507647,0.7978959194112297,0.9969943724874144,1.5876897585818852,1.0540221847933684,15194
-1.8243669630413246,-0.951242971618668,1.3415036045532394,3.5259168565814925,2.4512550221072797,-2.5238496442644585,-1.2778587188319563,15195
-1.0048844741552696,0.06546002950528196,0.3260649385868838,0.33562002689175846,0.010417141160150164,-0.1024556255368702,1.0340990864263035,15197
0.5225410289669334,-0.3565098415904979,-1.0405429840321947,-1.4212723424068094,-1.0458763895276026,-1.0177906266090588,0.09130702673711896,15198
0.19563567275482363,0.39276528972337893,0.4546271788025071,0.16615228833493598,-0.49481997101778535,-1.5532810589181636,0.9034370769984014,15199
0.48131920946767887,0.6601931595334521,0.43417336448812144,-0.16753314044085066,0.4950279293397705,0.02964812480486719,0.7295893357937872,15201
-0.3999912659211662,0.8863002017334407,0.745531157603397,0.11202728929141557,0.704259055644412,0.7676127182136949,0.9565845456816257,15203
1.5279984640357225,-0.951242971618668,-0.6502216355233544,0.1636330885983747,0.5661168749430395,-1.1019923666914786,-1.2778587188319563,15204
0.4641707506279294,-0.3565098415904979,-0.07400584185386927,0.2055230255045212,0.22073806190907697,0.0774137897288553,0.20803244687342232,15205
-1.0697884448393309,0.39276528972337893,-0.42490347028789405,-1.3122329916343063,-1.4752871350477703,-1.9114890458877223,0.9279446374825362,15206
-2.3414028478103273,0.6601931595334521,0.15425427083470108,-0.6382492402860014,-0.988875854965561,-0.2578461642065392,1.0397348129024189,15208
1.1848744163049514,-0.951242971618668,-0.614386970625208,0.22412652900560626,0.42887453567305633,-0.4465281173678302,-1.2778587188319563,15210
0.20796529408005854,-0.3565098415904979,0.17618051404345633,0.6273158493857048,-0.28231065620974044,0.3713425543694715,0.9819946451186197,15211
1.2358977276696723,-0.951242971618668,-1.5494873891781489,-1.3544410843735688,-1.603242333605013,-1.5532810589181636,-1.2778587188319563,15212
1.4442967229447816,-0.3565098415904979,-0.6212083137851776,-0.7161991787407517,-0.14385948203870827,-0.36615913643588405,-0.2961771478045446,15213
-2.038956243693276,1.2549262895616227,0.6694935245736838,-0.401537953093084,0.013365648833066214,1.0164272493406568,0.8905885388325661,15214
0.02918729538273665,0.06546002950528196,0.019811283527977012,-0.18021086798851318,-0.8007704275057291,-0.02084845295372739,0.2676161947595539,15215
0.4897478314285932,-0.951242971618668,-1.5908714861244753,-1.4243026669932286,-1.8748395646877636,-2.1656416572948998,-1.2778587188319563,15216
-1.0048844741552696,1.6768961606574022,1.6599182936366303,0.8385049353931052,0.7433779284708885,0.7127224211397556,0.9871420498775906,15218
1.0025813101137504,-0.951242971618668,-0.6778839284471379,0.11693564428660079,-1.3605176400597676,-1.1019923666914786,-1.2778587188319563,15219
0.10310168753222393,0.8863002017334407,0.7239500102732047,0.07569627360572465,0.44897659674367246,1.0244223228973448,0.8704965281592473,15220
1.546518935319535,-0.951242971618668,-0.45783964202071625,0.4883981922334921,-1.4100738030285696,-1.5532810589181636,-1.2778587188319563,15221
1.4442967229447816,-0.951242971618668,-0.16182767033952883,0.9881037879079541,1.159448199314486,-1.5532810589181636,-1.2778587188319563,15222
1.1881676892346311,-0.3565098415904979,0.0420423835540835,0.40114881912924943,-0.4141947205445223,-0.7437843797219198,-0.022343998690729533,15223
1.5300791490861363,-0.3565098415904979,-0.6365324973600375,-0.7419892726813768,-0.7861972774880905,-0.804736104337389,-0.6420378365931088,15224
1.2140031757859513,-0.951242971618668,-0.4458019656963606,0.5087193102748838,0.4190952615510715,-0.32855986216469163,-1.2778587188319563,15225
1.425411534317174,-0.951242971618668,-1.219994340983719,-0.798215202753066,-0.8610461932702582,-1.1950730719486045,-1.2778587188319563,15226
-0.14507188746243174,0.6601931595334521,0.42305407756050156,-0.18624300313712674,-0.035387727249114306,0.2069305701444127,0.9496168566684423,15227
0.27794705909668965,0.39276528972337893,1.2370377309367746,1.4849752041814857,1.4351883589465928,1.0244223228973448,0.868775141007578,15228
1.22970744229283,-0.3565098415904979,-0.4074957483518643,-0.3563836868333403,0.1385715206852373,-0.32855986216469163,-1.0040255697181413,15230
0.6744106014236233,-0.3565098415904979,-0.12583691353132276,0.11816359411496107,0.8825208145520325,-0.2245044866023096,0.03855441838287629,15232
1.3393451483436676,-0.951242971618668,-1.0268976021331644,-0.4722435186955161,0.26107223211555536,-0.7437843797219198,-1.2778587188319563,15234
1.1614051736721587,1.794302194169694,0.910251407269555,-0.5399013173041108,-0.37513346316555196,1.1841667312791886,0.7171259133198687,15235
1.396155819664917,-0.951242971618668,-0.6390782764370072,0.18244448618622253,0.6124870036812244,-0.6867678491342508,-1.2778587188319563,15236
-2.038956243693276,0.39276528972337893,0.5400623495035531,0.3100552235847216,0.6073137688702828,0.8869104689250991,0.8635655130798013,15237
-0.3214002120141793,0.06546002950528196,0.3204230812740301,0.3261135162723514,0.44178154063835545,0.3198649108815007,0.7145853404081729,15238
-1.0697884448393309,-0.3565098415904979,0.06779179847041887,0.4445606341357948,0.7224889926850819,0.302016837212944,0.39485776960636626,15239
-0.0025589895529871606,0.6601931595334521,0.6908480765715891,0.2645720827289111,0.6321320952987131,0.46608857510276935,0.9309038852239986,15240
0.28899800354496863,1.2549262895616227,0.7137987388707022,-0.32705024323919946,0.42521735327484544,0.7676127182136949,0.8475112971565278,15241
0.3620840501269106,-0.951242971618668,-0.649970632559045,0.16405681330479105,0.19701737764317123,-0.36615913643588405,-1.2778587188319563,15243
0.26672992881572677,-0.3565098415904979,-0.10086026946057405,0.16025972280618703,0.2972621547176033,-0.07440725075751485,0.7801890356795537,15244
0.8005288809889273,0.06546002950528196,1.000131686947387,1.4721102528138381,1.494606652997063,0.41998509241608295,0.6389733249647489,15245
1.2265929279270458,-0.3565098415904979,-0.2645640160710496,-0.11560877135248106,-0.25052108600730755,-0.04722204126276407,0.616755389718751,15246
0.7310903972103813,-0.951242971618668,-0.5569373277398146,0.3211087823120697,0.036100226984498086,-1.4170967027141252,-1.2778587188319563,15247
-0.25030595595327615,1.903003202857391,1.7794771560865281,0.8155779237114437,0.6376109988155646,1.5960637511229432,0.861813591245302,15249
-1.140882700900234,1.6768961606574022,2.137851367466823,1.6442637967442997,1.4297465326924736,0.9143774355896803,0.8756161383759573,15251
-0.16496440251850533,-0.3565098415904979,0.026112919535514943,0.3742937162240959,0.5789557512128829,0.22678420562437498,0.6936502319422302,15252
-0.7450737659930379,0.6601931595334521,0.19708629439665476,-0.5662651880019424,0.12394850388506518,0.3713425543694715,0.712028323544415,15253
0.7608124608036914,-0.951242971618668,-0.6920173837754641,0.0930765865813732,0.6369897504844825,-0.5349468086478807,-1.2778587188319563,15254
0.28899800354496863,-0.951242971618668,0.1730044211666326,1.553342648980835,1.276907273655939,0.283800736212044,-1.2778587188319563,15255
0.8791199348959138,-0.951242971618668,-1.5759009136899846,-1.3990304498816117,-1.141219082803132,-1.4170967027141252,-1.2778587188319563,15256
1.3552729799974077,-0.951242971618668,-0.6487919759953283,0.16604653445330586,-1.3365418751151885,-1.2991284475109868,-1.2778587188319563,15257
0.9724822656860589,-0.3565098415904979,-0.11153091892896817,0.14227494116456788,-0.8610461932702582,-0.04722204126276407,0.2596349591424487,15258
0.5840955323843802,1.0821630306292318,0.7380721888657048,-0.10725711516194024,-0.22460098780184964,0.5240404679784646,0.9382064540794413,15260
0.8060338883139719,-0.951242971618668,-0.8226337946077333,-0.1274204122700671,0.6166083765867917,-0.48963176831474303,-1.2778587188319563,15261
1.4558616849442962,-0.951242971618668,-1.1031061557262638,-0.6008931826008127,-0.8305009921012262,-1.0177906266090588,-1.2778587188319563,15262
0.6340805036168403,-0.951242971618668,-1.2092933782841306,-0.7801506261424712,-0.6122790453592394,-0.8702067625832752,-1.2778587188319563,15263
0.25534153803420273,-0.951242971618668,-0.47681937247500444,0.4563580100120257,0.5958474395385367,-0.32855986216469163,-1.2778587188319563,15264
0.8889998820755748,-0.3565098415904979,0.5912935240493344,1.3274695112341983,0.7556599385803305,0.7013229133180106,0.4772449851121737,15265
1.4873210204220024,-0.951242971618668,-1.4241553987210933,-1.1428648545585731,-2.3462531105133038,-1.4170967027141252,-1.2778587188319563,15266
-0.5195948743219904,0.6601931595334521,0.6958700539578475,0.2730300642157051,0.21956393847113614,-1.1950730719486045,0.7295893357937872,15267
-0.45739843875914415,-0.951242971618668,-0.44696840439594027,0.5067502144241965,-1.9545041687411562,-2.1656416572948998,-1.2778587188319563,15269
-0.7450737659930379,1.0821630306292318,0.9557260213875088,0.2591082976502328,0.3754550178265764,-0.36615913643588405,0.9688248347261402,15270
-1.3073310782723213,2.098866031753182,0.9929723007361145,-0.6996169812950773,-0.6838982603119595,1.4757110151240302,1.0463932468041202,15271
0.17034765419645906,-0.3565098415904979,0.0056022141633492294,0.3397162739009945,0.0009291681357348864,0.5379533476192208,0.052417515398891834,15272
-1.6579185856692376,-0.3565098415904979,-0.00034194427963735223,0.3296956963489061,0.7682978240540482,0.22678420562437498,-0.20802256379332715,15274
-0.12569611998983565,-0.951242971618668,-0.1218415212067686,1.0556054580520056,1.2971979670607034,0.16583248100890577,-1.2778587188319563,15275
0.27794705909668965,-0.951242971618668,-1.3646035192474923,-1.0423337603704632,-1.0277486713972925,0.3198649108815007,-1.2778587188319563,15276
0.02918729538273665,-0.951242971618668,-0.8192750692249058,-0.12175045960362411,0.31087441298258106,-0.8702067625832752,-1.2778587188319563,15277
1.5238196009665996,-0.951242971618668,-0.7185113559933397,0.048351415184673376,0.22073806190907697,-0.48963176831474303,-1.2778587188319563,15279
0.9855308510254295,-0.951242971618668,-1.4662014110331971,-1.2138438339181798,-0.006240181982486512,-0.6332090513304633,-1.2778587188319563,15280
0.19563567275482363,1.4094682908473293,0.9397113953203751,-0.1049457625726873,-0.15567597368236244,1.1079002205808004,0.9410900999210926,15281
0.0744087228930169,-0.951242971618668,-0.8683946308639441,-0.20467048364420595,-1.141219082803132,-1.9114890458877223,-1.2778587188319563,15286
-0.5195948743219904,-0.3565098415904979,-0.30823649257627345,-0.18918661542616028,0.37143497376750595,-0.5827124735718688,0.2596349591424487,15287
-0.0357166753013247,0.6601931595334521,0.9309049084402752,0.6690002994811582,0.0009291681357348864,0.7460640987439856,1.004647471086801,15288
-0.3214002120141793,0.06546002950528196,0.21558720103084214,0.14948915338420513,0.8596013268250359,0.2069305701444127,0.8547271639977393,15289
-1.5219203589242727,2.3509346787324734,1.916535414002194,0.6094359551667736,0.531385669579963,0.8775617086856059,1.0419667833944715,15290
-0.3999912659211662,2.0042014208754995,1.4851220084665533,0.2202951664326179,-0.03433351430882906,0.5099049728398658,1.0352326818275173,15291
1.1011314171533835,-0.951242971618668,-1.1055910800789577,-0.6050880487638821,-1.141219082803132,-0.29249568749523525,-1.2778587188319563,15292
0.0888931606621161,0.8863002017334407,1.3016865682212992,1.0490436639636673,0.7124679804810904,1.2167700472871472,0.9425240678339961,15296
-1.0697884448393309,0.06546002950528196,-0.08789639506245961,-0.36150751007271165,-0.5135570524326183,-0.1024556255368702,0.29802024868120347,15297
-2.038956243693276,1.794302194169694,1.5150020579859675,0.47750620968767266,0.5732678301944374,1.0633471031914083,1.0529413148270375,15298
0.28899800354496863,0.8863002017334407,1.3509456500503298,1.1320896137720666,1.2818259279326205,-1.4170967027141252,0.9819946451186197,15299
0.25534153803420273,-0.951242971618668,-0.29245472623985963,0.7675888188371119,0.7036250891210568,-0.16137409356206325,-1.2778587188319563,15300
0.0888931606621161,1.794302194169694,1.5554813313699287,0.5456880148606938,0.4349433046132198,1.3905536777623773,0.9984841990281161,15301
1.3734355320652523,-0.951242971618668,-0.176907830161002,0.9626465734457923,0.5222202554964798,-0.07440725075751485,-1.2778587188319563,15303
0.22009442484988165,1.2549262895616227,-0.02536260375135449,-1.5667179539771001,-2.686701765810706,-1.1950730719486045,0.9858614726582301,15304
0.25534153803420273,0.06546002950528196,0.39306695106511363,0.4485274570160751,0.6166083765867917,0.45098650481467234,0.4725696911826578,15306
0.5539530431791972,-0.951242971618668,-0.9941585779413808,-0.4169759107922256,-1.5735117690095164,-0.8702067625832752,-1.2778587188319563,15307
1.331251848980856,-0.951242971618668,-0.6657098038122065,0.1374871043102029,0.13540887997900455,-0.48963176831474303,-1.2778587188319563,15308
-2.3414028478103273,4.664579045998573,3.5368936983809154,1.162947814500587,1.1055803697799909,2.466734378454509,1.0625643062624948,15311
0.3719639973065715,0.39276528972337893,0.20283335455476126,-0.2577297781485179,-0.20232839148992285,0.18662048949877436,0.9482084497355389,15312
0.6545180863675494,-0.951242971618668,-2.077667378403173,-2.246075617396057,-1.9965782224085158,-2.5238496442644585,-1.2778587188319563,15313
1.0937092155478652,-0.951242971618668,-0.6221287145114155,0.2110574875129769,0.7807940489011167,-0.29249568749523525,-1.2778587188319563,15314
0.25534153803420273,-0.3565098415904979,-0.18180328163680176,0.023844673872907958,1.1364611972739929,0.02964812480486719,0.2831106405200873,15315
1.4627155626313366,-0.951242971618668,-1.1674381158525315,-0.7094936566736166,-0.4837270426650046,-2.5238496442644585,-1.2778587188319563,15316
-1.6579185856692376,-0.951242971618668,-0.6602254182558629,0.14674543982878355,1.5798504619335954,-0.02084845295372739,-1.2778587188319563,15318
1.3578948635647135,-0.951242971618668,-0.9972562436506286,-0.42220516175680206,0.13540887997900455,-0.6332090513304633,-1.2778587188319563,15319
-0.018953607897127814,-0.951242971618668,-0.7851642431550737,-0.06416707686621338,0.826019567850943,0.05385373755105001,-1.2778587188319563,15320
0.33163389949978844,0.06546002950528196,1.070566341789417,1.5909224829752002,1.0356983248734601,0.7781930793856414,0.8547271639977393,15321
0.47279425831351085,-0.951242971618668,-0.042419933691948075,1.1896791290359925,1.0970638078006898,0.18662048949877436,-1.2778587188319563,15322
0.6130671392034865,-0.951242971618668,-1.1832509473527564,-0.7361877134688267,0.44338445982359787,0.283800736212044,-1.2778587188319563,15325
1.4784672060067832,-0.951242971618668,-0.6625421131471995,0.14283456624452812,1.0138288881215982,-0.13142378134518384,-1.2778587188319563,15326
0.11704461884783704,-0.951242971618668,-0.9809360686626684,-0.3946546450748161,-0.31978746583137585,-1.0177906266090588,-1.2778587188319563,15327
-0.10681093136222787,0.06546002950528196,0.30368655775548026,0.29791327014233565,0.04986373638462604,0.35451443417019673,0.6541114883687211,15329
-0.25030595595327615,-0.3565098415904979,-0.0021327547699605087,0.3266767939024828,1.603863115520413,-1.0177906266090588,0.052417515398891834,15330
1.546518935319535,0.39276528972337893,0.6693112661464194,0.5278170094051055,0.05668229036991024,-0.13142378134518384,-0.7301924206043262,15332
1.1265425155085649,-0.951242971618668,0.28748216830620477,1.7465955451422843,0.8857568983955022,-0.6332090513304633,-1.2778587188319563,15333
0.9178780087132298,0.06546002950528196,-0.5753033617209732,-1.180798562568146,-0.5918228732394206,0.5784237638341764,-0.15857589712667391,15334
0.1307317020707626,-0.951242971618668,-1.1427537356214035,-0.6678233051091339,-0.7435871189288051,0.004760574858854357,-1.2778587188319563,15335
0.27794705909668965,-0.3565098415904979,-0.17683850856795696,0.03221124370457338,0.3269927193130994,0.7127224211397556,0.9065849639824395,15339
0.4286437930933301,-0.951242971618668,0.8254084605909091,2.6546830687259337,1.8413744256272546,-0.5827124735718688,-1.2778587188319563,15341
0.7780933519752427,-0.951242971618668,-0.45225818502101595,0.4978203966089643,0.668844206180127,-0.29249568749523525,-1.2778587188319563,15342
0.48131920946767887,-0.951242971618668,-0.5381773866926417,0.3527779322540587,-0.6760009656492845,-0.4054300282323229,-1.2778587188319563,15343
-2.3414028478103273,0.06546002950528196,-0.19100761858615434,-0.5349961556172431,-1.5256576370602886,-0.4054300282323229,0.42249545055359644,15344
0.013483028875857768,-0.951242971618668,-0.4772234170351167,0.4556759317621386,-0.716059051133877,-0.4465281173678302,-1.2778587188319563,15345
1.4762372339216803,-0.951242971618668,-0.8301486790171956,-0.14010648631270595,-0.08058973376917059,-0.5827124735718688,-1.2778587188319563,15346
1.546518935319535,-0.951242971618668,-1.0085872653324763,-0.44133335750837877,-0.19378559029090436,-1.5532810589181636,-1.2778587188319563,15347
0.34192268478610366,-0.951242971618668,-1.2015864227723598,-0.7671403118197996,-0.6760009656492845,-1.1019923666914786,-1.2778587188319563,15348
0.9225841764182786,-0.3565098415904979,-0.3463743512258434,-0.253433199590039,0.039557067277577886,0.5651385571139715,0.06581058532048795,15349
1.5606124065159652,-0.951242971618668,-1.4487194990636423,-1.184332158479311,-1.2238368809047284,-1.5532810589181636,-1.2778587188319563,15350
-0.9451786088758904,1.0821630306292318,0.7908062694437323,-0.018519688043795134,-0.4193920730874314,1.3363373067250204,1.0452912719577836,15351
1.2778483455726946,-0.3565098415904979,0.05703969905699709,0.4264330825658809,0.10653396827782523,0.4809368170315517,0.5932130712951154,15353
-0.3214002120141793,-0.3565098415904979,-0.7562005460185761,-0.9433316596779424,-2.109283216618976,-1.1019923666914786,-0.022343998690729533,15355
-0.2732593087343148,1.5492685361090064,1.0617368611758045,-0.04091303755082917,0.0654845172795632,1.6125773085278983,1.0214100102631878,15356
-1.5219203589242727,2.6311730437506724,1.9560806027688882,0.40661952656180167,0.8069514915711113,1.8819359682846717,1.0485880175949933,15358
-0.0883920916756731,-0.951242971618668,-0.41059378346245307,0.5681551688176548,0.4042636002044418,-0.804736104337389,-1.2778587188319563,15360
1.5383443317867234,-0.951242971618668,-0.4275192444380704,0.539582852938502,0.8596013268250359,-1.2991284475109868,-1.2778587188319563,15361
1.5606124065159652,-0.951242971618668,-0.6269173735003305,0.20297362631321822,-0.08058973376917059,-0.6332090513304633,-1.2778587188319563,15363
0.5539530431791972,-0.3565098415904979,0.19272902606413356,0.6552209843862917,0.5154841014595892,-0.13142378134518384,0.7246510499143011,15364
-0.3999912659211662,1.0821630306292318,0.9335953063043927,0.22184409514675424,-9.220628410690892e-05,0.5651385571139715,0.9620715467515544,15365
0.3719639973065715,-0.3565098415904979,-0.13835406612988846,0.09706774185536467,0.7718824898476155,0.0774137897288553,0.9524186962584894,15366
0.17034765419645906,0.39276528972337893,0.7669467613019951,0.6923585273547522,0.5926996818672138,0.8585620603175879,0.8511357053879716,15367
-0.5527525600703276,-0.951242971618668,-0.3760201268127635,0.6265198680311881,0.43856877155237234,-1.7143529650682148,-1.2778587188319563,15368
-0.07041712293760334,1.0821630306292318,0.9579200390785524,0.26280277752929837,-0.29555107432774247,0.5651385571139715,0.96478673081582,15370
0.8169234993330678,-0.951242971618668,0.8202172421757129,2.645919636369773,3.268712196005811,-0.19237550596065342,-1.2778587188319563,15372
-1.219473754807221,1.794302194169694,0.96783124206963,-0.44315588684509755,-1.4443789743765,0.6780728978510595,1.0518574795072897,15373
0.772377422803206,-0.951242971618668,-1.1531584378401678,-0.6853877566092335,-0.2283567356592486,-1.9114890458877223,-1.2778587188319563,15374
-0.0883920916756731,0.06546002950528196,0.42446391118862725,0.5014412020261022,0.31087441298258106,0.9410161250555489,0.7801890356795537,15376
0.9724822656860589,1.0821630306292318,1.308262954153825,0.8530253783181471,0.8371655386900998,1.266555026458324,0.7950186807341812,15379
-1.140882700900234,0.6601931595334521,0.6831963717342268,0.2516853711003676,-0.7978405175373782,-0.36615913643588405,1.04418621466031,15380
1.1476550127690195,-0.3565098415904979,-0.14586643378064185,0.08440699408955023,-0.6564990671604073,-1.1950730719486045,0.30526921768224496,15381
-0.7902951935033181,0.8863002017334407,1.6869830839708135,1.698771640260937,1.625151975417978,1.517676933011555,0.9496168566684423,15382
0.9768572055406751,-0.3565098415904979,-0.08731379693616322,0.18309208970959398,0.7262237703866882,0.004760574858854357,0.7950186807341812,15384
-0.0883920916756731,-0.951242971618668,-0.6494688635771928,0.1649038627215539,0.04300322180309394,-0.8702067625832752,-1.2778587188319563,15385
1.0435765217469621,-0.951242971618668,-0.4760118971348509,0.45772113037351714,1.1745137002217585,-0.07440725075751485,-1.2778587188319563,15386
1.3203223478520192,-0.951242971618668,-1.2945257985635192,-0.9240337167640886,-0.6247353771966503,-1.0177906266090588,-1.2778587188319563,15388
0.9855308510254295,-0.951242971618668,-0.28676933672878013,0.7771864744188772,1.0534463091944573,-2.5238496442644585,-1.2778587188319563,15389
-1.5219203589242727,0.39276528972337893,0.606701450218359,0.42232182619189224,0.8027661850533396,0.6780728978510595,1.0430780576188126,15392
-0.7450737659930379,-0.3565098415904979,-0.8976055268831018,-1.1811054637521268,-0.8007704275057291,-1.0177906266090588,0.926456659353367,15393
-1.0697884448393309,0.39276528972337893,0.8872404743945105,0.8951289421710018,0.4264377475962543,0.40406665096392086,1.0352326818275173,15394
1.4604379269474606,-0.951242971618668,-1.5068308444880225,-1.2824314492472184,-2.4065288762778327,-1.2991284475109868,-1.2778587188319563,15395
0.6744106014236233,-0.951242971618668,-0.7249093563759827,0.03755078244615208,-0.26403434359720146,-0.7437843797219198,-1.2778587188319563,15396
1.3734355320652523,-0.951242971618668,-1.6123980050723452,-1.4606421498612678,-2.2346770582740305,-1.4170967027141252,-1.2778587188319563,15397
-0.7450737659930379,-0.3565098415904979,0.5014664534688285,1.1759364982856246,1.0094994453938582,0.49553962220406433,0.3589186657548093,15398
-2.3414028478103273,0.06546002950528196,0.10289297995028542,-0.04031950254550427,0.3036352310436549,0.24620146194085193,0.44329276420605374,15399
0.5225410289669334,0.6601931595334521,-0.0007531411527950517,-0.8986017382026571,-0.7576103239704249,-1.0177906266090588,0.7887311571486797,15400
0.8791199348959138,-0.3565098415904979,-0.10746660115376253,0.14912507586950094,0.8938062481750321,0.004760574858854357,0.2514891504230854,15402
1.0554482594476617,-0.951242971618668,-0.572497428178089,0.29484136747035933,0.24396452912099448,-1.1950730719486045,-1.2778587188319563,15405
-0.2732593087343148,-0.3565098415904979,-0.2699057123071278,-0.12460870011736755,-0.21961292533603674,0.35451443417019673,0.933841130920051,15406
-0.2064153496825682,0.39276528972337893,0.30143736953598504,-0.09177954480473517,-0.12770224123977408,1.24821285344886,0.9367566993285864,15407
1.3036218344423172,-0.951242971618668,-0.7850155864618812,-0.06391612559217921,-0.4193920730874314,0.004760574858854357,-1.2778587188319563,15408
0.45544638091705564,1.2549262895616227,1.2519889565802607,0.5788592963685079,-0.035387727249114306,0.302016837212944,0.7692449085049974,15410
-0.3999912659211662,0.39276528972337893,0.503477006450887,0.24842840433250998,-0.1748003236949947,0.8091944917842315,0.7196502524280136,15411
0.9812066353969326,-0.951242971618668,-1.0533846569309655,-0.516957012613433,-0.3987464811895209,-1.0177906266090588,-1.2778587188319563,15412
-1.0697884448393309,0.06546002950528196,0.06196648515715822,-0.10923543623219778,-0.0527491697980477,0.0774137897288553,0.8756161383759573,15414
1.4301778451471832,-0.951242971618668,-0.19714178570417454,0.9284891008607259,1.4097310919882697,0.2652011103088699,-1.2778587188319563,15415
0.26672992881572677,0.39276528972337893,1.3665634429025,1.7034523911145962,1.3506328156895149,1.3799733165904309,0.8511357053879716,15416
0.4641707506279294,-0.951242971618668,-0.27288712164951257,0.800621406851062,0.6727627694457535,-0.16137409356206325,-1.2778587188319563,15417
-0.42814272410688714,-0.951242971618668,-1.3213327787312281,-0.9692872851142427,0.43856877155237234,-1.1950730719486045,-1.2778587188319563,15419
0.19563567275482363,0.39276528972337893,0.2245031440483424,-0.2212650007461137,-0.23716966772977968,0.14454350874121646,0.9065849639824395,15421
1.4535629925028948,-0.3565098415904979,-1.581936224183928,-2.3285420863861828,-2.289069801936379,-1.4170967027141252,-1.2778587188319563,15422
-0.12569611998983565,-0.951242971618668,-2.217030722368518,-2.481338544148197,-0.4727434060236277,-2.1656416572948998,-1.2778587188319563,15423
1.27492886980311,-0.3565098415904979,-0.49810602836577145,-0.5089700057157329,0.6450391002640132,-0.5827124735718688,-1.2778587188319563,15424
-0.6238468161312312,0.6601931595334521,0.535394848103734,0.0028243989386425696,-0.18361989582878754,1.6207197587799842,1.0374901606918017,15426
-0.2280378812240346,0.06546002950528196,0.5502746543147135,0.7135046983484896,0.8134483109991241,1.6832910064860507,-0.2352787307309386,15427
-0.7902951935033181,-0.951242971618668,-1.6142464341432372,-1.4637625315967973,-0.4618669285212062,-1.4170967027141252,-1.2778587188319563,15428
-0.37286372705465515,-0.3565098415904979,-0.4695613537462897,-0.46090583376357125,0.22659020186326767,0.7127224211397556,0.2596349591424487,15429
-0.48784858938626624,-0.951242971618668,-1.1382498193441934,-0.6602201255708579,-0.9580490954918934,-1.0177906266090588,-1.2778587188319563,15432
1.1476550127690195,-0.3565098415904979,-0.235464511579239,-0.06657859287761356,0.6041982658609889,0.14454350874121646,0.29802024868120347,15433
-1.219473754807221,0.6601931595334521,0.29742477738651907,-0.39757092774740604,-0.1989034115263928,0.14454350874121646,0.7991554486507155,15434
-0.5195948743219904,-0.951242971618668,-1.2467025946502903,-0.8433021082997544,-1.1613066551175502,-0.13142378134518384,-1.2778587188319563,15435
-0.9451786088758904,0.06546002950528196,0.3172664050928895,0.32079458205994354,0.23434557297394037,1.7202608189575364,0.8565107233533781,15436
1.2979708596357558,-0.951242971618668,-1.0142741104314505,-0.4509334703063569,-0.7435871189288051,0.22678420562437498,-1.2778587188319563,15437
0.7837658135847301,-0.951242971618668,-1.208939141395974,-0.7795526295337502,-1.0643037528959158,-0.2578461642065392,-1.2778587188319563,15438
0.1441721577143484,0.06546002950528196,-0.4974010566909006,-1.0500039789728273,-0.946844678554462,0.3373595340158314,0.7145853404081729,15440
1.2601575929199522,-0.951242971618668,-0.14967612878686115,1.0086171248363627,-0.28231065620974044,-2.1656416572948998,-1.2778587188319563,15442
-2.038956243693276,1.0821630306292318,1.1952179350302912,0.6625226203626566,0.4583854581647467,1.698265086973342,0.9997245696742453,15443
-1.140882700900234,-0.3565098415904979,0.5394359470711186,1.2399873467768197,0.9949453209170173,1.508521932965516,0.09130702673711896,15444
1.3036218344423172,-0.951242971618668,-1.4635510799300626,-1.2093697402688435,-1.0830408343107478,-1.5532810589181636,-1.2778587188319563,15445
1.4717571897824155,-0.951242971618668,-1.2161050070055235,-0.7916495157596887,-0.6629618684555421,-1.1019923666914786,-1.2778587188319563,15447
1.4301778451471832,-0.951242971618668,-0.2953448677141835,0.7627098949922144,0.4481794353930975,-0.16137409356206325,-1.2778587188319563,15448
-0.3999912659211662,0.06546002950528196,0.2444969456520309,0.19819077385099568,0.6193475182627556,0.283800736212044,0.8806702507149227,15449
-0.2969414599191216,-0.951242971618668,-0.40705150946094143,0.5741349747353491,0.9846431872624802,-0.1024556255368702,-1.2778587188319563,15450
-0.2969414599191216,0.06546002950528196,-0.24268935678235584,-0.6219235239621141,-0.5598542282472236,0.283800736212044,0.8789927206942685,15452
-2.038956243693276,1.0821630306292318,0.5168533327064778,-0.47928259337887935,-0.28626629643763196,1.4010088246192522,0.786612880082922,15453
1.5383443317867234,-0.951242971618668,-1.1024418640264386,-0.5997717743088525,-0.6500735156473001,-0.32855986216469163,-1.2778587188319563,15454
1.3552729799974077,0.06546002950528196,-0.39830983083067417,-0.8835393160759064,0.34288130323117655,0.302016837212944,0.43303094760914873,15456
1.2979708596357558,-0.951242971618668,-0.8799642733172097,-0.22420150139667835,-0.17689390196525065,0.4356217766984145,-1.2778587188319563,15457
-0.42814272410688714,-0.951242971618668,-1.1837409963625602,-0.7370149780924934,0.00805270739732945,-1.2991284475109868,-1.2778587188319563,15458
1.5217213573694948,-0.951242971618668,-0.9602628955856728,-0.35975571781775395,-0.4090214857335816,0.3878561117744264,-1.2778587188319563,15460
0.5384123746786584,0.06546002950528196,-0.8882791414767834,-1.7054579328372674,-1.0957094945177708,-1.1019923666914786,0.5127797309691069,15462
-0.3214002120141793,-0.951242971618668,-1.3800667072927246,-1.068437574852302,-0.4193920730874314,-1.2991284475109868,-1.2778587188319563,15463
1.4873210204220024,-0.951242971618668,0.29984542972989925,1.767466291954039,0.8986081081528384,1.3250830195164915,-1.2778587188319563,15464
-0.5874530077066066,2.3509346787324734,1.855162305899229,0.5060603496987278,-0.8792585252749422,0.2069305701444127,1.0363630337467562,15465
0.4641707506279294,-0.951242971618668,-0.6063869532970081,0.23763156868927043,0.5132296414369405,0.4356217766984145,-1.2778587188319563,15466
-1.140882700900234,0.06546002950528196,-0.24812854281291466,-0.6310708865907948,-0.4475280800326194,0.16583248100890577,0.6827513965678106,15467
0.0888931606621161,-0.3565098415904979,-0.34022459488198,-0.2430738309490328,-0.7646886341064578,-0.29249568749523525,-1.2778587188319563,15468
0.0744087228930169,-0.3565098415904979,-0.22766891243511486,-0.05344310159139209,-0.7789815234862738,-0.29249568749523525,0.400542151507909,15469
-2.038956243693276,-0.951242971618668,-0.36271184200996714,0.6489859336670374,0.5574747378571825,0.5915121454230086,-1.2778587188319563,15471
0.6744106014236233,-0.951242971618668,-0.5229243387271151,0.37852700373983533,0.5355716737740076,0.7013229133180106,-1.2778587188319563,15472
-0.8384360967831825,1.0821630306292318,0.7204666351192826,-0.13687832649613232,-0.5287768123827928,-1.7143529650682148,0.24317183845542084,15473
0.3913397647791676,-0.951242971618668,-0.36335974387259573,0.6478921934903661,0.8018955640787694,-0.13142378134518384,-1.2778587188319563,15475
-0.0883920916756731,-0.3565098415904979,0.5330365828536434,1.2291920867054313,0.6863702805106169,0.004760574858854357,-0.15857589712667391,15478
0.6937863688962194,-0.951242971618668,0.18599424824952177,1.5752711177630183,0.7447122555018454,0.24620146194085193,-1.2778587188319563,15480
-0.7450737659930379,1.6768961606574022,2.1643786419766577,1.6890032227184075,1.196292364786855,0.24620146194085193,1.0295318942148675,15482
0.9365271077338915,0.39276528972337893,-0.9205288723382271,-2.1407332285654572,-0.834273686399729,0.6780728978510595,0.5644689262283344,15483
-2.3414028478103273,0.39276528972337893,1.283590346715539,1.5634943575612257,1.8072620703014726,1.2038727437997445,0.44329276420605374,15484
-0.2969414599191216,0.06546002950528196,1.0153986275971776,1.497862507637184,1.126090609920143,0.4809368170315517,1.0295318942148675,15485
0.530518913644861,-0.951242971618668,-1.6352124883488681,-1.4991558791910347,-0.8305009921012262,-2.1656416572948998,-1.2778587188319563,15488
-0.48784858938626624,0.06546002950528196,0.3654126406900099,0.40192418073078284,0.29817482779459176,0.283800736212044,0.7929339385545909,15489
0.5462231801517399,0.8863002017334407,1.166559474225508,0.821269872937119,0.6342936667006287,1.0083591604032482,0.6771871112552025,15491
-0.3466882305725439,-0.3565098415904979,-0.06646191759776336,0.2182387782267601,0.4927316770320133,-0.04722204126276407,0.24317183845542084,15492
-0.2280378812240346,0.6601931595334521,0.798491865876165,0.4458910802508221,-0.3764693891507929,1.4416343544503578,0.8856605199262281,15493
-0.5527525600703276,-0.3565098415904979,0.4620520993751676,1.1094507068889086,1.4464816034288919,1.1006289894230767,0.5414493438733692,15494
-0.662107772231435,-0.3565098415904979,0.45053526361908675,1.0900241018488428,0.7772379690078435,-0.804736104337389,0.979395571755513,15497
-1.8243669630413246,2.9197062039813404,2.328421687266325,0.7587939814675949,0.4196408109141863,2.066316625345433,1.0529413148270375,15498
-1.219473754807221,0.39276528972337893,0.3635002040382456,0.012702542721455653,-0.0883048517664709,0.5516505149897042,0.42249545055359644,15500
-0.7450737659930379,1.5492685361090064,1.8070639795798318,1.2145937985380877,1.116148384004918,1.3692647054946885,1.0408523744008888,15502
1.5403963966487852,-0.951242971618668,-1.2917143819081922,-0.9192876903569123,-0.8766384768274477,0.5784237638341764,-1.2778587188319563,15503
0.4286437930933301,-0.951242971618668,-2.065278729082324,-2.225162012607314,-1.6975094550640906,-0.804736104337389,-1.2778587188319563,15504
0.11704461884783704,0.6601931595334521,1.2881392597982166,1.271215639466012,1.2515952862028457,0.8489067773437937,0.5531267770778089,15505
-0.48784858938626624,0.06546002950528196,0.24250031510029077,0.19482711407676861,0.6596469699160702,1.1079002205808004,0.6034748878920203,15506
0.9855308510254295,-0.951242971618668,-0.3261405853557479,0.7107228339929565,0.036100226984498086,0.16583248100890577,-1.2778587188319563,15507
1.0554482594476617,0.8863002017334407,0.26526862552438263,-0.6956870514876959,-0.825490511301835,0.7239767083482843,0.24317183845542084,15508
1.4717571897824155,-0.951242971618668,-0.8377985966197878,-0.15302051344057177,-4.404036266822083,-2.5238496442644585,-1.2778587188319563,15510
-0.9451786088758904,0.6601931595334521,0.18161113988995944,-0.5922749135959314,-1.1653679714535143,1.0784491734795054,0.42249545055359644,15511
0.91314196037818,-0.3565098415904979,-1.4129679002063265,-2.045882825042529,-1.6651932763959008,-1.2991284475109868,0.8231056739007375,15512
-0.2280378812240346,2.426171291971279,2.4103773147820258,1.3690990480510636,0.735409029597535,1.4709226586943238,1.0260715124446789,15513
-0.9451786088758904,1.6768961606574022,1.3744066809570255,0.357529729872249,0.23082709095829118,0.9053163346348189,1.0397348129024189,15514
-0.0025589895529871606,0.06546002950528196,-1.9344434607296168,-3.441111008713671,-3.061811143440166,-0.6867678491342508,-1.0040255697181413,15516
1.2108222536652227,-0.951242971618668,-0.7854616397225885,-0.06466911983453494,0.7074234917778096,-0.19237550596065342,-1.2778587188319563,15517
0.25534153803420273,1.2549262895616227,0.7853881464688828,-0.20665691511112996,0.021287885812440642,1.2038727437997445,0.9323752378605576,15518
-2.038956243693276,-0.951242971618668,-0.5853530478344608,0.2731394577750635,0.7843388216850264,-0.5349468086478807,-1.2778587188319563,15520
-0.0883920916756731,1.2549262895616227,1.1404559994743386,0.39098650086320114,0.4361531040822187,1.0709304081093147,0.8438533291122697,15521
-0.2280378812240346,-0.3565098415904979,-0.4682814807603428,-0.45875065244063573,0.6805588159103888,0.283800736212044,0.30526921768224496,15522
0.45544638091705564,-0.951242971618668,-0.44074772195541734,0.5172515120804653,-0.17689390196525065,-1.0177906266090588,-1.2778587188319563,15523
-0.42814272410688714,-0.951242971618668,-0.3884688899153411,0.6055047835862802,-3.8345524849439534,-2.5238496442644585,-1.2778587188319563,15524
-2.038956243693276,0.06546002950528196,0.016478525797991403,-0.18582170398228198,-0.20806017841568206,1.1841667312791886,1.0604460291967368,15525
-0.2280378812240346,-0.3565098415904979,-1.2512244871487581,-1.7748501896207094,-2.769319563912303,-1.7143529650682148,-1.2778587188319563,15526
-0.6238468161312312,1.2549262895616227,0.9719833425343546,0.10732009453964306,-0.24716821099498384,1.1503139459959568,1.020235989410288,15527
1.27492886980311,-0.951242971618668,-0.9063150830203336,-0.2686849963864884,-0.25500732989350533,-0.2245044866023096,-1.2778587188319563,15528
-0.48784858938626624,1.6768961606574022,1.361693400965743,0.33612172515924665,0.7843388216850264,2.189469995786674,1.0295318942148675,15529
-0.5195948743219904,0.39276528972337893,0.586619392917116,0.38848767555965147,0.460077414934006,0.8489067773437937,0.8635655130798013,15530
-1.219473754807221,-0.3565098415904979,0.806197006686191,1.6900428566836456,1.392430779751213,1.5312339703796007,-0.039157503193415405,15531
-0.42814272410688714,0.39276528972337893,0.6166532873111246,0.43908925005942473,-0.20877872829636004,1.5664007863141962,1.0166928470393448,15532
-0.6238468161312312,0.06546002950528196,0.09484839447166016,-0.0538664390016679,-0.5249523485934039,0.6662143359277856,0.400542151507909,15533
0.9898301430825142,0.39276528972337893,-0.2821677595083732,-1.0728378612934482,-1.6731849242473482,0.41998509241608295,0.7145853404081729,15535
0.9456796778623334,-0.951242971618668,-1.481721044247187,-1.2400429349741289,-1.8370450943997028,-0.29249568749523525,-1.2778587188319563,15537
-1.3073310782723213,-0.951242971618668,-0.22780191113572348,0.8767309366378037,1.0809065670017546,0.16583248100890577,-1.2778587188319563,15539
-1.0048844741552696,-0.951242971618668,-0.9638264096689995,-0.36577137967625784,0.2834816318938782,-0.6867678491342508,-1.2778587188319563,15540
0.6809252725881031,-0.951242971618668,-1.6905447892443435,-1.5925637917898932,-1.2675613125215732,-0.13142378134518384,-1.2778587188319563,15541
1.368291200593255,-0.951242971618668,-1.3693533553083277,-1.0503520835641351,-0.6500735156473001,-0.2245044866023096,-1.2778587188319563,15543
-1.140882700900234,1.4094682908473293,1.27382983613835,0.45751296520209334,0.8904147201531614,1.1151120940875108,1.0518574795072897,15544
0.1307317020707626,-0.3565098415904979,-0.7227343193364882,-0.8870347219119208,-0.716059051133877,0.7239767083482843,0.9972399216963374,15545
-1.3073310782723213,2.0042014208754995,1.5331766953105945,0.3011968323952964,0.6791706572186695,2.2451550271041913,1.0419667833944715,15547
0.3913397647791676,0.06546002950528196,0.6772582368827925,0.9275925274117977,0.4401763134333317,0.9668750325469323,0.887310032661933,15549
-1.6579185856692376,0.39276528972337893,-0.17467869704309405,-0.892387786206263,-0.8192589126208853,0.2069305701444127,0.9728220802233335,15550
-0.14507188746243174,-0.951242971618668,-0.39562381845298356,0.593426360519116,0.3790970664799492,-0.13142378134518384,-1.2778587188319563,15551
1.1579913228304088,-0.951242971618668,-1.6456434357759593,-1.516764635917663,-1.0458763895276026,-0.5827124735718688,-1.2778587188319563,15552
0.20796529408005854,-0.951242971618668,-0.4087372269358375,0.5712892707249753,1.181970785559354,0.35451443417019673,-1.2778587188319563,15553
1.3420235178529878,-0.951242971618668,-0.9494476765157525,-0.34149826202300976,-0.8155366049848971,-0.7437843797219198,-1.2778587188319563,15554
-0.9451786088758904,2.1877897649392297,1.513667440835905,0.08919393660332782,0.6362321357076011,2.159152573820688,1.0452912719577836,15555
-0.45739843875914415,-0.951242971618668,-0.748439312512143,-0.002170755437719985,0.4671557250700389,-0.07440725075751485,-1.2778587188319563,15556
-0.3214002120141793,-0.951242971618668,-0.337845775546069,0.690962994540122,0.35334926841635583,-0.6332090513304633,-1.2778587188319563,15557
-0.9451786088758904,0.39276528972337893,0.08793614400307947,-0.45101710513632515,-0.9288743064207828,-0.19237550596065342,0.8231056739007375,15561
1.517507080018957,-0.951242971618668,-1.3290007760865428,-0.9822318331482479,-1.516328460432592,-2.5238496442644585,-1.2778587188319563,15562
-0.5195948743219904,0.06546002950528196,0.5108313144484181,0.6470145881454558,1.257012728803051,0.819291168521149,1.0214100102631878,15563
0.0744087228930169,-0.3565098415904979,-1.1291802623389453,-1.57009454247703,-1.80049001290108,-1.1950730719486045,-0.07509660704497219,15565
-0.6238468161312312,-0.951242971618668,-1.0724251265510003,-0.5490997302182752,0.4042636002044418,-1.2991284475109868,-1.2778587188319563,15567
-1.8243669630413246,0.06546002950528196,0.0447138751974627,-0.13828432695042922,-0.008640247713078676,-0.19237550596065342,0.4061459011556239,15568
0.6130671392034865,0.6601931595334521,0.5191382806554724,-0.02454003854238654,-0.16688039061979298,-0.19237550596065342,0.868775141007578,15569
-1.3073310782723213,1.794302194169694,1.398810525567954,0.2818428511859084,0.11570513624516528,1.6757077015681443,1.0507706625185322,15570
-0.9451786088758904,0.39276528972337893,-0.0774374992420332,-0.7290324519678872,-0.9412844171465856,0.283800736212044,0.3832375869963684,15571
-1.5219203589242727,1.0821630306292318,1.0056811537549903,0.34323334082912976,0.12449691585051216,1.38527933613509,0.939650908069832,15572
-0.25030595595327615,-0.3565098415904979,-0.16422577654971882,0.053466458127795116,0.148005964307137,0.819291168521149,0.29802024868120347,15573
1.0109625792667192,0.39276528972337893,-0.047165966721619115,-0.6781601692995185,-0.6891943752664562,1.1774991554907075,0.8052804973310863,15574
-0.12569611998983565,-0.951242971618668,0.19983103822238862,1.5986293668782288,1.0366395069481684,0.2069305701444127,-1.2778587188319563,15576
0.8889998820755748,0.06546002950528196,-0.8100801961757423,-1.5745070889385342,-1.8125423475964442,0.12272883006199294,0.7145853404081729,15577
0.9411174305704181,-0.951242971618668,-1.3740694193308705,-1.0583133952916275,-1.2026013797763975,-0.804736104337389,-1.2778587188319563,15578
0.3106205350864354,-0.3565098415904979,-0.6230259163102886,-0.7192582226530441,-1.073632929523612,0.24620146194085193,0.8970650400472426,15579
0.91314196037818,1.5492685361090064,0.0006129920597336383,-1.8199161621669069,-1.8748395646877636,1.1907843622109124,0.8345574243076903,15581
-0.42814272410688714,0.06546002950528196,-0.03864567637037003,-0.2786161243312263,-0.028029086001941865,0.12272883006199294,0.8073012573700791,15582
-0.45739843875914415,0.39276528972337893,0.004410295937934874,-0.5914651312605015,-0.754087951051921,0.8391448040011109,0.6715433334676023,15584
1.0067837161975963,-0.951242971618668,-0.3612778251252082,0.6514067352904849,0.8053739759530324,-0.07440725075751485,-1.2778587188319563,15585
0.0744087228930169,0.39276528972337893,0.1931562382298236,-0.27401288964871257,-0.7576103239704249,-1.9114890458877223,0.9780895946116086,15587
1.2807564393415785,0.06546002950528196,-0.32168907159432253,-0.7547575685014833,-0.716059051133877,-0.16137409356206325,0.30526921768224496,15589
0.02918729538273665,-0.951242971618668,-0.4873097963136808,0.43864884959053685,0.9176113540911458,-0.29249568749523525,-1.2778587188319563,15592
0.33163389949978844,-0.951242971618668,-1.0157021825379364,-0.45334423639323085,-1.0458763895276026,-1.5532810589181636,-1.2778587188319563,15593
-0.7450737659930379,0.6601931595334521,0.7207275173896011,0.3148966486472438,0.26446249352592166,0.7989810878755099,0.8511357053879716,15594
0.5914446076620198,0.6601931595334521,0.5368234584044003,0.005229233532335277,-0.3565966686215659,0.35451443417019673,0.926456659353367,15596
-0.18540198526921478,-0.951242971618668,-0.6304115109527932,0.1970750809701539,0.6530307481154606,-0.36615913643588405,-1.2778587188319563,15597
0.11704461884783704,-0.951242971618668,-0.8679656678663501,-0.20394633992455302,0.036100226984498086,-0.7437843797219198,-1.2778587188319563,15598
-0.37286372705465515,-0.3565098415904979,0.04832819837984038,0.4117461198370459,0.9332036376483352,0.3373595340158314,0.7692449085049974,15599
-1.0048844741552696,2.0042014208754995,1.789908516621395,0.7336140647061248,0.9236513834608588,1.671891498664305,1.0496808474101464,15601
-1.219473754807221,1.4094682908473293,0.47273616141931873,-0.8896017417467545,-0.2254345056734089,-0.1024556255368702,1.0474921563478996,15602
0.41022495340677506,-0.951242971618668,-2.132457817923881,-2.338568799555085,-0.5287768123827928,-2.1656416572948998,-1.2778587188319563,15603
0.10310168753222393,-0.951242971618668,-0.952412767167981,-0.3465037095465862,0.029154222574982094,-0.5827124735718688,-1.2778587188319563,15604
-0.16496440251850533,0.6601931595334521,0.409102820634957,-0.20971687154040997,-0.6222329516761772,0.5099049728398658,1.0225805525306857,15605
0.22009442484988165,1.4094682908473293,1.118904917558854,0.1966294636743446,-0.49358195856265585,0.302016837212944,0.9249630555846239,15606
1.4851173995965532,-0.951242971618668,-1.5268555310305956,-1.3162356493277747,0.2945196438602891,-0.804736104337389,-1.2778587188319563,15607
-0.3466882305725439,0.39276528972337893,0.33637861134901614,-0.03295909892804447,0.1573612368396408,0.4809368170315517,0.5127797309691069,15608
1.0355557443915884,-0.951242971618668,-0.6970065823117566,0.0846541892967074,-0.0502523488187054,-0.6332090513304633,-1.2778587188319563,15609
0.10310168753222393,-0.951242971618668,-1.4708256622247424,-1.2216501539906273,-0.9412844171465856,-1.4170967027141252,-1.2778587188319563,15610
-1.0697884448393309,1.6768961606574022,0.6246175986836437,-0.9030114025146663,-1.3452007932183163,-0.36615913643588405,1.0082998027363084,15611
-0.16496440251850533,-0.3565098415904979,-1.034381773858474,-1.4109244010640327,-1.9545041687411562,-1.7143529650682148,0.009277491406272221,15612
-1.0697884448393309,2.693599161781352,2.1313432302085173,0.6421209025426059,0.48339830123899913,1.4757110151240302,1.0352326818275173,15615
-0.2280378812240346,0.39276528972337893,0.06396868043897665,-0.4913240692033762,-0.343866805830731,0.12272883006199294,0.5569437896339022,15618
-1.0048844741552696,-0.951242971618668,-0.6019559385900056,0.24511168116928106,-0.14385948203870827,-1.9114890458877223,-1.2778587188319563,15619
0.17034765419645906,0.06546002950528196,0.6158073219970636,0.823983941630082,0.7520226430168362,0.8681129598094249,0.9780895946116086,15620
-1.6579185856692376,0.39276528972337893,0.4697597671788691,0.19163835917004246,-0.2349598947539858,-0.9409204605414276,-0.1359950241185782,15621
-0.0357166753013247,1.4094682908473293,1.3096112823968955,0.5177836616257936,0.2029950332585253,1.4010088246192522,0.887310032661933,15622
0.8382370952284046,-0.951242971618668,-0.6902468377122791,0.09606549196296307,-0.23716966772977968,-0.48963176831474303,-1.2778587188319563,15623
0.7001347059966991,0.39276528972337893,-0.1575805965345289,-0.8636718411535501,-0.6091865881716343,-0.2245044866023096,0.6743753006217238,15624
0.6130671392034865,0.39276528972337893,0.606042211690949,0.42121111779409665,0.7224889926850819,0.22678420562437498,0.6511299064708088,15625
0.3719639973065715,-0.3565098415904979,-0.04697746673044681,0.25108186739197424,1.005153123704427,0.3198649108815007,0.911260257911955,15626
-1.5219203589242727,1.4094682908473293,1.1051626898211933,0.17349475433941067,0.3399560060888554,0.7989810878755099,1.0507706625185322,15628
-0.0025589895529871606,-0.3565098415904979,0.4011654915246527,1.0067496982312283,1.0534463091944573,0.45098650481467234,0.7271279089759665,15630
-0.7450737659930379,1.2549262895616227,1.2128099170722368,0.512857318094427,0.5900697441029072,1.0002167101511623,0.9189315227589347,15632
-0.702437870038218,-0.951242971618668,-0.8585538059562158,-0.18805792826505816,-0.49481997101778535,-0.6867678491342508,-1.2778587188319563,15634
0.5063246271107786,-0.3565098415904979,0.008706070087865008,0.34494875102632117,-0.09607373408590039,-0.4465281173678302,0.8012077011945085,15636
0.11704461884783704,-0.951242971618668,-0.9272520729234021,-0.3040292797670648,-0.21093716091886555,-0.6867678491342508,-1.2778587188319563,15637
0.8005288809889273,-0.951242971618668,-0.41545986217656944,0.5599406133433402,0.8157445633068813,-0.2578461642065392,-1.2778587188319563,15639
-1.6579185856692376,2.098866031753182,2.2726165544142902,1.4545678407037927,1.1547193264710087,1.7093314061814773,1.056175093261845,15640
0.6201375723012269,0.39276528972337893,0.7710147831646166,0.69921494065597,1.0267172409298393,0.9583392212310814,0.909707966224177,15641
1.0671340092552157,0.06546002950528196,-0.06100030008558893,-0.31624196398546717,-0.702545793543983,-0.07440725075751485,0.5041911812796596,15643
0.9592013491526777,0.39276528972337893,0.0908648256616615,-0.44609152107745026,-0.1317196513576402,1.38527933613509,0.5211855316203662,15644
-0.6238468161312312,-0.951242971618668,-0.12644836468226014,1.0478285244029202,0.5531284161677505,0.3198649108815007,-1.2778587188319563,15645
0.9225841764182786,0.06546002950528196,-0.3747752125615877,-0.8439888486902236,-0.18249607506700927,0.02964812480486719,0.8438533291122697,15646
1.1121280552344204,-0.3565098415904979,-0.09092780825437496,0.17700067102927408,-0.3885653136137629,-0.32855986216469163,0.3589186657548093,15648
1.4829072495146738,-0.3565098415904979,0.10311745458780426,0.5041202638582347,-0.5287768123827928,-2.5238496442644585,0.09130702673711896,15649
-0.14507188746243174,0.06546002950528196,-0.08250814183475443,-0.35243957069172316,0.03378969745012916,-0.19237550596065342,0.8600538657243214,15651
0.5144768952160161,-0.951242971618668,-0.5987958511859738,0.2504463078387585,0.3269927193130994,-0.4054300282323229,-1.2778587188319563,15652
0.530518913644861,-0.3565098415904979,0.16092564242848237,0.6015927037345853,1.504543923038389,-1.7143529650682148,-0.022343998690729533,15653
-1.140882700900234,-0.3565098415904979,0.20083306709082333,0.6688867564265839,0.47418937680074236,-0.6867678491342508,-0.15857589712667391,15654
1.242037063618065,-0.951242971618668,-0.19563575048517926,0.9310314785285632,0.8191800979248832,0.004760574858854357,-1.2778587188319563,15655
-0.0025589895529871606,0.39276528972337893,0.034367449409138,-0.5410991063256235,-0.6532816620375663,0.2652011103088699,0.8856605199262281,15656
-0.48784858938626624,-0.951242971618668,-2.5052420509665594,-2.9678756690463968,-2.0403026540253606,-2.5238496442644585,-1.2778587188319563,15657
1.0593638857982834,0.6601931595334521,0.2840209743892762,-0.4201110226216795,-1.2810201894816529,0.14454350874121646,0.7801890356795537,15658
-0.018953607897127814,-0.951242971618668,-0.6760666613097364,0.12000342074252361,-0.3684777412993455,-0.9409204605414276,-1.2778587188319563,15659
-0.42814272410688714,1.4094682908473293,0.6398984507718322,-0.6089699428003204,-0.3134531868514383,0.41998509241608295,1.0260715124446789,15660
1.4396200611872818,-0.3565098415904979,-0.6674266305318398,-0.7939783959443685,-0.30089158801982474,-1.7143529650682148,-0.056718515442787575,15661
0.6271416153756115,-0.951242971618668,-1.308160345635999,-0.9470505543193719,-0.4193920730874314,-1.1019923666914786,-1.2778587188319563,15663
0.0888931606621161,-0.951242971618668,-0.49172187569204123,0.4312007023368806,0.015131017533362346,-0.5827124735718688,-1.2778587188319563,15664
0.9680815148275499,-0.3565098415904979,0.9012298624658007,1.8503937197937212,1.8617557995249463,0.8681129598094249,0.4277983184455203,15665
-0.0883920916756731,-0.951242971618668,-0.6894816995527988,0.09735714181612552,0.4858144049868057,-0.804736104337389,-1.2778587188319563,15667
1.1614051736721587,-0.951242971618668,-1.776573308460348,-1.737790797966946,-0.8456689825605147,-2.5238496442644585,-1.2778587188319563,15668
-0.0883920916756731,0.39276528972337893,-0.0369804096502026,-0.6610410801312402,-0.6564990671604073,-0.07440725075751485,0.8600538657243214,15669
1.3911663354633619,-0.951242971618668,-1.1296839737826234,-0.6457598963629329,-0.5877762985559805,-0.8702067625832752,-1.2778587188319563,15670
-0.6238468161312312,1.0821630306292318,1.0436770476966208,0.40722726274570065,0.49830010692014765,0.3713425543694715,0.9081495510819382,15671
0.4897478314285932,0.39276528972337893,1.0641376069181503,1.193386311739799,0.9447563845686898,1.0002167101511623,0.8856605199262281,15673
0.35207148225049756,0.39276528972337893,0.8606529447412893,0.8503084232584107,0.8001522797496918,0.819291168521149,0.7780243303934746,15674
0.4286437930933301,0.06546002950528196,-0.6325693858095593,-1.2768996493088174,0.1396237436055188,-0.4465281173678302,0.8133022496116039,15675
-0.6238468161312312,0.06546002950528196,1.2484983458041052,1.8910984664529258,1.7539292190668683,1.508521932965516,0.9279446374825362,15676
0.059637446009859096,-0.951242971618668,-0.06915837101095264,1.1445412696716828,0.8018955640787694,-0.02084845295372739,-1.2778587188319563,15677
0.11704461884783704,-0.951242971618668,-0.5643412372597063,0.3086100478995911,0.19100749731358085,-0.8702067625832752,-1.2778587188319563,15678
-0.45739843875914415,0.39276528972337893,0.06849532232453905,-0.4837118016187173,0.7055259081685534,0.9233465440835307,0.7246510499143011,15679
-1.140882700900234,0.06546002950528196,0.49441918681268593,0.6193498751994122,0.7960739837413973,0.5099049728398658,1.04418621466031,15680
-0.42814272410688714,0.6601931595334521,0.5478315825424213,0.023760039659298425,0.05804101095403534,-0.04722204126276407,0.912806474078564,15681
0.7001347059966991,-0.951242971618668,-1.040092542673571,-0.4945182449006253,-0.18530775398810617,-1.0177906266090588,-1.2778587188319563,15683
-1.140882700900234,1.4094682908473293,1.138567669055578,0.229733121579294,-0.06869356797907855,1.0932974154082877,1.0034224849076023,15687
0.718861842900669,-0.3565098415904979,-0.8248808316798087,-1.0588388205467374,-1.435703209959329,-1.1950730719486045,0.8905885388325661,15689
-1.6579185856692376,-0.3565098415904979,-0.8710063806652301,-1.1363915977904095,0.3054494382809291,-0.48963176831474303,0.5294161986208543,15690
1.2690554134180094,-0.951242971618668,-1.315875646331783,-0.9600749563666878,-0.8456689825605147,-2.1656416572948998,-1.2778587188319563,15691
-0.3466882305725439,-0.951242971618668,-1.0512645578555855,-0.5133780175973374,-0.12770224123977408,-0.8702067625832752,-1.2778587188319563,15692
-2.3414028478103273,1.903003202857391,1.7523158618238697,0.7698097449729476,-0.2029882495152699,0.16583248100890577,1.0615065874880631,15694
1.312018828634696,-0.3565098415904979,-0.4446760281569852,-0.4189998351101826,-0.4193920730874314,-0.36615913643588405,-1.2778587188319563,15695
-0.2280378812240346,1.2549262895616227,1.0597052261631121,0.2550027827028089,-0.2207021585455748,1.2357696956551651,0.9674833810560453,15696
-0.662107772231435,-0.951242971618668,-0.6678115017480756,0.13393917274173786,-0.34874571996905257,-0.5349468086478807,-1.2778587188319563,15699
0.9855308510254295,-0.3565098415904979,-0.022752910066204144,0.2919165511867741,0.1573612368396408,0.7989810878755099,-1.0040255697181413,15700
-2.038956243693276,0.39276528972337893,0.6033060030526424,0.4166010758229231,0.42887453567305633,1.517676933011555,0.5754945086044693,15701
1.3064313485242376,-0.951242971618668,-0.970551235276295,-0.37712373467330446,-0.9412844171465856,-1.5532810589181636,-1.2778587188319563,15703
0.8329655177619129,0.39276528972337893,0.9264353833579059,0.9612063502125828,0.5618041805849218,0.7350894284387285,0.43303094760914873,15704
1.1011314171533835,-0.951242971618668,-1.2802347884538208,-0.899908686688116,-1.009911009233567,-1.4170967027141252,-1.2778587188319563,15705
0.25534153803420273,0.39276528972337893,0.3118847223673061,-0.07419312049897098,-0.7263025850826913,0.3373595340158314,0.29063577711451954,15706
-0.18540198526921478,0.39276528972337893,0.19602743439612022,-0.269181764674293,-0.04651757111709809,1.1433848940169402,0.2831106405200873,15707
-0.07041712293760334,1.0821630306292318,1.2005718833076842,0.6715439794153205,0.12814611747635762,1.129361590077745,1.0119186774426234,15708
1.3578948635647135,-0.951242971618668,-1.3366838520145297,-0.9952018357174068,-0.27313504802381544,-1.4170967027141252,-1.2778587188319563,15709
-1.140882700900234,0.6601931595334521,0.32069795393248074,-0.3584308759248819,-0.5150697122322326,0.16583248100890577,0.9467950037688883,15712
0.8486697842687917,-0.3565098415904979,-0.5553756020515029,-0.6053881829623426,-0.8007704275057291,-0.5349468086478807,0.8582862666848654,15713
-0.9451786088758904,-0.3565098415904979,-0.6171518587728466,-0.7093720467968238,-0.5638005336114014,0.004760574858854357,0.3832375869963684,15714
0.8640502282800625,0.39276528972337893,0.34177163449202136,-0.023879792817834845,0.19401648726786774,0.949720132392567,0.8600538657243214,15716
1.2140031757859513,-0.951242971618668,-1.2413626541591885,-0.8342876142952815,-0.8766384768274477,-1.2991284475109868,-1.2778587188319563,15717
-0.2280378812240346,1.903003202857391,1.5520756926553168,0.43249075569374484,0.3323141141483499,1.8998443436220347,0.9819946451186197,15719
-0.45739843875914415,-0.951242971618668,-0.14336330018778218,1.0192739768466965,0.6609655154290626,1.157189074845069,-1.2778587188319563,15720
-0.9451786088758904,-0.951242971618668,-0.3336323345642091,0.6980758150916744,1.0195754477594081,0.7460640987439856,-1.2778587188319563,15721
-0.16496440251850533,0.6601931595334521,0.8972753842975909,0.61232975275362,0.30870758994616365,0.24620146194085193,0.911260257911955,15722
1.5444836677351161,-0.951242971618668,-1.0526773306286854,-0.5157629564770894,-0.8305009921012262,0.0774137897288553,-1.2778587188319563,15723
1.1011314171533835,-0.3565098415904979,-0.9456203803582626,-1.2618034018755202,-1.5882779464886838,-0.9409204605414276,0.4725696911826578,15724
-0.7902951935033181,-0.951242971618668,-0.43451773897958174,0.5277685102150362,0.39426505693923763,-0.04722204126276407,-1.2778587188319563,15725
-0.702437870038218,1.0821630306292318,1.5725202779577272,1.2985109516051347,1.1532919024546582,1.604359113465158,1.0283817981296515,15727
1.1441775001446148,-0.951242971618668,-1.6917490408201212,-1.5945967205515177,-1.8748395646877636,-1.5532810589181636,-1.2778587188319563,15729
0.27794705909668965,0.06546002950528196,0.3559463919439584,0.3859722269570971,0.43695890831049067,0.6044094489104112,0.6771871112552025,15730
1.1406836993454563,-0.3565098415904979,-0.7086988762677955,-0.8634218408233303,-0.4038721458568141,-0.804736104337389,0.7271279089759665,15732
1.3552729799974077,-0.951242971618668,-1.180512225502373,-0.7315644050740351,-1.009911009233567,-1.0177906266090588,-1.2778587188319563,15733
0.6873835389654623,-0.3565098415904979,0.4978584226063759,1.1698502166991431,0.12266782585648715,-0.2578461642065392,0.4818655959872372,15734
-0.7902951935033181,1.2549262895616227,0.4023530947477318,-0.8502603433064498,-0.8062848498025089,0.49553962220406433,0.868775141007578,15737
-0.6238468161312312,2.1877897649392297,1.5170784835092148,0.09493428058025716,0.20522841651220647,0.2652011103088699,1.0408523744008888,15738
0.27794705909668965,-0.951242971618668,-0.37214949064297687,0.6330539907623643,1.2375426198670738,-1.1950730719486045,-1.2778587188319563,15739
0.059637446009859096,-0.951242971618668,-1.2175868571715667,-0.7941510660034758,-0.020718698486951147,-1.1019923666914786,-1.2778587188319563,15740
-0.7450737659930379,0.39276528972337893,0.06305492388665843,-0.4928606759235751,-1.1714878226933076,0.4809368170315517,0.7487474034168705,15743
0.4008421239442265,-0.951242971618668,-2.3904678500562215,-2.7741223214766175,-0.28231065620974044,-1.9114890458877223,-1.2778587188319563,15744
-0.6238468161312312,0.39276528972337893,0.3370410934054644,-0.0318438007777178,-0.42723381773826563,0.45098650481467234,0.8493276577182843,15745
0.8005288809889273,-0.951242971618668,-1.0273809369215043,-0.47305944886531953,0.1542515274278425,-0.16137409356206325,-1.2778587188319563,15746
-0.8898996118236581,0.06546002950528196,0.22137959098783147,0.15924677073132168,0.0033087423610046046,0.3713425543694715,0.7295893357937872,15747
-0.0883920916756731,-0.951242971618668,-1.2732938996395815,-0.8881915897081155,-1.2454847475274144,-0.48963176831474303,-1.2778587188319563,15748
1.2171705907657024,0.06546002950528196,3.290883331665218,5.338179727010315,4.0715969256985085,-1.5532810589181636,0.533468108256264,15749
-1.8243669630413246,1.2549262895616227,0.9832315069390274,0.1262542463990565,0.4036413115467679,1.6084777670717536,1.0529413148270375,15750
-0.0883920916756731,1.0821630306292318,1.0344671031381525,0.39171493094218507,0.6570051911886865,1.6945452936945795,1.017877428815222,15752
1.410927096548075,-0.951242971618668,-1.7474167982654631,-1.6885709261760327,-0.08058973376917059,-2.5238496442644585,-1.2778587188319563,15753
0.0888931606621161,0.06546002950528196,-0.3555847603972933,-0.811735009836864,-0.9357517502016812,-0.29249568749523525,0.8073012573700791,15754
-1.0697884448393309,0.8863002017334407,0.9506055154301867,0.4573861579090915,0.4757464023349534,1.1503139459959568,0.9552008044201479,15755
0.22009442484988165,0.39276528972337893,-0.24339737019359697,-1.0077666833428576,-1.0413167508554217,1.3529544034911853,0.790838136683051,15756
0.27794705909668965,-0.3565098415904979,-0.0027343012541327164,0.3256627243713422,0.5109706131031176,0.2069305701444127,0.7094546484728891,15757
-0.42814272410688714,-0.951242971618668,-0.9943518298412366,-0.41730214440765756,-1.3130709008069348,-1.1019923666914786,-1.2778587188319563,15758
1.1614051736721587,0.06546002950528196,-0.8282005377430045,-1.6048602458050045,-2.2346770582740305,-1.5532810589181636,0.6743753006217238,15759
0.26672992881572677,-0.3565098415904979,-0.1635301281911173,0.0546387946944156,-0.23275449324093914,0.0774137897288553,-0.26455565770754286,15762
-0.25030595595327615,-0.3565098415904979,0.3314400063586457,0.88914777847273,-0.14793564782757387,0.46608857510276935,0.23467564592039966,15763
0.4897478314285932,0.8863002017334407,1.2115133763052632,0.8970389526529219,0.8781913718242932,1.296303614824912,0.7929339385545909,15764
0.25534153803420273,-0.951242971618668,-0.654046642158303,0.15717599428519483,0.10327898756762396,-0.9409204605414276,-1.2778587188319563,15766
0.6937863688962194,0.06546002950528196,-0.11323158556619634,-0.40414175909103317,-0.7115364076035233,-0.32855986216469163,0.582677574239563,15768
-1.3073310782723213,2.8663624207137426,3.4771154918376395,2.7467009959814193,2.220424837214069,-0.2245044866023096,1.0518574795072897,15769
-1.4069354965926615,-0.951242971618668,-0.09569697938121384,1.0997407468120344,0.7736705096395222,-1.0177906266090588,-1.2778587188319563,15773
0.3106205350864354,-0.951242971618668,-0.7743258312711132,-0.04587046867202583,-0.6373324615247817,-0.2578461642065392,-1.2778587188319563,15774
1.2481262819793846,-0.951242971618668,-1.5258008535711773,-1.314455220566364,-0.9084929325230912,-1.2991284475109868,-1.2778587188319563,15775
0.7949829438656929,-0.951242971618668,-0.8648707844985628,-0.19872178590378262,-0.12770224123977408,-0.5349468086478807,-1.2778587188319563,15776
1.2358977276696723,0.39276528972337893,0.3017188653160986,-0.0913057008943935,-0.5461511396405196,-0.5349468086478807,0.616755389718751,15777
1.0355557443915884,0.06546002950528196,-0.3271108756977039,-0.7638721145728823,-0.825490511301835,-0.2245044866023096,0.7625298846329416,15780
-0.42814272410688714,0.06546002950528196,-0.5808299634857569,-1.1900748008684923,-1.0458763895276026,-0.4465281173678302,0.9496168566684423,15781
-1.0697884448393309,0.06546002950528196,1.0308604218495725,1.5239438327595576,0.6883007227267911,0.004760574858854357,0.45329475986215134,15782
-1.0048844741552696,-0.951242971618668,-0.8496385277367356,-0.17300781259586126,0.3481275722130162,-0.7437843797219198,-1.2778587188319563,15783
-0.2280378812240346,0.6601931595334521,0.9386240162919689,0.6820086877434896,0.813678149181832,0.46608857510276935,0.9234637834768021,15785
0.013483028875857768,0.06546002950528196,1.5345390354352382,2.3737352754478027,2.192858604222707,1.7695496732218052,0.39485776960636626,15786
-0.3999912659211662,0.06546002950528196,0.2100426144904916,0.14014911614914566,0.1542515274278425,1.3307280840814355,0.13783812499523687,15787
1.5300791490861363,-0.951242971618668,-0.5675031818930317,0.3032722859924905,1.1543807810383195,-0.2578461642065392,-1.2778587188319563,15789
-1.0697884448393309,-0.951242971618668,-0.9438042959535066,-0.33197152285277104,-0.34874571996905257,0.004760574858854357,-1.2778587188319563,15790
-0.018953607897127814,-0.3565098415904979,0.6457647173448845,1.41936482766406,0.9531529536097169,0.5784237638341764,0.7295893357937872,15791
-0.7902951935033181,0.06546002950528196,0.2371816343651522,0.18586698680427122,0.19301439272733764,-1.4170967027141252,0.909707966224177,15793
0.8840762661337572,-0.951242971618668,-0.12850732614067492,1.0443527374061834,1.4687305781614584,0.18662048949877436,-1.2778587188319563,15795
-2.3414028478103273,1.2549262895616227,1.0586756902826064,0.25326927320838266,-0.40515725274410697,0.6171211732355907,0.9780895946116086,15796
0.6744106014236233,0.06546002950528196,0.8904674439395219,1.2871407338156433,0.6985403364008227,-1.2991284475109868,0.7991554486507155,15797
0.38171479114733853,0.06546002950528196,0.16698340272174958,0.06761926442091423,0.79957057866617,0.8869104689250991,0.917409140426984,15799
0.6340805036168403,-0.3565098415904979,-0.02251297262108422,0.29232101625777646,0.07689124437112457,1.0709304081093147,0.6743753006217238,15800
0.013483028875857768,0.06546002950528196,0.3144266488974943,0.31600968508876426,0.22659020186326767,0.5099049728398658,0.36514017585093383,15801
0.0888931606621161,-0.951242971618668,-0.4334267414043085,0.5296102519193835,0.6959892366576711,-1.1950730719486045,-1.2778587188319563,15803
-2.3414028478103273,1.903003202857391,1.4097948193811163,0.1929284306808494,0.26844805653813814,1.4061903620447096,0.8133022496116039,15804
-0.48784858938626624,2.2716292906855724,1.6218154453887788,0.18987990236907548,0.27266272818243104,1.6327944287274554,1.0272283440948966,15805
0.013483028875857768,0.06546002950528196,0.07185144369338448,-0.0925910163536087,0.2871731256683891,-0.29249568749523525,0.8722104472303812,15806
0.0744087228930169,0.06546002950528196,0.1845858155830013,0.09726810230209405,-0.08572720876546878,0.302016837212944,0.024187099567388393,15807
1.4133607858420603,0.39276528972337893,1.2969875228764545,1.5860917645374404,0.8268715587990038,1.24821285344886,0.36514017585093383,15808
-0.16496440251850533,0.6601931595334521,-0.2620607921592359,-1.3368299905688816,-1.0422271879017573,-0.07440725075751485,0.929427032190964,15809
0.41022495340677506,0.39276528972337893,0.5285050913392209,0.2905867380605219,0.36500942225439875,0.5784237638341764,0.8511357053879716,15810
-0.5195948743219904,0.8863002017334407,0.8999414194832591,0.3720450264700891,0.1573612368396408,1.0784491734795054,1.0295318942148675,15811
0.6340805036168403,0.6601931595334521,0.733823251399481,0.3369545380648178,0.1934153386411271,0.05385373755105001,0.8364341866318548,15812
1.1265425155085649,-0.3565098415904979,0.4764349864501937,1.1337120757978727,0.7391978332050656,0.14454350874121646,0.09130702673711896,15813
-0.702437870038218,0.39276528972337893,0.7951889665587455,0.7399602503928514,0.7975322313021972,0.5379533476192208,0.11525725198714115,15814
0.25534153803420273,0.6601931595334521,0.8563814457293291,0.5434234627183102,0.9703579291056338,-0.02084845295372739,0.8093117335984669,15815
0.059637446009859096,0.39276528972337893,0.7786835379231078,0.7121403296847598,0.8703011441509898,0.9053163346348189,0.8670462204089304,15819
1.4466241042616665,-0.951242971618668,-0.9876923940407103,-0.40606017566342745,-0.21093716091886555,-0.5827124735718688,-1.2778587188319563,15820
-0.018953607897127814,-0.3565098415904979,-0.181161825099799,0.02492564282732142,-0.4727434060236277,0.45098650481467234,-0.1359950241185782,15821
-1.8243669630413246,-0.3565098415904979,0.1681804573128913,0.6138258847115983,0.21190184575869295,-0.16137409356206325,1.04418621466031,15822
0.9855308510254295,-0.951242971618668,-0.23600186997451938,0.862888370430854,0.3892319553823654,-0.4465281173678302,-1.2778587188319563,15825
0.15737471665462005,0.06546002950528196,0.6660668181576584,0.9087226390289986,0.8088415684882854,0.5516505149897042,0.7145853404081729,15826
0.35207148225049756,2.0042014208754995,0.7491369955001081,-1.0164283278467459,-0.992354266839824,0.6541944280815882,0.9754646166731504,15827
0.5766733307788626,-0.3565098415904979,-0.09512116813306545,0.16993281389305637,1.2971979670607034,0.22678420562437498,0.1987365420688429,15829
-0.12569611998983565,-0.951242971618668,-0.17416729135422332,0.9672729490924681,1.0943871436066328,0.12272883006199294,-1.2778587188319563,15830
0.1830988212276959,0.06546002950528196,0.08199620653460903,-0.07550858980111838,0.9485808483580788,0.5379533476192208,0.9279446374825362,15831
1.27492886980311,-0.951242971618668,0.12315132269505309,1.4691843221183358,1.2209207768968848,0.40406665096392086,-1.2778587188319563,15832
0.3212012104594013,0.39276528972337893,0.9013876343376755,0.9189786713600607,0.4846573419859217,1.7129895877998127,0.8288730424061476,15834
-0.018953607897127814,0.39276528972337893,0.22762285475556315,-0.21601505775987348,-0.3809899949898076,0.283800736212044,0.9579634571208487,15835
0.0744087228930169,-0.951242971618668,-1.3125846353647252,-0.954519314186661,-1.9545041687411562,-1.0177906266090588,-1.2778587188319563,15836
0.26672992881572677,-0.951242971618668,-0.48038201194762026,0.4503438246068684,0.22073806190907697,-0.29249568749523525,-1.2778587188319563,15837
-1.0048844741552696,2.426171291971279,3.0672955352420486,2.477139443968636,2.0356102523636816,0.40406665096392086,1.04418621466031,15838
-0.2280378812240346,0.06546002950528196,0.30276789271606375,0.2963653955911923,0.41417326635386037,0.4356217766984145,0.5966633790454322,15839
0.19563567275482363,-0.3565098415904979,-0.5579205520135914,-0.6096723837212089,0.2723332379772021,-0.2245044866023096,0.5932130712951154,15840
0.35207148225049756,0.39276528972337893,0.4260925565383929,0.11809783948260578,0.46480127836328644,0.05385373755105001,0.929427032190964,15841
1.408485440990152,-0.951242971618668,-1.4264783243863306,-1.146786246476144,-1.9139604243069195,-1.1950730719486045,-1.2778587188319563,15843
0.013483028875857768,-0.951242971618668,-1.3517309122825008,-1.0206031739526533,-0.1602543378225628,-0.9409204605414276,-1.2778587188319563,15844
-0.662107772231435,1.2549262895616227,1.3100859874736823,0.6767429837071656,0.4892784060170164,0.9143774355896803,1.0009610580897814,15845
-0.12569611998983565,-0.3565098415904979,-0.4858989864586442,-0.4884160484261758,0.41170409568495153,-0.36615913643588405,0.9034370769984014,15847
-0.6238468161312312,-0.3565098415904979,-0.8873321955840644,-1.1638364676140476,-0.04279526348110981,0.819291168521149,0.6989889311095184,15850
1.0475547984138642,-0.3565098415904979,-1.1883129371131216,-1.669326530657799,-2.0403026540253606,-0.36615913643588405,-0.3305516645566027,15852
0.10310168753222393,-0.951242971618668,-1.4825763213279046,-1.2414867507112402,-0.152026772056516,-0.13142378134518384,-1.2778587188319563,15853
-1.6579185856692376,1.794302194169694,1.1321566329700306,-0.166890098091464,-0.7694325991427827,0.9837031527462071,1.0452912719577836,15854
0.8169234993330678,0.6601931595334521,-0.005167391974730846,-0.9060121070591381,-0.5520032795947103,0.4809368170315517,0.635874817110362,15855
-1.6579185856692376,2.9197062039813404,2.4818454280297484,1.017333477294668,1.0599144671721763,1.887945852675749,1.0496808474101464,15856
-0.6238468161312312,-0.951242971618668,-0.7009563321363124,0.07798651272391499,0.7628991205192576,-0.7437843797219198,-1.2778587188319563,15857
-0.7450737659930379,0.6601931595334521,0.5486188682388747,0.02508536460578748,0.4510465525360411,1.266555026458324,1.0386140810124724,15858
-0.07041712293760334,1.2549262895616227,0.23681038757892325,-1.1279009337619368,-1.1487095707894188,0.9837031527462071,1.0107160654750915,15860
-0.9451786088758904,1.2549262895616227,1.1785090207765045,0.45507882960334867,0.7913947319556527,2.0133694229959884,0.911260257911955,15861
-1.219473754807221,0.39276528972337893,0.11942176475991181,-0.39805973408187567,-0.06342349055941146,1.24821285344886,1.0540221847933684,15862
-0.3999912659211662,-0.3565098415904979,-1.8576911915046135,-2.7884845238743634,-3.0074183997778174,-0.5349468086478807,0.7464028402964729,15863
-0.5195948743219904,0.8863002017334407,0.7914896981512897,0.18940553802463134,0.27606177021949435,-0.6332090513304633,0.9674833810560453,15864
-0.07041712293760334,0.06546002950528196,0.1768213345011048,0.0841897244508718,-0.2580082202688078,0.0774137897288553,0.7602659373124884,15865
0.5914446076620198,-0.951242971618668,-0.9690893684547615,-0.37465591883902477,-0.24605282310676654,0.2069305701444127,-1.2778587188319563,15866
-1.5219203589242727,2.098866031753182,1.329565165138844,-0.13399519661232884,-0.14440211047545068,1.908664213201648,1.0518574795072897,15867
1.3393451483436676,-0.3565098415904979,-1.2448480678569964,-1.7641572564631058,-0.6310161267740723,-0.804736104337389,-1.2778587188319563,15869
-0.2280378812240346,-0.951242971618668,-0.5671864225187346,0.30380701582425934,0.8496325858749109,0.6044094489104112,-1.2778587188319563,15870
-0.7902951935033181,-0.3565098415904979,-0.6510505064262759,-0.7664211910585556,-0.5578863016968904,0.949720132392567,-1.2778587188319563,15872
0.25534153803420273,1.0821630306292318,1.4467274857261216,1.0864239595128498,0.9424553928307224,1.0244223228973448,0.8547271639977393,15874
-2.038956243693276,-0.3565098415904979,-0.3023080286985168,-0.17919902304487415,0.19100749731358085,1.1151120940875108,-0.15857589712667391,15877
1.552591629160591,-0.951242971618668,-0.6195639282282094,0.215387170701627,0.2945196438602891,0.89616133458878,-1.2778587188319563,15880
1.427798496696187,0.6601931595334521,-0.2845604387044058,-1.374516373521899,-1.2026013797763975,-0.2245044866023096,0.29063577711451954,15881
1.0937092155478652,0.39276528972337893,-0.2646723574117455,-1.0434763145206989,-0.9412844171465856,-0.36615913643588405,0.7510781342259888,15882
-2.038956243693276,-0.3565098415904979,-0.47130448253785473,-0.4638410787590646,-0.36351189744822054,0.18662048949877436,0.09130702673711896,15883
0.530518913644861,-0.951242971618668,-0.5719283220728694,0.2958020904563102,-0.3885653136137629,-0.6332090513304633,-1.2778587188319563,15885
0.20796529408005854,-0.951242971618668,-1.0936809110682177,-0.5849821791725492,-0.05775965059743895,-0.8702067625832752,-1.2778587188319563,15886
0.4286437930933301,-0.951242971618668,-1.1788540084670645,-0.7287651252790986,-0.9247681135603033,-1.0177906266090588,-1.2778587188319563,15888
0.9178780087132298,-0.3565098415904979,-0.4627457555107642,-0.4494289314068235,-0.4837270426650046,0.7239767083482843,0.8401611739554056,15889
1.1914464861926266,-0.951242971618668,-0.2723712116495442,0.8014923280924713,1.0997340608168866,0.4809368170315517,-1.2778587188319563,15891
1.271997922586503,-0.3565098415904979,-0.8140166866119422,-1.0405699004906772,-0.7092819475808746,0.004760574858854357,0.6000838136265219,15894
0.8840762661337572,-0.951242971618668,-1.1021320505513854,-0.5992487700323019,-0.5520032795947103,-0.9409204605414276,-1.2778587188319563,15895
1.0748240269202578,-0.3565098415904979,-0.9815444614686119,-1.3221661765598653,-0.36351189744822054,-0.5827124735718688,-1.2778587188319563,15897
-2.3414028478103273,0.6601931595334521,0.5238268063432252,-0.016648077626232133,-0.3448408819969192,0.6296525833243007,1.056175093261845,15898
1.552591629160591,-0.951242971618668,-2.016170092509236,-2.142260431457936,-1.516328460432592,-1.7143529650682148,-1.2778587188319563,15899
-0.45739843875914415,-0.951242971618668,-0.5998792460119811,0.2486174005354293,0.3688691956469732,0.22678420562437498,-1.2778587188319563,15900
-0.702437870038218,0.06546002950528196,-0.5710185964469059,-1.1736064578636856,-0.24605282310676654,0.949720132392567,0.6715433334676023,15901
-1.0697884448393309,1.0821630306292318,1.5675140462170662,1.2900696463585237,0.8866797710485991,0.2652011103088699,0.9565845456816257,15903
-1.219473754807221,-0.951242971618668,-1.1689764872105932,-0.7120906218283796,-0.6760009656492845,-0.1024556255368702,-1.2778587188319563,15904
-0.5874530077066066,1.0821630306292318,0.623216106951848,-0.3004604818581788,-0.761649567886573,1.0479823750751505,0.8806702507149227,15906
-1.6579185856692376,0.06546002950528196,0.16493614868611117,0.06417104240423198,0.029154222574982094,1.4266178524318345,0.8288730424061476,15907
0.9941047972275256,-0.951242971618668,-1.0475369047555654,-0.5070852683472511,-0.5060243879552169,-1.2991284475109868,-1.2778587188319563,15909
-2.3414028478103273,1.2549262895616227,0.4292232249498429,-0.8051612308091723,-0.22288382284510683,1.6125773085278983,0.9959917129920511,15910
1.0109625792667192,-0.3565098415904979,-0.7926626567597967,-1.0046586257647252,-0.569746308245262,-0.48963176831474303,0.30526921768224496,15912
-0.7450737659930379,1.2549262895616227,0.5895671287051213,-0.5358688583562562,-0.5520032795947103,1.129361590077745,1.0374901606918017,15916
1.2571679091304642,-0.951242971618668,-1.3993613327391894,-1.1010093395930387,-1.435703209959329,-0.8702067625832752,-1.2778587188319563,15917
1.0632590649207432,-0.3565098415904979,-0.6071001092056272,-0.6924542097848468,-0.7789815234862738,-0.02084845295372739,0.45820237236717004,15918
-0.5874530077066066,-0.3565098415904979,-0.24690148655684485,-0.08584932398703761,0.241087546617811,0.9668750325469323,1.0363630337467562,15919
0.9035786869909719,0.06546002950528196,-1.1744327335685882,-2.1836385602075246,-1.7535428614232562,0.3713425543694715,-1.2778587188319563,15920
0.9898301430825142,-0.951242971618668,-0.6341916334648081,0.19069375672552744,0.04986373638462604,-0.29249568749523525,-1.2778587188319563,15921
1.5606124065159652,-0.951242971618668,-0.5273448734565853,0.37106458278556165,-0.12770224123977408,-0.9409204605414276,-1.2778587188319563,15922
1.5606124065159652,-0.951242971618668,-1.374193903788763,-1.0585235407794267,-0.26403434359720146,-0.4054300282323229,-1.2778587188319563,15923
1.0748240269202578,-0.951242971618668,-0.9870409902579438,-0.40496052380325687,-0.5638005336114014,-0.8702067625832752,-1.2778587188319563,15925
0.28899800354496863,-0.951242971618668,-0.41301378840645153,0.56406989481604,-0.11971059338832668,-0.4054300282323229,-1.2778587188319563,15930
-1.6579185856692376,1.2549262895616227,0.9937805495440765,0.14401224714786262,0.6983810635808817,0.8775617086856059,0.9565845456816257,15932
-0.5527525600703276,0.06546002950528196,0.3463520091707539,0.3698046933662741,0.7149816909063483,0.5379533476192208,0.37729675735699375,15933
1.22970744229283,-0.951242971618668,-1.5025052665565857,-1.2751293273614421,-0.3390091506449616,-0.9409204605414276,-1.2778587188319563,15935
0.25534153803420273,-0.951242971618668,-1.2678824215815407,-0.8790563312551738,-0.8305009921012262,-1.2991284475109868,-1.2778587188319563,15937
0.6678385315359481,0.6601931595334521,-0.4552209252622845,-1.6600776151551442,-1.2900838987664411,-0.804736104337389,0.8383020753421495,15938
0.5063246271107786,2.0042014208754995,1.7060663290603693,0.5923635525625724,0.8650228603620252,-0.19237550596065342,0.8905885388325661,15939
1.425411534317174,-0.951242971618668,-2.368503355977973,-2.7370434812705176,-3.8345524849439534,-2.5238496442644585,-1.2778587188319563,15940
0.8005288809889273,-0.951242971618668,-0.5995022460243682,0.24925382413110161,0.4481794353930975,-0.7437843797219198,-1.2778587188319563,15942
1.3393451483436676,-0.951242971618668,-0.6291146942544404,0.19926427135002436,-1.2454847475274144,-1.4170967027141252,-1.2778587188319563,15944
1.5444836677351161,-0.951242971618668,-1.0940750634221241,-0.5856475581289361,-1.2026013797763975,-2.1656416572948998,-1.2778587188319563,15945
0.4466187618313996,-0.951242971618668,0.6916274148959117,2.428843766520375,1.953472738273703,-0.13142378134518384,-1.2778587188319563,15947
-1.219473754807221,-0.3565098415904979,0.22858223898113214,0.7156810660879342,0.6708052095024314,0.35451443417019673,0.13783812499523687,15948
-0.702437870038218,-0.3565098415904979,-0.5376976477323807,-0.5756278467950955,-0.09607373408590039,-0.8702067625832752,0.30526921768224496,15949
-0.25030595595327615,0.39276528972337893,0.7084595994864966,0.5937881398339632,0.16509777101969497,0.8091944917842315,1.0107160654750915,15950
-1.140882700900234,-0.3565098415904979,-0.0096736650263907,0.31396462459654095,0.011597480181239152,0.05385373755105001,0.9439528495948398,15951
-0.2064153496825682,0.39276528972337893,0.06913712846150968,-0.48263248923386287,-0.5088431760594061,0.5651385571139715,0.7991554486507155,15952
-0.7902951935033181,1.2549262895616227,0.6674960021784146,-0.4048958663713364,-0.364751286237658,0.5379533476192208,1.0419667833944715,15953
-0.45739843875914415,2.0042014208754995,1.4486031517912419,0.15882355400226872,-0.017081402923456793,1.2167700472871472,1.0352326818275173,15955
-0.25030595595327615,-0.951242971618668,-0.4088114062486729,0.5711640466757701,0.34288130323117655,0.14454350874121646,-1.2778587188319563,15957
0.3620840501269106,-0.951242971618668,-1.529952279660625,-1.3214633521468,-1.6975094550640906,-1.2991284475109868,-1.2778587188319563,15958
-0.5874530077066066,-0.3565098415904979,-0.33471318300489067,-0.2337896197132629,-0.04279526348110981,-0.2245044866023096,0.009277491406272221,15963
-0.702437870038218,0.39276528972337893,0.09612918232235217,-0.43723752847551456,-0.3936442750238381,0.8292737560736217,1.0374901606918017,15965
-0.48784858938626624,-0.3565098415904979,-0.4689011626644306,-0.4597941374301938,-0.4564682249864156,0.6662143359277856,0.9701617487812266,15967
-1.8243669630413246,0.06546002950528196,-0.05848660160086159,-0.3120112274350707,-1.453122784699712,-0.4465281173678302,0.7801890356795537,15969
1.408485440990152,-0.951242971618668,-0.6564719253537263,0.15308180992851103,-0.31978746583137585,-0.9409204605414276,-1.2778587188319563,15970
-0.662107772231435,1.794302194169694,1.407614594432418,0.29666615518369804,-0.0883048517664709,-1.1019923666914786,0.9674833810560453,15971
1.5485486647540225,-0.951242971618668,-0.6725219521058305,0.125987337589435,-0.4193920730874314,-1.7143529650682148,-1.2778587188319563,15973
-0.10681093136222787,1.0821630306292318,1.249979323722454,0.754800307815514,0.8162360026365405,1.2420131817010367,0.9034370769984014,15974
0.45544638091705564,-0.951242971618668,-0.524102182233237,0.3765386551352327,0.4996062934799718,-0.29249568749523525,-1.2778587188319563,15975
0.9547213050134129,-0.3565098415904979,-0.41113299452256086,-0.36250955890364134,-0.1317196513576402,0.7781930793856414,0.30526921768224496,15976
-0.702437870038218,-0.3565098415904979,0.3074941649281766,0.8487618589303785,1.319318337634595,0.302016837212944,-0.056718515442787575,15977
0.3913397647791676,-0.951242971618668,0.34008434026278495,1.8353946552662614,1.9410024728888045,0.3198649108815007,-1.2778587188319563,15978
0.49808227687187545,0.06546002950528196,0.9621870648052717,1.4081070278023258,1.3452961367514504,0.14454350874121646,0.741671553492332,15980
-0.42814272410688714,1.2549262895616227,1.2421446721818332,0.5622747413104647,0.4541442976769016,0.3878561117744264,0.9579634571208487,15981
-0.5195948743219904,0.39276528972337893,0.5693042051832862,0.3593164987253423,0.3967731122181558,0.7676127182136949,1.0386140810124724,15983
-1.8243669630413246,1.5492685361090064,1.0798840199446298,-0.010378270081669128,0.17583950685429145,1.6207197587799842,1.0540221847933684,15984
0.7371303096188849,-0.3565098415904979,0.37110863382244236,0.9560534381586406,1.3934559109510576,-0.13142378134518384,0.5932130712951154,15985
-0.2969414599191216,-0.951242971618668,-1.1525925364495924,-0.68443244358637,0.6083503380767865,-0.7437843797219198,-1.2778587188319563,15986
-0.9451786088758904,1.0821630306292318,0.5515156312002305,-0.42101745969011684,0.38417602789002336,1.0244223228973448,1.04418621466031,15987
-0.6238468161312312,-0.951242971618668,-1.207927902410895,-0.7778455304034748,0.16663865599379057,-0.2245044866023096,-1.2778587188319563,15988
-0.018953607897127814,-0.3565098415904979,0.07945701371174338,0.46422801073059655,0.3967731122181558,0.3713425543694715,0.8938400611074022,15990
-1.6579185856692376,-0.951242971618668,-2.2445534844290753,-2.527800442739548,-2.4065288762778327,-1.9114890458877223,-1.2778587188319563,15992
-1.140882700900234,1.0821630306292318,1.0765350490045638,0.46257332988240446,0.6965363925465817,2.000281041407156,0.13783812499523687,15993
0.1441721577143484,-0.951242971618668,-0.4363969862773573,0.5245961034200639,0.12266782585648715,-0.07440725075751485,-1.2778587188319563,15994
0.4897478314285932,0.8863002017334407,0.29058907535662476,-0.6531520020045603,-0.9865629286146045,0.9668750325469323,0.9453764825814174,15996
-0.14507188746243174,0.6601931595334521,1.1614346503864617,1.0575786799256544,1.0710986142871308,2.0904560942965404,1.0082998027363084,15998
-1.8243669630413246,0.06546002950528196,2.2711763839998067,3.6169423190126464,2.666569656402584,-1.1019923666914786,-1.2778587188319563,16000
-0.2969414599191216,0.6601931595334521,1.0668050678148016,0.8980518792181559,0.4718497534839625,0.7676127182136949,1.0131176395958414,16003
-0.9451786088758904,0.39276528972337893,-0.17043155729060114,-0.8852550880873791,-0.8766384768274477,1.4215550901609675,0.917409140426984,16005
1.13717345707023,-0.951242971618668,-1.552595621999873,-1.3596881739586735,-0.6760009656492845,-1.1950730719486045,-1.2778587188319563,16006
0.044567739394007766,0.39276528972337893,0.6848680894209569,0.5540320328190981,0.8954091673602744,1.6367829212740808,0.7464028402964729,16007
-0.45739843875914415,0.06546002950528196,-0.32127353296395394,-0.7540589996066916,-0.4021609711520505,-0.13142378134518384,0.7758476982963317,16008
-0.5195948743219904,0.39276528972337893,0.24252489422285312,-0.19093657446728582,-0.5817338441902065,0.6044094489104112,0.6686909187201814,16009
1.2511523514720058,0.06546002950528196,-0.4795303892471507,-1.0199903439623104,-0.9193166107595347,0.5240404679784646,0.6034748878920203,16010
-1.219473754807221,2.1877897649392297,1.2290552062168052,-0.3894672284707821,-0.21798106834603928,0.9322255092582371,1.0452912719577836,16011
-0.18540198526921478,0.06546002950528196,0.5417359830962607,0.6991105609421477,0.6014216016577806,0.819291168521149,0.6134768835481179,16012
-1.6579185856692376,3.710302162905302,3.145930353280644,1.3918591715469173,0.8414355308420401,-0.1024556255368702,1.056175093261845,16013
-0.12569611998983565,0.06546002950528196,-0.0818556232469205,-0.35134142850468264,-0.6500735156473001,1.1222655712166019,0.909707966224177,16014
-1.6579185856692376,0.06546002950528196,-0.01413772341661414,-0.23736240963244454,0.7410390063754583,1.266555026458324,0.23467564592039966,16015
-1.8243669630413246,1.2549262895616227,0.5695162548986086,-0.5695584627113539,-0.7971092416165839,1.3307280840814355,1.0518574795072897,16016
0.02918729538273665,-0.951242971618668,-0.9691268187546459,-0.37471913967534987,-0.4618669285212062,-0.2245044866023096,-1.2778587188319563,16017
-0.10681093136222787,-0.3565098415904979,-0.4467738793958419,-0.4225326655359753,-0.5403295593031474,-0.2245044866023096,0.679979050269439,16018
0.02918729538273665,1.4094682908473293,1.3259190213764391,0.5452545588947156,0.24140757822651818,1.1907843622109124,0.9984841990281161,16019
-0.702437870038218,0.06546002950528196,0.13656985140338862,0.016395326393220434,0.05214122461547627,0.18662048949877436,0.2596349591424487,16020
1.292276747199566,-0.951242971618668,-0.13819555711620526,1.0279977798577997,0.5531284161677505,0.6044094489104112,-1.2778587188319563,16022
0.013483028875857768,0.06546002950528196,0.0032497756634305925,-0.20809222185849233,-0.28846995420452354,0.8489067773437937,0.8547271639977393,16023
-0.9451786088758904,-0.951242971618668,-0.8514136256866057,-0.17600440213709678,0.9875963813106842,0.49553962220406433,-1.2778587188319563,16024
-0.2969414599191216,-0.951242971618668,-0.38908379510437113,0.604466745962253,0.8661979738905359,-0.16137409356206325,-1.2778587188319563,16025
-0.0357166753013247,-0.951242971618668,-0.8832529196789164,-0.22975315182421321,0.4996062934799718,-0.1024556255368702,-1.2778587188319563,16026
0.5225410289669334,0.8863002017334407,0.2112023410562199,-0.7864886091716918,0.23337909688282643,-0.9409204605414276,0.8364341866318548,16027
-0.10681093136222787,4.109172464037681,3.6816879966393756,1.9229580365032413,1.5882916472780615,0.2069305701444127,1.020235989410288,16029
1.4230169091244451,-0.951242971618668,-0.6142429784435552,0.22436960599501515,0.668844206180127,-0.16137409356206325,-1.2778587188319563,16030
0.5225410289669334,-0.3565098415904979,-0.21397132229579696,-0.030362251952594777,0.3402488814619518,0.8585620603175879,0.7145853404081729,16031
-1.4069354965926615,2.497736332885561,1.996270482846439,0.6022689614595121,0.14455593170028963,2.4204364532450797,1.0529413148270375,16033
1.0824355736484872,0.06546002950528196,-0.39263781979789203,-0.8740078532085713,-0.720600116888311,-0.5349468086478807,0.6658177589560169,16034
0.48131920946767887,-0.3565098415904979,0.045375106068019755,0.4067674664581892,0.930102578343428,0.41998509241608295,0.7670192252870739,16036
1.3203223478520192,0.06546002950528196,0.1403133703307297,0.0227000941049247,-0.09088846845300132,0.0774137897288553,0.49541175939118237,16037
-1.219473754807221,0.06546002950528196,-0.3329912734208843,-0.7737573051902615,-0.7115364076035233,-0.29249568749523525,0.8052804973310863,16038
0.26672992881572677,0.06546002950528196,0.4823030874566074,0.598927205991676,0.42887453567305633,0.45098650481467234,0.8231056739007375,16040
-0.2732593087343148,0.06546002950528196,1.1834274375364369,1.781317120649469,1.3622843527354367,-1.4170967027141252,0.582677574239563,16041
-0.5195948743219904,0.6601931595334521,0.39518049829362745,-0.23314069439618745,-0.04577211465249353,0.6044094489104112,0.989690818242538,16042
-0.12569611998983565,0.39276528972337893,0.061030883885108425,-0.49626435211040326,-0.23055344592917004,-0.1024556255368702,0.9496168566684423,16043
0.718861842900669,0.39276528972337893,0.4986015398506294,0.24021630688820886,0.41046745651069627,0.6420087231816032,0.7533951949810819,16045
1.5606124065159652,-0.3565098415904979,-0.8176009978284929,-1.0465973102159554,-0.8456689825605147,-1.1950730719486045,-1.2778587188319563,16048
-0.0883920916756731,0.06546002950528196,0.32251566922075786,0.32963950537782954,0.5502214259905479,1.7381813035599893,0.12670900239409377,16049
0.9941047972275256,-0.951242971618668,-1.3095367131922506,-0.9493740365949622,0.6490420851798467,-1.0177906266090588,-1.2778587188319563,16050
0.1307317020707626,-0.951242971618668,-0.543517573919383,0.34376302172866285,0.6649118207932402,0.004760574858854357,-1.2778587188319563,16052
-0.2280378812240346,-0.3565098415904979,0.59437162204497,1.3326622905711718,1.9516110677582341,0.7569041071179524,0.4998258581202694,16053
0.858958569555107,-0.951242971618668,0.07116103398938926,1.3814181482051675,0.9964093133812152,0.6296525833243007,-1.2778587188319563,16054
1.1715539711365526,-0.951242971618668,-1.3275317122676216,-0.979751867873369,-2.133258981563555,-1.1950730719486045,-1.2778587188319563,16055
-0.0025589895529871606,-0.951242971618668,-0.077045959420993,1.1312260242020866,0.8889836158471662,0.5784237638341764,-1.2778587188319563,16056
-0.7450737659930379,1.0821630306292318,0.9157671660650512,0.19182660726300016,-0.25244155177297256,1.0164272493406568,0.9323752378605576,16057
0.27794705909668965,0.8863002017334407,0.5627738098846137,-0.19554510744599465,-0.41074323140596236,1.1433848940169402,0.9780895946116086,16059
-1.0697884448393309,0.39276528972337893,0.37887994384403156,0.03859755099143337,0.2834816318938782,0.3373595340158314,1.0430780576188126,16062
1.292276747199566,-0.951242971618668,-0.6045120221357394,0.2407966893006742,0.5832027281634562,-0.32855986216469163,-1.2778587188319563,16063
1.5444836677351161,-0.951242971618668,-0.5324394842972034,0.3624642362172055,0.42887453567305633,0.6420087231816032,-1.2778587188319563,16065
-0.702437870038218,0.6601931595334521,0.5991473356481963,0.1101530011063704,0.20894080789238595,0.7127224211397556,0.5718533977950185,16066
-0.5195948743219904,-0.3565098415904979,0.13763588314658687,0.5623220128813751,0.43130600904972544,-0.04722204126276407,-0.3682046874792935,16070
-0.0025589895529871606,-0.951242971618668,-0.6263324426531466,0.20396106346233198,0.16663865599379057,-0.4054300282323229,-1.2778587188319563,16071
1.368291200593255,-0.951242971618668,-0.16275335647652028,0.9865411127909114,-0.11177582607472476,-0.32855986216469163,-1.2778587188319563,16072
1.3911663354633619,-0.951242971618668,-1.4038711023096095,-1.1086224002295475,-1.2900838987664411,-2.5238496442644585,-1.2778587188319563,16073
-1.8243669630413246,1.5492685361090064,0.9057070387938112,-0.30335159306104886,-0.08444061877699624,0.6420087231816032,0.826959926191624,16076
1.3578948635647135,-0.951242971618668,-1.7474167982654631,-1.6885709261760327,-2.470250796567878,-2.5238496442644585,-1.2778587188319563,16078
-0.702437870038218,0.06546002950528196,0.5052880717977365,0.6376706586765047,0.6883007227267911,-0.5349468086478807,-0.022343998690729533,16079
0.43768542024440965,-0.3565098415904979,-0.9495938421975162,-1.268480576689656,-0.9750697329937101,-1.0177906266090588,0.8012077011945085,16080
0.15737471665462005,0.6601931595334521,1.0852514334585592,0.9291467419062917,0.7134741449007226,1.4316517668978843,0.989690818242538,16081
0.5914446076620198,-0.3565098415904979,0.48476768614905597,1.1477680098636391,1.194289475554343,-0.07440725075751485,0.9189315227589347,16083
1.396155819664917,-0.951242971618668,-0.39540495112667806,0.5937958362097241,0.3688691956469732,0.10036182276301958,-1.2778587188319563,16084
-0.48784858938626624,0.6601931595334521,0.2501892752177177,-0.4769964567756844,-0.21787236276345867,1.1222655712166019,0.9728220802233335,16085
0.19563567275482363,0.6601931595334521,0.35630873958355835,-0.2985336739904887,-0.4597043088298844,-0.29249568749523525,0.9858614726582301,16086
0.9083756495481708,-0.3565098415904979,-0.654046642158303,-0.7714631240801586,-0.7718121733680524,-0.6332090513304633,0.21711463367102732,16091
0.6873835389654623,0.06546002950528196,0.10493045271439456,-0.03688838213315565,0.33408228280017693,0.0774137897288553,0.6743753006217238,16092
0.6340805036168403,-0.951242971618668,-2.93864528730968,-3.6995150725274644,-2.2346770582740305,-2.5238496442644585,-1.2778587188319563,16093
-0.9451786088758904,0.39276528972337893,0.32504614096477513,-0.05203708319125005,0.048152561679862455,0.302016837212944,0.8307769387477173,16094
1.3036218344423172,-0.951242971618668,-0.6401434873551693,0.18064627561603508,0.0009291681357348864,-0.8702067625832752,-1.2778587188319563,16096
1.2328090064575377,-0.951242971618668,-1.0765283376699042,-0.5560264688386927,-0.6373324615247817,-1.0177906266090588,-1.2778587188319563,16097
0.4897478314285932,1.0821630306292318,0.8195143076789568,0.02979600578171214,-0.630116707522965,0.004760574858854357,0.9579634571208487,16098
0.0744087228930169,0.06546002950528196,0.01651116096076848,-0.18576676163998182,-0.07547582525477484,-0.13142378134518384,0.7647809318986573,16099
0.33163389949978844,-0.951242971618668,0.4683229443438214,2.051877615995273,1.7632831144915033,0.7013229133180106,-1.2778587188319563,16101
-0.05286513414107354,0.06546002950528196,0.751758261906938,1.0532150937537597,0.7843388216850264,0.16583248100890577,0.4864327881986733,16102
-1.3073310782723213,0.8863002017334407,0.5497732640026417,-0.2174158538254011,-0.5638005336114014,-0.1024556255368702,0.8653097001348805,16103
0.23202948117944813,-0.951242971618668,-0.6977256870437886,0.0834402496832806,-0.26403434359720146,-0.16137409356206325,-1.2778587188319563,16104
1.2601575929199522,-0.951242971618668,-0.6006337812240546,0.24734364979668333,0.8395739001825202,-0.804736104337389,-1.2778587188319563,16105
0.27794705909668965,-0.951242971618668,-1.5000231782864097,-1.2709392488638713,-0.8155366049848971,-1.4170967027141252,-1.2778587188319563,16106
-0.662107772231435,1.0821630306292318,1.1928757335761333,0.6585760655146826,0.09016318803794067,-0.6332090513304633,0.741671553492332,16107
0.4641707506279294,-0.951242971618668,0.1285666599073168,1.4783260953110324,1.5320267470232702,0.302016837212944,-1.2778587188319563,16108
1.1648034716087685,-0.3565098415904979,-0.126071030908425,0.11776901812422506,0.7556599385803305,-0.5349468086478807,0.4998258581202694,16109
-0.0025589895529871606,0.06546002950528196,0.4867785243909489,0.6064708637843009,0.4858144049868057,1.8543737800777726,0.929427032190964,16110
0.8486697842687917,0.39276528972337893,-1.0319872910675412,-2.3262491655373774,-0.08444061877699624,-0.6867678491342508,0.8073012573700791,16112
1.0315127799850192,-0.951242971618668,-1.1850165352742743,-0.7391682488810498,0.141725214729715,-0.1024556255368702,-1.2778587188319563,16113
0.9812066353969326,-0.951242971618668,-1.3219738275431083,-0.9703694564756834,-1.4100738030285696,-1.1950730719486045,-1.2778587188319563,16114
-1.0697884448393309,1.2549262895616227,0.6692249186625596,-0.40198949219085606,-0.24382538959598715,1.4010088246192522,0.9524186962584894,16115
1.1406836993454563,-0.951242971618668,-0.12490113090873879,1.050440450434337,0.5222202554964798,0.004760574858854357,-1.2778587188319563,16116
1.0593638857982834,-0.951242971618668,-0.8964081046049612,-0.2519607655309893,-0.19378559029090436,-0.1024556255368702,-1.2778587188319563,16117
-1.219473754807221,-0.3565098415904979,-0.4191337084047035,-0.3759841804432402,-0.28231065620974044,-0.7437843797219198,0.3712652245313046,16119
0.19563567275482363,0.39276528972337893,0.47962397256301637,0.20825210475011474,0.38670685781069886,-0.2245044866023096,-1.2778587188319563,16120
0.17034765419645906,-0.3565098415904979,0.13997801108197572,0.5662711985025065,0.6883007227267911,1.4061903620447096,0.7246510499143011,16121
0.35207148225049756,0.39276528972337893,-0.036887350534400384,-0.6608846692215237,0.6649118207932402,-0.2245044866023096,0.9674833810560453,16122
0.10310168753222393,-0.951242971618668,-0.6726252242185332,0.12581300121951874,0.10327898756762396,-0.6332090513304633,-1.2778587188319563,16123
1.4396200611872818,-0.951242971618668,-0.8409812783272785,-0.1583932821480372,-1.2900838987664411,-0.9409204605414276,-1.2778587188319563,16124
1.5485486647540225,-0.951242971618668,-0.7216902088019512,0.042985110142120794,-0.24605282310676654,-0.804736104337389,-1.2778587188319563,16125
-0.3214002120141793,0.39276528972337893,1.7302322354238755,2.3170003861382105,1.3691125443130696,0.45098650481467234,0.9309038852239986,16126
-0.10681093136222787,-0.951242971618668,-0.07034625017188238,1.142535979614222,0.8157445633068813,0.14454350874121646,-1.2778587188319563,16127
-0.662107772231435,0.6601931595334521,0.7680621346886964,0.3946287946492858,0.27009011830439067,0.7013229133180106,0.926456659353367,16128
0.10310168753222393,0.8863002017334407,1.2647511192248766,0.9867786950682583,0.7348899003209711,0.41998509241608295,0.7929339385545909,16131
-1.6579185856692376,3.20449276606318,2.401185801217099,0.611874578171942,0.6137375143017171,1.628787847717392,0.9947395479936569,16133
-0.5195948743219904,-0.3565098415904979,-0.118033447304943,0.13131548250399774,0.20001021192723978,0.004760574858854357,1.0225805525306857,16134
1.3008016983537334,-0.951242971618668,-0.2593193683285399,0.8235254881174875,0.3323141141483499,-0.4054300282323229,-1.2778587188319563,16135
0.20796529408005854,0.06546002950528196,-0.008370730920703649,-0.22765442879296252,-0.06027336102269692,0.02964812480486719,0.8493276577182843,16136
-0.6238468161312312,0.06546002950528196,-0.0960351493372161,-0.37520393143970815,-0.3784762845645497,-0.2578461642065392,0.790838136683051,16139
0.27794705909668965,-0.3565098415904979,0.009167314363934372,0.3457263185473313,0.9516310010166474,-0.04722204126276407,0.9832877975867041,16140
0.4897478314285932,-0.951242971618668,-0.11506417811866113,1.067046469189827,0.47652410037924225,-0.1024556255368702,-1.2778587188319563,16141
1.2631353418122504,-0.951242971618668,-0.23242630300395464,0.8689243790853428,1.112990222965738,0.0774137897288553,-1.2778587188319563,16142
-1.8243669630413246,0.8863002017334407,0.9708043973584265,0.4914133937853016,-0.01225006231207687,0.6897743881055913,1.0540221847933684,16143
1.2541661943878881,-0.951242971618668,-1.1198959249350122,-0.6292364336390869,-2.470250796567878,-2.5238496442644585,-1.2778587188319563,16144
-1.140882700900234,1.6768961606574022,1.3287034417844104,0.28057368474434013,0.6724071050301421,1.19735279097067,1.0386140810124724,16145
0.9178780087132298,0.06546002950528196,0.0189333086668056,-0.181688981293523,-0.09347808657741158,-0.2245044866023096,0.4277983184455203,16146
0.8005288809889273,-0.951242971618668,-0.5155966799010367,0.3908970173503944,0.5132296414369405,-0.36615913643588405,-1.2778587188319563,16147
1.3886590218188337,-0.951242971618668,-1.776573308460348,-1.737790797966946,-0.8456689825605147,-2.5238496442644585,-1.2778587188319563,16148
-1.5219203589242727,-0.3565098415904979,-0.7463124886799043,-0.9266988201574667,-0.006240181982486512,-0.5349468086478807,0.6686909187201814,16149
-0.0357166753013247,0.6601931595334521,0.83812408713249,0.5126619596891452,0.33443558025243736,0.8585620603175879,1.0131176395958414,16150
1.3175647657579306,-0.951242971618668,0.7460715492668459,2.5207523418468814,1.5798504619335954,-0.13142378134518384,-1.2778587188319563,16152
0.0744087228930169,0.6601931595334521,0.7439733041448567,0.3540514017158499,0.36165344164515645,0.7239767083482843,0.9832877975867041,16153
-1.140882700900234,1.4094682908473293,1.1644872050544193,0.27337384260841974,-0.10041328842200467,1.0083591604032482,0.979395571755513,16156
-0.7450737659930379,0.06546002950528196,-0.06981269772837928,-0.33107355053792586,-0.3229681530139834,-0.8702067625832752,0.31937992218130024,16157
1.3526418481444065,-0.951242971618668,-0.5745495804281181,0.29137707527740725,0.4671557250700389,-0.7437843797219198,-1.2778587188319563,16159
0.26672992881572677,-0.3565098415904979,0.2850624646862413,0.8109306587457626,1.4687305781614584,-0.4465281173678302,-0.07509660704497219,16160
-2.038956243693276,2.426171291971279,1.6283952873689709,0.05174421232817281,-0.14428785095897523,1.8636570486682857,1.056175093261845,16161
1.2690554134180094,-0.951242971618668,-2.334572247613851,-2.6797634847193983,-3.8345524849439534,-2.1656416572948998,-1.2778587188319563,16162
1.2076277087101308,-0.3565098415904979,0.1417835589105792,0.5693156373102124,-0.5287768123827928,-1.5532810589181636,0.6541114883687211,16163
-0.702437870038218,0.06546002950528196,0.10941594803350944,-0.029334696968166655,-0.07802984722240915,-0.19237550596065342,0.009277491406272221,16164
-1.0048844741552696,2.9197062039813404,1.3262052667501054,-0.926494167538685,-0.8754759844371521,0.45098650481467234,1.0474921563478996,16168
-1.219473754807221,0.39276528972337893,0.7434227459221256,0.6527112759204442,0.8437760540506561,0.6420087231816032,0.3890904011009562,16169
0.0888931606621161,0.8863002017334407,0.7701064645796518,0.1534021169643814,0.7149816909063483,0.9919985150884222,0.8113120301567754,16170
0.19563567275482363,-0.951242971618668,-1.8094112844929133,-1.7932254490754829,-2.0403026540253606,-1.9114890458877223,-1.2778587188319563,16171
0.5462231801517399,0.6601931595334521,0.369566198753001,-0.2762322296847575,0.017949805637551563,0.3713425543694715,0.6936502319422302,16172
-0.7450737659930379,0.8863002017334407,0.5434398146298893,-0.22807013195693898,-0.5306939755401812,0.6296525833243007,0.467838404378517,16173
0.7549620378174998,0.06546002950528196,0.27262378836578105,0.24557697997214203,0.37399486031426643,-0.48963176831474303,0.009277491406272221,16174
0.5384123746786584,0.39276528972337893,0.29444424547757314,-0.10355096803619389,-0.16646510653926821,0.24620146194085193,0.6909535817020049,16175
0.0744087228930169,-0.951242971618668,-0.612541042700936,0.2272426884897365,-0.5403295593031474,-0.6867678491342508,-1.2778587188319563,16177
0.8223092635746644,-0.951242971618668,-1.023281901110811,-0.4661397586925194,-0.5520032795947103,-1.1950730719486045,-1.2778587188319563,16178
0.22009442484988165,-0.951242971618668,-0.9544691728818552,-0.34997518212373807,-0.49481997101778535,-0.9409204605414276,-1.2778587188319563,16179
0.5840955323843802,1.2549262895616227,2.1201066268713356,2.0425433830133706,1.7279835931292298,0.8489067773437937,0.7094546484728891,16180
0.35207148225049756,-0.951242971618668,-0.6784299173118594,0.11601394612240917,-0.020718698486951147,-0.9409204605414276,-1.2778587188319563,16181
0.34192268478610366,0.39276528972337893,1.7709929215005649,2.385777587537667,2.0135200452143307,-0.5827124735718688,0.8582862666848654,16182
0.28899800354496863,-0.951242971618668,-0.5965161152743579,0.2542947899971809,-0.34874571996905257,-0.6867678491342508,-1.2778587188319563,16183
0.25534153803420273,0.8863002017334407,0.38244184058771635,-0.4987982161335124,-0.5578863016968904,-0.2245044866023096,0.6963285996674116,16184
-0.702437870038218,-0.3565098415904979,-0.24129024432802912,-0.07639472633219356,-0.19378559029090436,-0.07440725075751485,0.8456865469088336,16185
-0.48784858938626624,1.794302194169694,1.3710757658788526,0.23514902397531898,0.5385170654510395,0.819291168521149,1.0363630337467562,16186
-0.25030595595327615,2.098866031753182,1.8056189628025514,0.6674234261453267,0.8613642528319037,1.3529544034911853,0.9081495510819382,16187
-0.0025589895529871606,0.39276528972337893,0.2504732332012847,-0.17755980869709567,0.2582391172457722,0.5651385571139715,0.8133022496116039,16188
-0.7450737659930379,-0.3565098415904979,-0.9557571251969083,-1.2788373197166267,-0.9247681135603033,-1.1019923666914786,0.400542151507909,16189
-0.0883920916756731,-0.951242971618668,-0.9572316229520409,-0.35463854675052364,-0.6247353771966503,-1.4170967027141252,-1.2778587188319563,16190
-1.8243669630413246,1.903003202857391,1.5758291029868223,0.4724954706955959,0.5651231175443502,0.5651385571139715,1.0452912719577836,16191
1.2234653547626348,-0.951242971618668,-0.6555868527130472,0.15457592433413406,0.38417602789002336,-0.48963176831474303,-1.2778587188319563,16193
0.3719639973065715,-0.951242971618668,-0.4629223840877065,0.4798178816540926,-0.20232839148992285,-0.6867678491342508,-1.2778587188319563,16198
-1.6579185856692376,-0.3565098415904979,0.3181014595445046,0.8666514789526932,0.5661168749430395,1.2904334962277955,0.7271279089759665,16200
-1.8243669630413246,0.39276528972337893,0.7609316962966876,0.6822205888298761,0.8105713284959406,0.6780728978510595,0.5681784157010902,16201
1.5362866060489067,-0.951242971618668,-0.5364995617682513,0.3556103126423187,0.23241178220063982,-0.5349468086478807,-1.2778587188319563,16202
0.19563567275482363,0.39276528972337893,-0.15115142028335338,-0.8528733471694919,-0.9496352434690379,-0.19237550596065342,0.9934834015418288,16203
-0.48784858938626624,-0.951242971618668,-0.4963654647377581,0.42336173752414485,0.3790970664799492,0.24620146194085193,-1.2778587188319563,16204
-0.2732593087343148,0.39276528972337893,0.03705413765712195,-0.5365816885167801,-0.21093716091886555,0.6541944280815882,0.6989889311095184,16205
0.1441721577143484,0.39276528972337893,-0.22987364181470046,-0.9850645789131147,-0.9084929325230912,0.3713425543694715,0.9382064540794413,16206
-0.42814272410688714,-0.951242971618668,-0.47552780419342905,0.4585383404014803,-0.11177582607472476,-0.48963176831474303,-1.2778587188319563,16207
-0.0025589895529871606,-0.3565098415904979,-0.06068865005181201,0.22797010208928575,0.08022407226822048,0.5099049728398658,0.8954558413812965,16208
0.49808227687187545,0.6601931595334521,0.9155910824754034,0.6431937940662988,0.4662145429953295,0.0774137897288553,0.722158563878236,16209
-2.038956243693276,2.2716292906855724,2.694464154657836,1.997750395838159,1.1709871489179762,0.6662143359277856,1.0615065874880631,16210
0.49808227687187545,-0.951242971618668,-0.21525052146144105,0.897919267697889,-0.006240181982486512,-0.32855986216469163,-1.2778587188319563,16211
-0.6238468161312312,-0.3565098415904979,-0.030030944935413716,0.27964797441126127,-0.26403434359720146,0.14454350874121646,0.926456659353367,16212
0.41022495340677506,-0.951242971618668,-1.196788450163576,-0.7590407280533553,-1.2900838987664411,-1.4170967027141252,-1.2778587188319563,16213
0.9812066353969326,0.06546002950528196,0.313527778270274,0.3144951239230273,-0.11177582607472476,0.05385373755105001,0.5374788810429604,16214
0.4286437930933301,-0.951242971618668,-0.8624755718093595,-0.19467836435962133,-0.4404272273554374,-0.7437843797219198,-1.2778587188319563,16215
1.312018828634696,-0.951242971618668,0.19424502944267003,1.589199478523178,0.5487650833911784,0.0774137897288553,-1.2778587188319563,16216
1.2171705907657024,-0.3565098415904979,-0.6817920770031055,-0.8181506049324119,-1.3484653053644033,-0.804736104337389,0.24317183845542084,16217
-0.2969414599191216,1.0821630306292318,1.1625878337952582,0.6075436347668802,0.7272885556646504,0.4356217766984145,1.0295318942148675,16218
-0.14507188746243174,0.06546002950528196,0.1457340289060089,0.03182959267366938,0.47652410037924225,0.8489067773437937,1.0143129740214183,16221
1.4419620571674556,-0.951242971618668,0.060578111163699815,1.3635528378106145,0.8226050778884133,1.1006289894230767,-1.2778587188319563,16222
0.17034765419645906,0.39276528972337893,0.47115710440817754,0.19399178963162103,0.6530307481154606,0.8489067773437937,0.8012077011945085,16224
-0.0025589895529871606,0.6601931595334521,0.338299021284511,-0.3288271639167884,-0.49928823391832633,1.0164272493406568,0.8756161383759573,16225
1.108480492431023,0.06546002950528196,-0.821699395107546,-1.5939708768881267,-0.9750697329937101,-1.4170967027141252,0.10346360824317884,16226
1.1848744163049514,-0.951242971618668,-0.6561683611760715,0.1535942646017424,-0.5999603553642504,-1.4170967027141252,-1.2778587188319563,16227
0.48131920946767887,-0.3565098415904979,0.2734517425923535,0.7913495097173525,0.029154222574982094,0.2652011103088699,0.6327518148686244,16229
1.0593638857982834,-0.3565098415904979,-0.22254323706025705,-0.04480627029037692,0.1819314897800293,-0.04722204126276407,0.07876445816932527,16230
-0.018953607897127814,0.39276528972337893,0.25775656326790747,-0.16530187235198038,-0.1317196513576402,-0.29249568749523525,0.7556987451010523,16232
0.33163389949978844,0.06546002950528196,-0.23043689888797433,-0.6013170690207345,-1.0830408343107478,-0.36615913643588405,0.9701617487812266,16233
-0.07041712293760334,0.39276528972337893,0.1424433314343808,-0.359333751629788,-0.6991929185316604,0.16583248100890577,0.96478673081582,16235
0.4008421239442265,-0.951242971618668,-0.4026962945355219,0.581487127610237,0.19100749731358085,-0.4465281173678302,-1.2778587188319563,16236
0.17034765419645906,-0.3565098415904979,-0.4365313878806869,-0.40528385756429997,-0.3390091506449616,-0.5349468086478807,0.6541114883687211,16239
-0.45739843875914415,-0.3565098415904979,1.311594145339739,2.542896986216856,1.8529695816812815,1.1433848940169402,0.29802024868120347,16240
-1.0697884448393309,1.903003202857391,1.0233793252468413,-0.4570046901617745,-0.3684777412993455,2.0339156885377037,1.0485880175949933,16241
-1.219473754807221,1.0821630306292318,1.28124489498388,0.8074905007285281,0.6620944574002493,1.4757110151240302,0.9323752378605576,16242
-0.2064153496825682,-0.3565098415904979,-0.44638497172522834,-0.42187773765255543,-1.141219082803132,0.3198649108815007,-0.056718515442787575,16243
1.1406836993454563,-0.3565098415904979,0.600042549011917,1.3422292306193766,1.1273922213946537,0.8292737560736217,0.7295893357937872,16244
-0.45739843875914415,0.06546002950528196,0.5408178919260216,0.697562893869959,0.8661979738905359,0.7460640987439856,0.8773080370058354,16245
0.9768572055406751,-0.951242971618668,-1.456204280558203,-1.1969674149994793,0.17888965951286112,-0.6332090513304633,-1.2778587188319563,16247
0.23202948117944813,-0.951242971618668,-1.2275714029752458,-0.8110062404075032,-0.7576103239704249,-1.2991284475109868,-1.2778587188319563,16248
0.11704461884783704,0.6601931595334521,0.7333497463949707,0.33615697260050864,0.22659020186326767,0.5915121454230086,0.7887311571486797,16249
1.295129236744246,-0.3565098415904979,-0.48555177860255555,-0.48783141540716324,-0.4404272273554374,-0.36615913643588405,0.5897323639659863,16250
0.28899800354496863,-0.3565098415904979,1.304070100773304,2.530198878484373,2.6082726485530947,1.0556981411370956,0.7929339385545909,16253
-0.702437870038218,1.2549262895616227,1.0324346493440442,0.2090871637075509,0.3936371604983773,1.2725854225592388,1.0352326818275173,16255
1.312018828634696,-0.951242971618668,0.038536960600651954,1.3263445917761576,1.4687305781614584,-0.804736104337389,-1.2778587188319563,16256
1.0067837161975963,-0.951242971618668,-2.1574995744430856,-2.3808424474318715,-4.404036266822083,-2.1656416572948998,-1.2778587188319563,16257
-0.0025589895529871606,0.6601931595334521,1.579358662141771,1.7623751258839335,1.502315747543933,1.0323456907928181,0.7602659373124884,16258
0.0888931606621161,-0.951242971618668,0.29279980631299923,1.7555723897363547,0.7736705096395222,-0.5349468086478807,-1.2778587188319563,16260
-0.702437870038218,0.39276528972337893,0.012847693474164888,-0.5772803785467736,-0.7971092416165839,0.9233465440835307,0.868775141007578,16261
-1.140882700900234,1.4094682908473293,1.6158118226748557,1.033765123928817,0.7112089966078455,1.3746352363102152,1.0430780576188126,16265
0.3620840501269106,1.0821630306292318,0.14668625807294589,-1.1007150048097412,-1.104847497330152,0.22678420562437498,0.6541114883687211,16266
0.33163389949978844,-0.3565098415904979,-0.056636323250080986,0.23480070004386341,0.6021164163273747,0.24620146194085193,-1.2778587188319563,16268
1.5196171948827535,-0.951242971618668,0.3702854425165269,1.8863779303886121,1.6568813721738462,0.40406665096392086,-1.2778587188319563,16270
-0.7450737659930379,0.39276528972337893,0.5271646853223166,0.2883288302526401,0.5563897449722447,0.8292737560736217,1.0283817981296515,16271
0.7001347059966991,-0.951242971618668,-0.44134636029426844,0.5162409349541073,0.40922944405556677,-0.2578461642065392,-1.2778587188319563,16272
1.5606124065159652,-0.951242971618668,-0.6134994328496434,0.2256248048702722,-0.028029086001941865,0.5379533476192208,-1.2778587188319563,16274
1.0862124177017818,-0.951242971618668,-0.19677211743003598,0.9291131475980291,0.8596013268250359,-0.02084845295372739,-1.2778587188319563,16275
1.0067837161975963,-0.951242971618668,0.0978304306338728,1.4264394581907767,1.107706658093717,-1.4170967027141252,-1.2778587188319563,16276
0.5840955323843802,-0.951242971618668,-0.18757163027747814,0.9446447319692715,-0.3390091506449616,-0.32855986216469163,-1.2778587188319563,16278
-0.5527525600703276,0.06546002950528196,0.5895247161446215,0.7796735545617164,0.9007356471597591,0.9583392212310814,0.7171259133198687,16279
0.34192268478610366,-0.951242971618668,0.8416252327947192,2.6820590284480956,1.9972448641771188,-0.5827124735718688,-1.2778587188319563,16281
1.4917088278208783,-0.951242971618668,-1.1517444368033334,-0.6830007442651627,-0.3390091506449616,-0.9409204605414276,-1.2778587188319563,16282
-1.4069354965926615,0.6601931595334521,0.6239374719855826,0.1518938731127566,0.5168345923591747,1.0709304081093147,0.8211643543860943,16283
-0.2732593087343148,-0.3565098415904979,0.099871067545613,0.49864666578872374,0.6062762349645191,0.819291168521149,-0.09437153836547865,16284
0.9768572055406751,-0.951242971618668,-1.2835613330947393,-0.9055243141976623,0.7262237703866882,-1.1950730719486045,-1.2778587188319563,16287
0.7310903972103813,-0.951242971618668,-0.6870329222281942,0.10149098723026834,0.23241178220063982,-0.5827124735718688,-1.2778587188319563,16292
-0.5195948743219904,1.5492685361090064,0.9107760025310054,-0.29482874220376853,-0.5037744778045241,0.9583392212310814,1.0318220903460842,16293
-1.0697884448393309,0.39276528972337893,0.49134891698498273,0.22800040245904538,0.3389303359489595,0.6296525833243007,0.30526921768224496,16295
1.3175647657579306,-0.951242971618668,-0.6879536226460568,0.09993672863683133,0.3162731165173717,-0.4465281173678302,-1.2778587188319563,16297
-0.48784858938626624,0.06546002950528196,-0.14406817570723318,-0.4560279397228741,-0.9412844171465856,-0.36615913643588405,0.7392844904820263,16298
0.7608124608036914,-0.951242971618668,-0.892962734948704,-0.2461445463874844,0.022164669264065795,-0.9409204605414276,-1.2778587188319563,16302
-0.3999912659211662,0.06546002950528196,1.6030711695989617,2.4893811271256254,1.938910466079986,1.0932974154082877,0.9858614726582301,16303
0.8276564198554379,-0.951242971618668,-0.5453643070292289,0.3406455029895857,0.5574747378571825,-0.36615913643588405,-1.2778587188319563,16305
1.1476550127690195,0.8863002017334407,-0.0999785110185092,-1.3083897987874262,-0.7137954359373452,0.05385373755105001,0.712028323544415,16306
-0.12569611998983565,0.39276528972337893,1.013998969307223,1.1088419455773852,2.845469818651692,-2.5238496442644585,0.8600538657243214,16308
0.6271416153756115,-0.3565098415904979,-0.01153065267381383,0.31083421392542426,0.45533344989768015,0.12272883006199294,0.660007981806236,16309
-0.662107772231435,-0.3565098415904979,-0.1203936012465749,0.1273376793157857,0.2667169535485704,0.02964812480486719,0.09130702673711896,16311
-1.8243669630413246,-0.3565098415904979,-0.7645594658864802,-0.9573917394357949,-0.6958500971326627,-0.6332090513304633,0.24317183845542084,16313
1.4717571897824155,-0.951242971618668,-0.9166271852665676,-0.28609312743721593,-0.8007704275057291,-0.7437843797219198,-1.2778587188319563,16315
0.25534153803420273,1.2549262895616227,1.1240059278823216,0.36328199155767094,0.20001021192723978,1.1006289894230767,0.9674833810560453,16316
0.718861842900669,0.06546002950528196,0.49916584607382847,0.6273508817734293,0.7212412811935915,0.5516505149897042,0.7692449085049974,16317
-0.18540198526921478,-0.951242971618668,-0.6216926027652625,0.21179369922311253,0.2779213704860009,-0.48963176831474303,-1.2778587188319563,16318
1.1614051736721587,-0.951242971618668,-0.4555748351736693,0.4922214722453225,-0.8456689825605147,-1.9114890458877223,-1.2778587188319563,16319
0.9855308510254295,-0.3565098415904979,0.2951118106057565,0.8278788159664239,0.9546728312838165,0.4356217766984145,0.1892166181336462,16320
0.34192268478610366,0.6601931595334521,-0.5184643362454776,-1.765755790595576,-1.9139604243069195,-1.2991284475109868,0.9065849639824395,16321
-2.3414028478103273,-0.3565098415904979,-0.6250908876867036,-0.722733565232078,-0.32456190611068875,-0.16137409356206325,0.13783812499523687,16322
1.0824355736484872,-0.951242971618668,-0.9857015383737825,-0.4026993598447499,-1.2454847475274144,-2.5238496442644585,-1.2778587188319563,16323
0.7666173547449812,0.06546002950528196,-0.44737706145190875,-0.9659805815726332,-0.5999603553642504,0.9410161250555489,0.2596349591424487,16324
0.02918729538273665,0.06546002950528196,-0.14935460947522508,-0.4649223214553954,-0.9636938169249084,-0.7437843797219198,0.8133022496116039,16325
-1.4069354965926615,2.0042014208754995,1.150754752234596,-0.3421945548806434,-1.2739500411877787,1.3419111397157664,1.0119186774426234,16326
-0.8384360967831825,0.8863002017334407,1.3266407518848364,1.0911131094675,1.1094706301409776,1.2420131817010367,1.0430780576188126,16327
-0.662107772231435,0.06546002950528196,-0.8317547584478844,-1.6108132479929749,-1.2675613125215732,0.12272883006199294,0.5211855316203662,16330
-0.3466882305725439,1.0821630306292318,0.6308587650178287,-0.2876076350451778,-0.3403948936466003,1.1364010663552007,0.9453764825814174,16332
-1.219473754807221,2.6311730437506724,2.88083114098075,1.965394922834236,2.497044454968325,-1.1019923666914786,0.979395571755513,16333
-0.14507188746243174,-0.951242971618668,-1.2374203647240531,-0.8276325318021073,-0.6373324615247817,-1.0177906266090588,-1.2778587188319563,16337
0.9178780087132298,-0.951242971618668,-0.9582653963603157,-0.3563836868333403,-0.5520032795947103,-0.9409204605414276,-1.2778587188319563,16338
1.3578948635647135,-0.951242971618668,-1.6119785045580892,-1.4599339800086382,-2.1828151445323565,-0.5827124735718688,-1.2778587188319563,16339
0.6340805036168403,-0.951242971618668,-0.23395885333863525,0.8663372405532652,1.2700608032049094,1.129361590077745,-1.2778587188319563,16340
-0.42814272410688714,0.39276528972337893,0.8059868960644615,0.7581606549198212,0.9033893739573917,0.49553962220406433,0.7670192252870739,16341
0.3719639973065715,0.39276528972337893,-0.6357185758552848,-1.6652382897647624,-1.5093824560230764,-1.0177906266090588,0.5607242751938752,16342
-0.7450737659930379,-0.3565098415904979,-0.6206517448916526,-0.7152624632928657,-0.6310161267740723,-0.13142378134518384,-1.2778587188319563,16343
0.9225841764182786,-0.951242971618668,-1.5549347749021787,-1.3636369595019795,-2.3462531105133038,-2.5238496442644585,-1.2778587188319563,16344
-0.018953607897127814,-0.951242971618668,-0.1888654283675106,0.9424606373815076,0.6883007227267911,0.02964812480486719,-1.2778587188319563,16345
-1.0048844741552696,-0.3565098415904979,0.13323163436740063,0.5548958132029831,0.10653396827782523,0.5099049728398658,0.009277491406272221,16347
-0.25030595595327615,1.0821630306292318,0.5406206178301096,-0.43933244821728923,-0.3376251279951015,1.3307280840814355,0.8307769387477173,16348
1.37599445432411,-0.951242971618668,-2.0554167982030473,-2.208513827682425,-3.061811143440166,-1.1019923666914786,-1.2778587188319563,16349
-0.5527525600703276,0.39276528972337893,0.3528062626460337,-0.005302167676764747,-0.1418269744542506,0.14454350874121646,0.9922232482364803,16350
1.4762372339216803,-0.951242971618668,-1.2226149676323166,-0.8026391515313547,-0.5999603553642504,-1.1950730719486045,-1.2778587188319563,16351
-0.662107772231435,-0.3565098415904979,-0.29566664223078015,-0.16801020178418022,-0.035387727249114306,-0.16137409356206325,-0.07509660704497219,16352
-1.6579185856692376,2.693599161781352,1.777956140399573,0.047142445140639255,-0.6345818307159193,0.35451443417019673,1.0551001055883238,16353
0.24377657603468808,-0.3565098415904979,-0.4726695865680133,-0.4661397586925194,-0.8007704275057291,0.10036182276301958,-0.3682046874792935,16354
1.0899702347522078,0.06546002950528196,-0.9695388882010766,-1.841419615031719,-1.765095608343611,-0.4465281173678302,0.45329475986215134,16356
-0.2280378812240346,0.06546002950528196,-0.06716236027303434,-0.32661298797560484,-0.702545793543983,-0.07440725075751485,0.7758476982963317,16357
-2.3414028478103273,0.39276528972337893,0.8281565385056907,0.7955297697769411,0.8243136301021806,0.7676127182136949,0.7823419441480298,16358
-1.3073310782723213,1.4094682908473293,0.7112906560619556,-0.4890238774419144,-0.18156042238827122,0.12272883006199294,1.0070861067701522,16359
-1.5219203589242727,0.8863002017334407,1.2518896346361634,0.9650980410418746,0.9102596451987601,2.078468805927095,0.4725696911826578,16360
-1.0697884448393309,0.39276528972337893,0.17332617476137452,-0.30737773791992434,-0.4351311124009407,0.819291168521149,0.3525976072831403,16361
-0.25030595595327615,0.6601931595334521,-0.007686420625261514,-0.9102407927205154,-0.9084929325230912,0.46608857510276935,0.33300395248729253,16362
0.11704461884783704,-0.951242971618668,-1.4929118587729562,-1.2589344433375291,-1.2026013797763975,-1.5532810589181636,-1.2778587188319563,16363
-0.9451786088758904,-0.3565098415904979,-0.012410009295924649,0.30935184505064045,-0.11573615031510082,0.302016837212944,0.6327518148686244,16364
-0.662107772231435,1.4094682908473293,0.609234700041671,-0.6604720054633175,-1.1214870614728398,0.24620146194085193,1.0363630337467562,16365
-0.6238468161312312,-0.951242971618668,-0.6237541191701242,0.20831359915407333,0.5574747378571825,-0.5349468086478807,-1.2778587188319563,16366
-0.14507188746243174,-0.3565098415904979,0.08801570796247335,0.4786580706600968,0.8105713284959406,1.1222655712166019,1.0082998027363084,16367
-2.038956243693276,-0.3565098415904979,-0.3193979955552359,-0.20798981540808173,-0.23275449324093914,0.46608857510276935,0.009277491406272221,16368
-0.662107772231435,0.06546002950528196,0.6107384053650453,0.8154380025262309,0.8792753097816125,0.8489067773437937,0.7714581228439685,16369
0.43768542024440965,0.39276528972337893,0.47521210931103885,0.20082138460878046,0.036100226984498086,1.2543693215583391,0.6827513965678106,16370
-0.2280378812240346,-0.3565098415904979,-0.5575405261528967,-0.6090326458362504,-0.7435871189288051,0.8091944917842315,-1.2778587188319563,16372
0.27794705909668965,-0.3565098415904979,-0.3552205362132692,-0.26833444678200546,-0.30089158801982474,0.9410161250555489,0.8093117335984669,16374
-1.140882700900234,-0.3565098415904979,0.24485646224239466,0.74312560092874,0.8905934790890488,0.9753291602051491,-0.4098281732323931,16376
1.312018828634696,-0.951242971618668,-0.04650641164498582,1.182780638113022,2.524938881378818,-1.5532810589181636,-1.2778587188319563,16377
1.2541661943878881,0.06546002950528196,-0.5415655721988406,-1.124162819547908,-0.6122790453592394,-0.36615913643588405,0.36514017585093383,16378
-1.6579185856692376,0.39276528972337893,0.8776429913044785,0.8789495317609979,0.9128908243792612,0.819291168521149,0.4277983184455203,16379
0.22009442484988165,-0.951242971618668,0.7077468334793791,2.456055381035253,2.470137564151982,-0.16137409356206325,-1.2778587188319563,16380
0.3719639973065715,-0.3565098415904979,-0.08564274055212141,0.18590867094748273,0.45533344989768015,0.7460640987439856,0.8032493477346694,16383
0.5063246271107786,-0.3565098415904979,-0.16250821729416703,0.05636096610517634,-0.19378559029090436,-0.02084845295372739,0.7625298846329416,16384
0.20796529408005854,0.06546002950528196,-0.20392568713759104,-0.5567259325947655,-0.6500735156473001,0.3713425543694715,0.9845767309527786,16385
-0.3214002120141793,-0.3565098415904979,-0.6861920684313106,-0.8255540255197489,-0.4564682249864156,0.7013229133180106,0.8635655130798013,16386
1.4535629925028948,-0.951242971618668,-1.6093825165517834,-1.4555516243704953,-1.3850203868630266,-1.7143529650682148,-1.2778587188319563,16387
0.11704461884783704,0.39276528972337893,0.5228129120285024,0.2809983444357093,0.7718824898476155,-0.02084845295372739,0.8704965281592473,16389
1.3203223478520192,-0.951242971618668,-0.9469305274336768,-0.33724899644663375,0.28901429883878266,0.16583248100890577,-1.2778587188319563,16392
-2.038956243693276,1.903003202857391,1.1512109155416381,-0.24212819970690033,-0.27313504802381544,1.1006289894230767,1.0551001055883238,16393
0.17034765419645906,0.6601931595334521,0.6169145859967385,0.14006861356072728,1.3470066550790083,0.5099049728398658,0.8756161383759573,16394
0.22009442484988165,0.6601931595334521,0.5784631883198995,0.07532826666807142,0.7127196067323063,1.296303614824912,0.9353016047691758,16395
0.9035786869909719,-0.3565098415904979,0.690488484168716,1.4948187235712194,0.9934794034128642,0.6897743881055913,0.5414493438733692,16398
-0.6238468161312312,-0.3565098415904979,-0.4520036286652202,-0.43133958668182343,-0.2595117000668468,0.5915121454230086,0.8475112971565278,16399
0.5462231801517399,-0.951242971618668,-0.6826283005773054,0.10892654489801223,0.11624227434337994,-0.16137409356206325,-1.2778587188319563,16400
-2.3414028478103273,1.794302194169694,1.389048982237119,0.2654079651476248,0.817463654011868,0.5784237638341764,1.009509781404251,16401
1.3064313485242376,-0.3565098415904979,-0.7105109254051177,-0.866470466764662,-0.8305009921012262,0.41998509241608295,0.5607242751938752,16402
1.427798496696187,-0.951242971618668,-1.1095563403189876,-0.6117819088770214,-0.3390091506449616,-1.0177906266090588,-1.2778587188319563,16403
0.3212012104594013,-0.951242971618668,-0.38297393530644985,0.6147809610004745,0.015131017533362346,-0.32855986216469163,-1.2778587188319563,16404
1.4035780212704345,-0.3565098415904979,-1.1567044512868507,-1.616288976964713,-0.5578863016968904,-1.9114890458877223,-0.4563592714905112,16405
-0.6238468161312312,-0.951242971618668,-1.2203022032770086,-0.7987349131883578,-0.31978746583137585,0.40406665096392086,-1.2778587188319563,16406
-0.8898996118236581,1.5492685361090064,0.8484054933125799,-0.39968178439450036,-0.3855290064224572,0.9322255092582371,0.9754646166731504,16407
-0.16496440251850533,0.6601931595334521,0.8263780621658687,0.4928720102327223,0.578104410887985,1.266555026458324,0.9510202603690175,16409
-0.6238468161312312,-0.3565098415904979,-0.9698012251467133,-1.3024355596191632,-0.9496352434690379,0.16583248100890577,1.0363630337467562,16411
0.1307317020707626,-0.951242971618668,-1.3205758395313099,-0.9680094761403816,-0.992354266839824,-0.2578461642065392,-1.2778587188319563,16412
0.17034765419645906,-0.951242971618668,-0.7999595985699502,-0.08914350551812306,-0.0502523488187054,-0.1024556255368702,-1.2778587188319563,16413
-0.5195948743219904,-0.3565098415904979,-1.3793772251318681,-1.989629040339734,-2.6475809061915507,-1.5532810589181636,0.917409140426984,16414
-0.018953607897127814,-0.951242971618668,-1.0138382647928625,-0.45019770781940155,0.1542515274278425,0.24620146194085193,-1.2778587188319563,16415
-0.37286372705465515,0.06546002950528196,0.3049754584263059,0.30008496679841473,0.40922944405556677,0.4809368170315517,0.06581058532048795,16416
-0.0025589895529871606,0.06546002950528196,-0.1014276295791293,-0.3842785045085258,-0.5598542282472236,0.7013229133180106,0.7780243303934746,16418
0.6744106014236233,0.8863002017334407,0.231470098982569,-0.7524536658376099,-0.8558968533934906,0.05385373755105001,0.8152824929871839,16419
-0.702437870038218,3.827708196417594,3.091597426650163,1.1904821970117816,1.6120840758840085,0.6044094489104112,1.0386140810124724,16422
-0.42814272410688714,-0.951242971618668,-0.5793126411098782,0.28333642725329294,0.43856877155237234,-0.5349468086478807,-1.2778587188319563,16423
1.0632590649207432,-0.951242971618668,-1.3348449998190037,-0.9920976209570924,-0.6247353771966503,-1.5532810589181636,-1.2778587188319563,16424
1.4035780212704345,-0.951242971618668,-0.6858507247332964,0.10348668591785057,0.2779213704860009,-0.4054300282323229,-1.2778587188319563,16425
-2.038956243693276,1.5492685361090064,0.7610556927281548,-0.5464682693401435,-0.2685754093516345,1.5960637511229432,0.939650908069832,16426
1.3008016983537334,-0.3565098415904979,-0.8667130977596084,-1.1291738922530097,-0.7576103239704249,-1.1950730719486045,-0.056718515442787575,16427
0.6271416153756115,-0.951242971618668,-0.7349805023318637,0.020549416047267868,-3.061811143440166,-2.1656416572948998,-1.2778587188319563,16429
0.17034765419645906,-0.951242971618668,-0.6907221206554491,0.0952631543247864,-0.45109553940094166,-1.4170967027141252,-1.2778587188319563,16430
1.1441775001446148,0.06546002950528196,-0.11137765359724466,-0.40102209384036364,-0.055251595318520745,0.35451443417019673,0.4772449851121737,16431
0.25534153803420273,-0.951242971618668,-0.7270626987043917,0.03391566862018987,0.6410216901461471,-1.1950730719486045,-1.2778587188319563,16432
-0.3466882305725439,-0.951242971618668,-1.079920850181983,-0.5617534584467588,-0.4193920730874314,-0.5827124735718688,-1.2778587188319563,16433
-0.3214002120141793,1.0821630306292318,0.5942925744657315,-0.3490976126937885,-0.3929172909085577,0.8292737560736217,0.9353016047691758,16434
-1.4069354965926615,0.6601931595334521,0.08570512328594822,-0.7534166363037587,-0.5685546137423947,0.6780728978510595,0.4381951744305999,16438
-1.219473754807221,0.6601931595334521,1.294670265135301,1.282228655019365,1.0634101003562508,1.4852105647016722,0.8288730424061476,16440
0.28899800354496863,-0.3565098415904979,-0.5025575699674942,-0.516465214136576,-0.6436847869810941,-0.36615913643588405,0.861813591245302,16441
-2.038956243693276,0.06546002950528196,-0.1294342900845091,-0.43140552709357904,-0.0527491697980477,1.3584246971207208,1.0474921563478996,16442
0.013483028875857768,0.39276528972337893,-0.07226513712346883,-0.720340749349315,-0.464576116005819,0.6044094489104112,0.8511357053879716,16444
-0.2064153496825682,-0.951242971618668,-0.9022410760755837,-0.2618075581006452,-0.3684777412993455,0.5240404679784646,-1.2778587188319563,16445
-2.3414028478103273,-0.3565098415904979,4.351635782370127,7.674517461715988,6.198480292643119,-1.9114890458877223,0.8250375003724938,16446
0.8114985655529359,-0.951242971618668,-0.8192440359359843,-0.1216980714922981,0.39426505693923763,0.004760574858854357,-1.2778587188319563,16447
1.0899702347522078,-0.951242971618668,-1.0854050754653044,-0.5710115234042352,-0.7861972774880905,-0.48963176831474303,-1.2778587188319563,16448
1.0899702347522078,-0.3565098415904979,-0.010269680563938692,0.31295989229198884,0.18799036393947507,0.14454350874121646,0.467838404378517,16449
0.8840762661337572,-0.951242971618668,-0.6620068934321377,0.14373808472390817,0.2834816318938782,-0.9409204605414276,-1.2778587188319563,16450
0.4897478314285932,-0.951242971618668,-0.7856401309268295,-0.06497043553143504,-0.28231065620974044,-0.7437843797219198,-1.2778587188319563,16451
0.25534153803420273,-0.951242971618668,-3.7030989941711248,-4.9900094832203346,-4.404036266822083,-2.5238496442644585,-1.2778587188319563,16454
0.25534153803420273,1.0821630306292318,0.7513429002569845,-0.08492781361425512,-0.10277613965225758,0.6171211732355907,0.9858614726582301,16455
0.5766733307788626,0.6601931595334521,0.8779310523756089,0.5797337364187768,0.4356693418262976,0.7460640987439856,0.939650908069832,16456
1.1614051736721587,-0.951242971618668,-0.9824198403037011,-0.39715943901107525,-0.11177582607472476,-1.1019923666914786,-1.2778587188319563,16457
-1.8243669630413246,2.3509346787324734,1.2593229635302838,-0.4963470073835828,-0.285386051542886,0.3713425543694715,1.0452912719577836,16458
-0.3466882305725439,0.06546002950528196,0.09844905976603414,-0.04780302525970341,0.7036250891210568,1.157189074845069,0.29802024868120347,16460
1.0109625792667192,-0.951242971618668,-1.2812312952678886,-0.9015909160529939,-1.2900838987664411,-0.07440725075751485,-1.2778587188319563,16461
0.3620840501269106,0.06546002950528196,-1.3205176431949983,-2.4270021942687605,-3.5710191595537673,-2.5238496442644585,0.8364341866318548,16462
-0.5527525600703276,0.39276528972337893,0.545728345280845,0.31959995169006344,0.6988588137922974,0.6780728978510595,0.7801890356795537,16463
-0.5874530077066066,0.06546002950528196,0.47322092471200733,0.583618792060357,0.7960739837413973,1.3079281193621262,0.6232318909334276,16464
-0.2064153496825682,1.0821630306292318,0.6374559372641063,-0.27651263344821375,-0.3571595719919081,0.9668750325469323,0.917409140426984,16466
0.3620840501269106,-0.951242971618668,-1.791351308994609,-1.7627379293883865,-1.765095608343611,-2.1656416572948998,-1.2778587188319563,16468
-0.45739843875914415,0.39276528972337893,-0.10864935811127188,-0.7814757077920726,-0.9580490954918934,1.28452411233151,0.8582862666848654,16469
0.10310168753222393,0.39276528972337893,0.038896658909623245,-0.5334836244599095,-0.1895386133403311,1.1006289894230767,0.9858614726582301,16470
1.3339593841020705,-0.951242971618668,-0.9251582664706609,-0.3004946700188451,-0.10389713532366034,-0.804736104337389,-1.2778587188319563,16471
0.9547213050134129,0.06546002950528196,-0.6514024091347221,-1.308495234535027,-0.9524328110632617,-0.5349468086478807,0.7556987451010523,16473
-1.3073310782723213,1.0821630306292318,0.7379489666851544,-0.10746444310955752,-0.1974387779442242,1.6945452936945795,0.6686909187201814,16474
0.4897478314285932,0.39276528972337893,-0.21921743618413694,-0.9671746411235284,-0.7331842742262094,-0.32855986216469163,0.786612880082922,16475
0.25534153803420273,1.0821630306292318,0.9933302036616897,0.3224330033360624,0.29530390706623594,1.0323456907928181,0.9858614726582301,16477
-0.42814272410688714,0.06546002950528196,-0.6148191032733585,-1.247116360005133,-0.8056707874893924,-0.6867678491342508,0.1892166181336462,16478
-1.0697884448393309,-0.3565098415904979,-0.6907749473655767,-0.8332650297755787,-1.2238368809047284,0.02964812480486719,-1.2778587188319563,16479
0.38171479114733853,-0.951242971618668,0.05618110017365839,1.3561301278996376,1.196736963038522,0.35451443417019673,-1.2778587188319563,16480
-0.7450737659930379,-0.951242971618668,-0.9370485742392184,-0.3205670113248211,0.8922010209700082,-0.5349468086478807,-1.2778587188319563,16482
1.0671340092552157,-0.951242971618668,-1.3012571184370543,-0.9353970349027988,-1.3850203868630266,-0.48963176831474303,-1.2778587188319563,16483
0.9941047972275256,-0.3565098415904979,-0.4557715196964251,-0.43768464436481025,-0.4837270426650046,-0.2578461642065392,-0.1359950241185782,16484
0.3913397647791676,-0.951242971618668,-0.5400336406370123,0.34964434114378484,0.4624418486968267,0.16583248100890577,-1.2778587188319563,16485
-0.2280378812240346,0.06546002950528196,-0.2886812338295544,-0.6992628977863345,0.4980822602948766,-0.16137409356206325,0.6000838136265219,16488
0.02918729538273665,-0.951242971618668,0.016075915578620557,1.2884275108606142,1.2515952862028457,0.12272883006199294,-1.2778587188319563,16491
0.41949122296488883,0.39276528972337893,0.5050700179883467,0.25111165188330814,0.6998137004470599,0.14454350874121646,0.9050141558443164,16493
1.3911663354633619,-0.951242971618668,0.1133273869076917,1.4526002777075298,1.6356458710455153,0.283800736212044,-1.2778587188319563,16494
-1.8243669630413246,0.06546002950528196,-0.08009771396430153,-0.34838297895608716,-0.3851921488579436,0.7239767083482843,0.9382064540794413,16495
-1.140882700900234,0.06546002950528196,0.6392312411262917,0.8634763940217943,0.9677590233618716,0.8681129598094249,0.9871420498775906,16496
0.0744087228930169,0.8863002017334407,1.1312353959636374,0.7617365132449343,0.4513646664207152,1.157189074845069,0.953812199383254,16497
0.9365271077338915,-0.3565098415904979,-1.5559505430815628,-2.28510794212131,-2.109283216618976,-0.6867678491342508,-1.2778587188319563,16498
1.5342231881164607,-0.3565098415904979,-0.5361078516184052,-0.5729513812116146,-0.9836785024226529,-0.5349468086478807,-0.6420378365931088,16499
-1.5219203589242727,0.8863002017334407,-0.4625671821272285,-1.9144276733120529,-2.208444551463116,-1.1950730719486045,1.009509781404251,16500
0.6340805036168403,0.39276528972337893,0.5510484047623865,0.32856205812034545,-0.09412643210384306,0.6420087231816032,0.909707966224177,16503
-0.42814272410688714,-0.951242971618668,-0.3430031926240666,0.6822566231103944,1.3236902259875385,0.7013229133180106,-1.2778587188319563,16504
-0.25030595595327615,-0.951242971618668,0.06473600085844138,1.370571880773165,1.4591116220144043,-1.7143529650682148,-1.2778587188319563,16505
-0.5874530077066066,-0.3565098415904979,-1.6440700669108594,-2.4323381697256226,-2.1828151445323565,-1.9114890458877223,-0.07509660704497219,16506
1.3911663354633619,-0.951242971618668,-0.5399243295092686,0.3498288721338417,-0.9750697329937101,-0.804736104337389,-1.2778587188319563,16509
1.5586152832160842,-0.951242971618668,-0.8438565955614606,-0.1632471808032157,-0.5757239638606161,-0.804736104337389,-1.2778587188319563,16510
-0.5195948743219904,0.06546002950528196,0.1954627129240156,0.11558946011935561,-0.16301040869789388,1.19735279097067,0.8954558413812965,16511
-1.5219203589242727,0.39276528972337893,0.15833481442657618,-0.3325994389052018,-0.464576116005819,-0.02084845295372739,0.16945961509223864,16513
0.10310168753222393,0.6601931595334521,0.6514017363592395,0.1981412071351584,0.07153790826801756,0.8391448040011109,0.9189315227589347,16515
-0.2969414599191216,-0.951242971618668,-1.5502633120704883,-1.3557509402179515,-1.0830408343107478,-1.4170967027141252,-1.2778587188319563,16516
1.3393451483436676,-0.951242971618668,-1.1785617396146626,-0.7282717385415385,-0.5287768123827928,-0.5827124735718688,-1.2778587188319563,16517
0.22009442484988165,-0.3565098415904979,-0.31212034087574303,-0.195729592905945,0.060075991929077185,0.05385373755105001,0.8582862666848654,16518
-0.42814272410688714,-0.3565098415904979,-0.9650177960253065,-1.294398201261804,-1.9340479966213375,-0.8702067625832752,1.0260715124446789,16519
1.0435765217469621,0.06546002950528196,0.3013080003058293,0.2939056046998021,0.2029950332585253,1.1640111133664401,0.7736590072340845,16520
-2.038956243693276,2.5659715372329566,2.0523361818583155,0.6311946107084281,0.3005182762603306,1.3021349864823273,0.9934834015418288,16523
-2.038956243693276,2.8663624207137426,2.310932957971674,0.7800196883927824,0.6747168980815438,0.6897743881055913,1.0529413148270375,16525
0.9855308510254295,-0.951242971618668,-0.7189217017273194,0.047658699757434995,-0.4193920730874314,-0.6867678491342508,-1.2778587188319563,16526
0.4286437930933301,-0.951242971618668,-0.9107232054427965,-0.2761264637988105,-0.4193920730874314,-0.7437843797219198,-1.2778587188319563,16527
-1.6579185856692376,-0.951242971618668,-0.855755026815764,-0.18333323557915884,0.10977947304824517,-0.5827124735718688,-1.2778587188319563,16528
1.0593638857982834,-0.951242971618668,-0.36136519137470097,0.6512592500266401,0.2723332379772021,-0.1024556255368702,-1.2778587188319563,16529
-0.5195948743219904,1.0821630306292318,0.4393426236013242,-0.609532583093367,-0.18772342145825985,0.6044094489104112,1.0237476367657676,16531
-0.662107772231435,0.06546002950528196,1.786636335153856,2.7991590960932067,1.6306873894779133,-2.1656416572948998,1.0021936885008718,16532
-0.6238468161312312,0.06546002950528196,0.32842237025679605,0.3395923282012892,0.3036352310436549,1.040198627819796,0.2596349591424487,16533
-1.5219203589242727,-0.951242971618668,-0.15001118267241864,1.0080515115589177,0.9238744610206381,-0.07440725075751485,-1.2778587188319563,16535
0.6545180863675494,-0.951242971618668,-0.21365184294511866,0.9006180389528274,0.5311389438732397,0.3198649108815007,-1.2778587188319563,16536
-1.8243669630413246,0.39276528972337893,0.5266887002061786,0.2875270374658686,-0.2892422646623439,0.05385373755105001,1.059382616101722,16539
0.1307317020707626,-0.951242971618668,-1.422037487573031,-1.1392895530401332,-1.3365418751151885,-1.5532810589181636,-1.2778587188319563,16542
0.9547213050134129,-0.951242971618668,-0.5951326534537572,0.25663024828702574,-0.7576103239704249,-1.9114890458877223,-1.2778587188319563,16545
1.37599445432411,-0.3565098415904979,0.07445539970039307,0.45579532041174353,0.6349682991576927,-0.2578461642065392,0.4630497672474613,16546
-1.0697884448393309,1.5492685361090064,1.376618267768395,0.4891969914401859,0.4356693418262976,2.253114086327759,1.0070861067701522,16549
0.6477675868397659,0.6601931595334521,0.9282920655517954,0.6645971359140853,0.7628991205192576,1.3638613271917142,0.9189315227589347,16550
0.5539530431791972,0.06546002950528196,0.20047904559672314,0.12403929841009288,0.8168909182678151,-0.2245044866023096,0.8889526866970197,16551
1.242037063618065,-0.3565098415904979,-0.5056298693723444,-0.5216380830085496,-0.38350938612142094,-0.5827124735718688,0.6481256507285847,16552
0.9456796778623334,1.794302194169694,1.654768837430073,0.7129553599239355,1.0061204383866138,0.5240404679784646,0.8113120301567754,16553
-0.05286513414107354,0.06546002950528196,0.12344627143583292,-0.005706622891011334,-0.1602543378225628,0.35451443417019673,0.9620715467515544,16554
-0.18540198526921478,-0.3565098415904979,-0.731247949395868,-0.9013571473111789,-0.6310161267740723,-0.6867678491342508,0.4277983184455203,16555
0.28899800354496863,1.0821630306292318,1.21968941469475,0.7037577730981983,0.6166083765867917,1.260483184010916,0.9674833810560453,16556
-0.45739843875914415,-0.3565098415904979,-0.7425548165646433,-0.9203777953871559,-1.1313094166537143,-0.9409204605414276,0.5932130712951154,16557
-2.3414028478103273,2.497736332885561,1.9552483555968077,0.533171872904605,0.6118674815195314,1.793199831942451,1.0540221847933684,16558
-0.37286372705465515,-0.3565098415904979,0.12753574569026002,0.5452917937221408,0.5311389438732397,0.3713425543694715,1.0155047026061468,16560
-1.4069354965926615,-0.3565098415904979,-0.26926717483871543,-0.12353286980109866,-0.26403434359720146,-0.13142378134518384,0.30526921768224496,16561
0.1307317020707626,-0.951242971618668,0.3246840805523516,1.8093970717616596,1.2700608032049094,-0.48963176831474303,-1.2778587188319563,16563
1.5424428316961971,-0.951242971618668,-1.1267121024657911,-0.6407430022210805,-1.3365418751151885,-1.9114890458877223,-1.2778587188319563,16565
-0.7902951935033181,0.6601931595334521,-0.12246286421645378,-1.1028325505705572,-0.8395769996347768,-0.7437843797219198,0.9453764825814174,16566
1.0748240269202578,-0.3565098415904979,0.15010673667319344,0.5833499331309662,1.2971979670607034,0.004760574858854357,0.6827513965678106,16567
-1.8243669630413246,-0.951242971618668,-1.3923256931786192,-1.0891322913858397,-0.5638005336114014,-1.5532810589181636,-1.2778587188319563,16569
-0.7902951935033181,1.5492685361090064,1.3157839635130337,0.38673842617301957,0.34393253395619494,0.6044094489104112,0.971494153842742,16570
-0.37286372705465515,0.06546002950528196,0.5453305678984739,0.7051701363899253,1.089014458021159,0.6662143359277856,0.912806474078564,16571
0.7608124608036914,0.06546002950528196,0.2726632342608958,0.24564343809989297,0.1500917087906991,0.14454350874121646,0.6989889311095184,16572
0.4641707506279294,-0.3565098415904979,-0.06146800367597611,0.22665643037587477,0.16663865599379057,0.14454350874121646,0.826959926191624,16573
0.33163389949978844,-0.951242971618668,-0.36805081815916435,0.6399730675934998,1.0970638078006898,-0.16137409356206325,-1.2778587188319563,16574
1.0315127799850192,-0.951242971618668,-1.5187553525502182,-1.302561524968487,-0.1602543378225628,-1.1019923666914786,-1.2778587188319563,16581
0.6744106014236233,-0.951242971618668,-0.6576873392342156,0.15103003778669014,0.06345939392291265,-1.4170967027141252,-1.2778587188319563,16582
1.562604197037004,-0.951242971618668,-0.8921802228281119,-0.24482356709356545,-0.3684777412993455,-0.7437843797219198,-1.2778587188319563,16583
0.41949122296488883,-0.3565098415904979,0.2124454668861948,0.6884689040595771,0.8157445633068813,-0.2578461642065392,0.7625298846329416,16584
1.2601575929199522,-0.951242971618668,-0.3463057593337788,0.6766814733772315,-0.5403295593031474,-1.1950730719486045,-1.2778587188319563,16586
1.2076277087101308,-0.951242971618668,-0.9209165679228187,-0.2933341471268729,-0.8610461932702582,-0.804736104337389,-1.2778587188319563,16587
0.33163389949978844,0.06546002950528196,-0.35442329276926376,-0.8097827954278466,-0.2580082202688078,-0.07440725075751485,0.5041911812796596,16589
0.3106205350864354,-0.951242971618668,-0.9630826962671688,-0.36451589752003904,-1.461935716770243,-1.0177906266090588,-1.2778587188319563,16591
-1.6579185856692376,2.1877897649392297,1.3920307058220744,-0.11545232862606167,0.1845862999167215,1.24821285344886,0.953812199383254,16592
0.0888931606621161,0.06546002950528196,-0.6171518587728466,-1.2510307308457576,-1.5256576370602886,-0.29249568749523525,0.9453764825814174,16593
0.3719639973065715,-0.951242971618668,-1.0936809110682177,-0.5849821791725492,-0.9750697329937101,0.3878561117744264,-1.2778587188319563,16594
0.22009442484988165,-0.951242971618668,-0.5477008298978701,0.33670115727528843,0.8562883077411183,0.7781930793856414,-1.2778587188319563,16595
-0.7450737659930379,-0.3565098415904979,-0.8373222883059395,-1.0797589200818867,-1.2787657294590042,-0.8702067625832752,1.0374901606918017,16596
-1.6579185856692376,-0.951242971618668,-1.6463437087317834,-1.5179467851143233,0.19100749731358085,-1.2991284475109868,-1.2778587188319563,16597
1.3631111443109962,-0.951242971618668,-1.269518388042616,-0.881818049270469,-0.8305009921012262,-1.0177906266090588,-1.2778587188319563,16598
-1.6579185856692376,0.8863002017334407,0.10069369259773578,-0.9719779239277638,0.23144362747085923,0.3373595340158314,1.019058469235216,16600
-0.07041712293760334,-0.951242971618668,-0.8651665835900949,-0.19922113213087786,-0.19378559029090436,-0.16137409356206325,-1.2778587188319563,16601
-0.16496440251850533,-0.951242971618668,-0.2432918815306141,0.8505819101670256,0.8596013268250359,-0.13142378134518384,-1.2778587188319563,16602
0.3719639973065715,-0.3565098415904979,-0.315165240398596,-0.20085917818330368,0.4858144049868057,0.004760574858854357,-0.15857589712667391,16603
-0.662107772231435,2.0042014208754995,1.2278062652491146,-0.21264987552955847,0.3066141572807692,1.2357696956551651,1.0272283440948966,16607
-0.7902951935033181,1.0821630306292318,1.6225819557382624,1.3829262487538856,0.8912827094672784,1.3250830195164915,0.8840040909743437,16609
1.1648034716087685,-0.951242971618668,-1.7834079011394344,-1.7493284536451883,-0.9412844171465856,-1.4170967027141252,-1.2778587188319563,16610
1.0435765217469621,-0.951242971618668,-1.359331746927708,-1.0334343428490826,-1.3130709008069348,-1.1019923666914786,-1.2778587188319563,16611
-0.2280378812240346,0.39276528972337893,0.4020446221971245,0.0776025669378385,-0.22397625811260788,0.302016837212944,0.9467950037688883,16612
0.3212012104594013,-0.951242971618668,-0.11738980992301185,1.0631205089676363,0.7074234917778096,-0.1024556255368702,-1.2778587188319563,16613
1.0315127799850192,-0.951242971618668,-0.2769793054837839,0.7937132836798938,0.4042636002044418,-0.2245044866023096,-1.2778587188319563,16614
-0.7902951935033181,-0.3565098415904979,-0.2861012544531812,-0.151894951866785,0.19701737764317123,-0.07440725075751485,0.6827513965678106,16616
1.2203246128302816,-0.951242971618668,-1.2332366321507173,-0.8205698627964326,-0.5877762985559805,-1.5532810589181636,-1.2778587188319563,16617
-0.2732593087343148,0.6601931595334521,1.0408105405671944,0.8542349408239279,0.6272531811603914,0.7350894284387285,0.96478673081582,16618
1.3036218344423172,-0.951242971618668,-0.9171884141754485,-0.28704055272082596,-0.16854307564279833,-0.7437843797219198,-1.2778587188319563,16619
-1.6579185856692376,-0.3565098415904979,-1.1030618523888096,-1.5262510313074547,-1.3850203868630266,-1.1019923666914786,0.9158808687870189,16620
0.10310168753222393,0.39276528972337893,0.10065453921730051,-0.42962626897489586,-0.7934600399907384,-0.36615913643588405,0.8653097001348805,16621
1.2511523514720058,-0.951242971618668,-1.3595761742183323,-1.0338469669877848,-1.516328460432592,-1.5532810589181636,-1.2778587188319563,16623
0.4286437930933301,-0.3565098415904979,0.09780096012706035,0.4951563581108291,0.5041659321521528,0.22678420562437498,0.6034748878920203,16624
1.3339593841020705,-0.951242971618668,-0.6098397984901873,0.23180272989525158,0.06345939392291265,-0.32855986216469163,-1.2778587188319563,16625
-2.3414028478103273,2.2716292906855724,1.4480326068360372,-0.10253512391084046,0.02381321684916888,0.8091944917842315,0.9279446374825362,16626
0.41022495340677506,-0.951242971618668,-0.6347577386799498,0.1897380996210524,0.04986373638462604,-0.4465281173678302,-1.2778587188319563,16627
-0.2969414599191216,0.6601931595334521,0.8888847286898784,0.5981909663140071,0.4904306852940468,0.7350894284387285,0.826959926191624,16628
0.3620840501269106,-0.3565098415904979,-0.4472992058615098,-0.4234173240196066,0.5064387771825735,0.46608857510276935,-0.039157503193415405,16629
-0.702437870038218,0.8863002017334407,1.1087255687407067,0.7238019271107065,0.22464289988121033,1.0633471031914083,0.8475112971565278,16633
1.1782439272523542,-0.3565098415904979,-0.9468941053724561,-1.2639438402267202,-1.461935716770243,-1.1019923666914786,0.7016314675593354,16634
-0.25030595595327615,0.39276528972337893,0.37946664967210725,0.039585418741952955,0.4469826235752279,0.5784237638341764,0.8032493477346694,16637
-0.48784858938626624,1.5492685361090064,0.6786864799205704,-0.6848144874287999,-0.23275449324093914,0.8681129598094249,1.0329622288755542,16638
-0.2732593087343148,0.06546002950528196,0.447569691022499,0.5403838842646698,0.10327898756762396,0.302016837212944,0.8250375003724938,16639
0.6271416153756115,-0.951242971618668,-0.9002118529258704,-0.25838197312506184,0.5574747378571825,-0.8702067625832752,-1.2778587188319563,16641
-1.5219203589242727,-0.3565098415904979,-0.032352274662424164,0.27573494495217704,0.4834990768414434,-0.04722204126276407,0.8211643543860943,16642
1.2511523514720058,-0.951242971618668,-0.3068971073373921,0.7432082554149241,0.6124870036812244,-0.19237550596065342,-1.2778587188319563,16643
1.0109625792667192,-0.3565098415904979,0.12028177783343437,0.5330607651199835,1.089014458021159,0.5240404679784646,0.12670900239409377,16644
0.9768572055406751,-0.3565098415904979,-0.9610039820016931,-1.2876538157870565,-0.8305009921012262,-0.8702067625832752,0.13783812499523687,16647
-0.0357166753013247,-0.951242971618668,-0.7181012213534249,0.049043774258468176,0.6609655154290626,-0.48963176831474303,-1.2778587188319563,16648
0.34192268478610366,-0.951242971618668,-0.25798288080150933,0.825781647866748,0.972751553431027,-0.29249568749523525,-1.2778587188319563,16650
0.19563567275482363,1.0821630306292318,1.7896037904542048,1.664602691734484,1.230449297307192,0.6780728978510595,0.8438533291122697,16652
-0.7450737659930379,-0.3565098415904979,0.4186387789135054,1.0362222621854786,0.9561906396888283,0.5915121454230086,0.31238756749669155,16653
0.8382370952284046,0.39276528972337893,-0.13999384059554754,-0.8341319534787782,-0.8688150755896876,-0.13142378134518384,0.8670462204089304,16654
-0.662107772231435,0.8863002017334407,1.326609202983844,1.0910599210962144,1.0361690152335343,1.5834728073842548,0.9947395479936569,16655
-0.5195948743219904,2.098866031753182,1.9822528301981577,0.965062995868793,1.4913578743436273,-0.7437843797219198,1.0283817981296515,16656
-1.0697884448393309,0.39276528972337893,0.15818911453304374,-0.3328445588064148,0.6668797473435735,1.3419111397157664,0.8954558413812965,16657
1.5505728860964363,-0.951242971618668,-1.3984624319493286,-1.0994918815250476,-1.4888003926376643,-1.1950730719486045,-1.2778587188319563,16658
1.0554482594476617,-0.951242971618668,-2.299638273709026,-2.6207905244697094,-0.8456689825605147,-2.1656416572948998,-1.2778587188319563,16659
-0.7450737659930379,0.39276528972337893,0.4539675977422572,0.1650414579124027,-0.09024200273394278,-0.6332090513304633,0.9806972458367789,16660
1.5383443317867234,-0.951242971618668,-1.3240169642873663,-0.9738185293562,-1.0643037528959158,-1.1019923666914786,-1.2778587188319563,16665
-0.6238468161312312,-0.951242971618668,-1.4262789510575005,-1.146449679115443,0.45295387567241147,-0.04722204126276407,-1.2778587188319563,16666
0.29988761456406465,-0.3565098415904979,-0.18644829258915227,0.01601704531737432,-0.30089158801982474,0.3713425543694715,0.8475112971565278,16667
-0.7902951935033181,0.8863002017334407,-0.6753668209233765,-2.2686098493047995,-1.1817628272373688,-1.1019923666914786,0.933841130920051,16668
-0.45739843875914415,-0.3565098415904979,0.5008445213163861,1.1748873776928128,1.1480139441943467,1.2357696956551651,0.30526921768224496,16669
-0.702437870038218,1.6768961606574022,1.3885781869261784,0.3813942508903862,0.4499179622191514,1.4515054023778469,1.0272283440948966,16670
-0.3466882305725439,0.06546002950528196,0.6841433240220677,0.9392016526594061,0.7023560735016431,-1.9114890458877223,0.6658177589560169,16671
-2.038956243693276,2.497736332885561,1.9355474221463684,0.4999907478130747,-0.09919650952068156,-0.36615913643588405,0.926456659353367,16672
0.1441721577143484,-0.3565098415904979,-0.6818181957178763,-0.8181945526466277,-0.5938516819909262,0.8391448040011109,0.21711463367102732,16674
-0.2064153496825682,0.39276528972337893,0.6355365605707136,0.4709059712041692,0.029154222574982094,0.6897743881055913,0.9806972458367789,16676
-1.8243669630413246,1.794302194169694,1.1691006159045172,-0.10474888109139895,0.2820941642583139,0.8681129598094249,0.9496168566684423,16678
1.546518935319535,-0.951242971618668,-1.3577447935303084,-1.0307553650758146,-1.8370450943997028,-1.9114890458877223,-1.2778587188319563,16679
-0.0357166753013247,-0.951242971618668,-1.0823344426676331,-0.5658279074087631,-0.5520032795947103,-1.0177906266090588,-1.2778587188319563,16680
0.35207148225049756,0.8863002017334407,0.7200796524843139,0.06918096714621542,0.460077414934006,-0.5349468086478807,0.7758476982963317,16681
-1.5219203589242727,0.6601931595334521,0.2870484029478718,-0.4150201679818121,0.3269927193130994,-0.6867678491342508,0.7823419441480298,16682
-1.6579185856692376,2.9711778844066976,3.612371798905447,2.8752376009145277,2.724862461533719,1.0932974154082877,1.0408523744008888,16684
0.22009442484988165,-0.3565098415904979,-0.6312200297416912,-0.733048737185131,0.2723332379772021,0.49553962220406433,-1.2778587188319563,16685
0.02918729538273665,1.0821630306292318,1.1296725004761512,0.5520884822931867,0.6665988275735907,2.172273353583185,0.9858614726582301,16686
-2.3414028478103273,0.39276528972337893,0.44968908218159215,0.15783586824550935,0.28901429883878266,0.3713425543694715,0.33964373443430285,16688
0.38171479114733853,-0.3565098415904979,-0.4205628284128298,-0.37839103869714025,0.07019554795980418,-0.8702067625832752,-0.5091118798447538,16689
0.34192268478610366,-0.3565098415904979,-0.919402101428725,-1.2177413342100614,-0.8924519348921129,-1.0177906266090588,0.6450983736451197,16690
1.2807564393415785,-0.3565098415904979,0.35957662733451456,0.9366030889678539,-0.7934600399907384,-2.5238496442644585,0.10346360824317884,16692
0.3106205350864354,-0.3565098415904979,-0.32280378431464646,-0.21372726108590315,-0.46729190322285824,0.46608857510276935,0.8231056739007375,16693
0.8060338883139719,0.39276528972337893,-0.06834726698770689,-0.7137569398600397,-1.5882779464886838,-1.2991284475109868,0.5897323639659863,16696
1.2358977276696723,-0.951242971618668,-1.4687904900831492,-1.2182145263653694,-1.9139604243069195,-0.4465281173678302,-1.2778587188319563,16697
1.1914464861926266,-0.3565098415904979,0.8164770293649478,1.7073881002301474,1.107706658093717,-1.7143529650682148,0.024187099567388393,16698
-1.140882700900234,1.903003202857391,1.5596689571022457,0.4452787782562771,0.7684359091599755,1.3474500268154646,1.0452912719577836,16700
-1.140882700900234,1.903003202857391,1.6086530168156832,0.5277809460714086,1.2831899896650512,0.9322255092582371,1.0397348129024189,16701
-2.3414028478103273,2.497736332885561,2.370320364019693,1.232623634032828,0.6321320952987131,1.1907843622109124,1.0463932468041202,16705
-0.14507188746243174,0.06546002950528196,-0.23837954484116827,-0.6146753217593297,-0.6891943752664562,1.0083591604032482,0.4381951744305999,16706
0.013483028875857768,-0.951242971618668,-0.06988543385733657,1.1433138957560889,0.6766676074178869,-0.19237550596065342,-1.2778587188319563,16708
0.4641707506279294,0.6601931595334521,1.1482990503681165,1.0354331152416743,0.10458212050533704,0.5516505149897042,0.8113120301567754,16709
-0.6238468161312312,1.5492685361090064,0.9848282785925062,-0.17029484917817345,0.18071575345313876,1.8064352794692824,1.0363630337467562,16710
-1.8243669630413246,0.6601931595334521,0.6644854772718267,0.22017442594735143,0.08088944387930404,-0.5349468086478807,1.0419667833944715,16711
-1.140882700900234,1.6768961606574022,1.286526314912546,0.20956523804665644,0.015131017533362346,1.7729672774781189,0.929427032190964,16712
-0.6238468161312312,2.098866031753182,1.8055428366893511,0.6672951754141905,0.6756276538897903,2.0107672131660905,1.0340990864263035,16713
1.4396200611872818,-0.3565098415904979,0.3510849876307768,0.9222809047770708,0.7112089966078455,0.7013229133180106,-1.2778587188319563,16714
0.4008421239442265,-0.951242971618668,-0.6884275400590765,0.09913669618602024,1.5798504619335954,-0.48963176831474303,-1.2778587188319563,16715
1.312018828634696,-0.3565098415904979,0.1822034288684246,0.637471990615937,-1.0458763895276026,-2.5238496442644585,0.22599270900645435,16716
-0.45739843875914415,0.8863002017334407,1.3377956395029558,1.10991933546414,0.7700915977335238,1.4366571604490637,1.0283817981296515,16717
1.552591629160591,-0.951242971618668,-0.1336912473443033,1.0356016236648156,1.0727392769839468,0.16583248100890577,-1.2778587188319563,16718
-0.7902951935033181,1.0821630306292318,0.7200256399707026,-0.1376202693730898,0.08922041411175342,1.0002167101511623,1.0408523744008888,16719
-0.3999912659211662,-0.951242971618668,-1.2275196143033675,-0.8109188145882595,0.16663865599379057,-0.2578461642065392,-1.2778587188319563,16720
1.2979708596357558,-0.951242971618668,-0.7131688251819865,0.05737028197689794,0.11624227434337994,0.0774137897288553,-1.2778587188319563,16721
-0.702437870038218,1.903003202857391,1.503445279926259,0.3505979518945218,1.0100554426630148,0.9053163346348189,1.0386140810124724,16722
0.5144768952160161,-0.3565098415904979,-0.1736147891083083,0.03764386151350667,0.2779213704860009,0.0774137897288553,-0.15857589712667391,16723
1.4035780212704345,0.8863002017334407,0.04316886711113026,-1.0684728612666787,-1.2938823014231944,1.0164272493406568,0.400542151507909,16725
-0.3999912659211662,0.6601931595334521,0.5092497844834258,-0.04118440804713003,0.22073806190907697,1.1079002205808004,1.020235989410288,16726
1.5424428316961971,-0.951242971618668,-0.8179727100314886,-0.11955191279204594,0.08354696623733106,0.16583248100890577,-1.2778587188319563,16727
0.013483028875857768,0.39276528972337893,0.3026083471256104,-0.08980842650606452,0.08851281008845602,1.6247630134278834,0.8511357053879716,16728
-0.12569611998983565,2.5659715372329566,1.8384472147792141,0.2710002059415787,0.6259718340558453,1.6832910064860507,0.8231056739007375,16729
0.10310168753222393,0.06546002950528196,0.028613264748700757,-0.16539206224887398,0.8440556352687422,0.6897743881055913,0.9309038852239986,16730
-0.25030595595327615,-0.951242971618668,-0.13671765736658933,1.030492661299704,0.794906010767853,-0.16137409356206325,-1.2778587188319563,16732
0.10310168753222393,0.06546002950528196,-0.08194177434361115,-0.3514864148069194,-0.3293568816801894,0.22678420562437498,0.3525976072831403,16734
0.41022495340677506,0.6601931595334521,0.9102159491911779,0.6341359502036708,0.7571115404797923,0.8292737560736217,0.912806474078564,16735
0.11704461884783704,-0.951242971618668,-0.4300293455808522,0.5353454851738365,0.6883007227267911,-2.5238496442644585,-1.2778587188319563,16737
1.3936652493814496,-0.951242971618668,-4.000777641307189,-5.492528637570294,-4.083319632854972,-2.5238496442644585,-1.2778587188319563,16738
1.0067837161975963,-0.951242971618668,-0.6342654504834203,0.19056914427473026,0.11624227434337994,-0.804736104337389,-1.2778587188319563,16739
-0.3214002120141793,1.0821630306292318,0.8979670350325942,0.16185804880982432,0.6987223346219883,0.8391448040011109,1.0131176395958414,16743
-1.0048844741552696,1.0821630306292318,0.4690694287482806,-0.5595861428436336,-0.3390091506449616,1.540157779573428,0.7320355214809848,16744
0.48131920946767887,2.2716292906855724,1.8360850346398223,0.5506718661640525,1.040120504814197,1.28452411233151,0.8635655130798013,16745
-1.5219203589242727,2.3509346787324734,1.7784813679061935,0.37692651327352117,0.5699364250648369,1.6870583878818497,1.0419667833944715,16746
-0.12569611998983565,-0.3565098415904979,0.122456334661035,0.5367273054610795,0.7017210235834302,0.004760574858854357,0.07876445816932527,16747
-0.662107772231435,0.6601931595334521,0.596450392666939,0.10561217445415853,0.141725214729715,0.18662048949877436,0.9972399216963374,16748
-0.0025589895529871606,0.6601931595334521,-0.11054797803015101,-1.0828475964419206,-1.4151527644386441,0.6780728978510595,0.790838136683051,16750
-0.2732593087343148,-0.951242971618668,0.7175461308845473,2.4725978327449925,2.1072868635924964,-0.29249568749523525,-1.2778587188319563,16751
1.5606124065159652,-0.951242971618668,-0.9857015383737825,-0.4026993598447499,-1.1613066551175502,-1.1019923666914786,-1.2778587188319563,16752
0.1830988212276959,-0.951242971618668,-0.9252645986168538,-0.3006741721117871,0.22073806190907697,0.004760574858854357,-1.2778587188319563,16753
1.5586152832160842,-0.951242971618668,0.8182299518777162,2.6425648393441716,3.6933422262407474,-2.1656416572948998,-1.2778587188319563,16754
0.6809252725881031,0.06546002950528196,0.5748910543758219,0.7550031993023877,0.9134163158343255,1.1907843622109124,0.8192134480695467,16755
1.1511163883858435,-0.951242971618668,-0.8721993888486934,-0.21109339567836524,-0.4193920730874314,-0.804736104337389,-1.2778587188319563,16756
1.4442967229447816,-0.951242971618668,-1.5114017987469808,-1.290147797365846,-0.716059051133877,-1.2991284475109868,-1.2778587188319563,16757
0.26672992881572677,-0.951242971618668,-0.5276892439425611,0.3704832419098873,0.29999793548015957,-0.36615913643588405,-1.2778587188319563,16758
-1.219473754807221,0.06546002950528196,0.07712145443711407,-0.0837170901278315,0.29999793548015957,0.14454350874121646,-0.022343998690729533,16759
0.5616036241630114,-0.951242971618668,-0.650121224854588,0.163802594489515,0.8760203290714103,-0.804736104337389,-1.2778587188319563,16761
-0.5874530077066066,0.06546002950528196,0.415070373730523,0.4856097763417306,0.036100226984498086,0.35451443417019673,0.6296039278845866,16762
1.0937092155478652,-0.951242971618668,-0.12611005715608653,1.0483996302366727,0.8018955640787694,-0.32855986216469163,-1.2778587188319563,16763
-1.6579185856692376,1.903003202857391,1.082836427524322,-0.35707949699515174,-0.5243651323031465,1.5876897585818852,0.6743753006217238,16764
1.3836189681377893,-0.951242971618668,-2.4084858080726876,-2.804538910347398,-3.8345524849439534,-2.5238496442644585,-1.2778587188319563,16765
1.3285344503219392,-0.3565098415904979,0.3733228421560491,0.9597880398524183,0.6083503380767865,-0.5827124735718688,-1.2778587188319563,16766
-0.2732593087343148,1.6768961606574022,1.634406756725317,0.7955141105015774,1.0592441950333757,1.28452411233151,0.9565845456816257,16767
0.044567739394007766,0.06546002950528196,-0.32242094603168436,-0.7559879310988625,-0.9524328110632617,0.283800736212044,0.861813591245302,16768
1.292276747199566,-0.951242971618668,-0.5446602851642197,0.3418339808184524,-0.7297381197006924,-0.02084845295372739,-1.2778587188319563,16769
0.1830988212276959,0.6601931595334521,0.04346338529288698,-0.8243614400593133,-0.5853553853325875,1.0709304081093147,0.9947395479936569,16770
-0.2280378812240346,0.6601931595334521,0.9042364925393807,0.6240598652436022,0.7149816909063483,1.5445861076349723,0.9819946451186197,16771
0.17034765419645906,-0.951242971618668,-1.1363999183832416,-0.6570972590990017,0.10977947304824517,-0.32855986216469163,-1.2778587188319563,16773
0.29988761456406465,0.39276528972337893,-0.06397910094482481,-0.7064162549232329,-0.7228776051191612,0.05385373755105001,0.582677574239563,16774
-1.0697884448393309,1.6768961606574022,0.6837854046362966,-0.8037375330059934,-1.491275044267049,0.7886482262425164,1.0452912719577836,16775
0.20796529408005854,-0.951242971618668,-0.522967138926237,0.37845475159788405,0.5487650833911784,0.5099049728398658,-1.2778587188319563,16776
0.41949122296488883,-0.3565098415904979,-0.9298860006042401,-1.2353612021899671,-1.765095608343611,0.24620146194085193,0.7670192252870739,16777
0.3620840501269106,-0.3565098415904979,-0.8507999630959961,-1.1024199414120373,-0.5173425572626533,-0.6332090513304633,0.8152824929871839,16778
-2.038956243693276,2.6311730437506724,2.1474290207691773,0.728919038126384,0.49022126853729664,1.3584246971207208,1.0529413148270375,16779
0.5840955323843802,-0.3565098415904979,-0.42124067516667063,-0.3795326335033294,-0.152026772056516,0.35451443417019673,0.7246510499143011,16780
1.5586152832160842,-0.951242971618668,-0.6637157562358632,0.1408533084751243,-0.34874571996905257,-0.5827124735718688,-1.2778587188319563,16781
-1.0697884448393309,1.903003202857391,0.9174661341734098,-0.6349184146556791,-1.1566388321030279,0.9668750325469323,1.0430780576188126,16782
-0.5874530077066066,-0.951242971618668,-1.5057288944729954,-1.2805712184412301,-2.0403026540253606,-1.9114890458877223,-1.2778587188319563,16784
0.7371303096188849,-0.3565098415904979,-0.1513662357395581,0.07513819089376676,-0.024367900112796617,1.2167700472871472,0.6511299064708088,16788
-1.219473754807221,-0.951242971618668,-1.7316679264888293,-1.6619848414726088,-1.7307904369956801,-1.5532810589181636,-1.2778587188319563,16789
-1.6579185856692376,0.8863002017334407,0.6119197427257503,-0.11285629746628084,-0.037851441182816206,0.8292737560736217,0.12670900239409377,16790
-0.3214002120141793,1.0821630306292318,0.6845010827968843,-0.19738318420041193,-0.3987464811895209,1.6207197587799842,0.9806972458367789,16791
1.3526418481444065,-0.3565098415904979,-1.4855770372796022,-2.167413303524426,-2.133258981563555,-0.9409204605414276,-1.2778587188319563,16792
0.17034765419645906,-0.951242971618668,-0.8576089332262566,-0.18646286375574386,-0.06531784972597772,-0.6332090513304633,-1.2778587188319563,16793
-2.3414028478103273,1.5492685361090064,0.4066058751990843,-1.1412100969894527,-0.5733290540217076,1.2420131817010367,0.7736590072340845,16794
1.5444836677351161,-0.951242971618668,-0.4352267303192797,0.5265716432852304,0.48117893011165863,0.5516505149897042,-1.2778587188319563,16795
0.49808227687187545,-0.951242971618668,-0.6782218774623007,0.11636514366471584,0.2029950332585253,-0.5349468086478807,-1.2778587188319563,16796
-1.0048844741552696,-0.951242971618668,0.38509086889728966,1.9113713601029403,1.353822603563156,1.28452411233151,-1.2778587188319563,16800
0.9456796778623334,0.39276528972337893,0.6365917899786913,0.47268398576480436,-0.2527619512869691,0.6541944280815882,0.582677574239563,16801
0.26672992881572677,-0.951242971618668,-0.6117033953499386,0.2286567430163762,0.5087069979065858,-0.29249568749523525,-1.2778587188319563,16803
-0.48784858938626624,0.06546002950528196,-0.2299773698007701,-0.6005441998822667,-0.702545793543983,0.4809368170315517,0.9002639055107705,16804
0.9941047972275256,-0.3565098415904979,-0.3520881491385966,-0.2630580352009283,0.6145495946512229,0.8869104689250991,0.7887311571486797,16805
0.605929045431119,0.39276528972337893,0.021185917952448705,-0.5632617492001418,-0.6153801046641455,0.5915121454230086,0.6629235502147713,16806
0.8486697842687917,0.06546002950528196,0.35645079175525834,0.3868222027550459,0.5718413039584916,0.45098650481467234,0.6420477196732038,16807
0.5766733307788626,-0.3565098415904979,-0.7242479578930181,-0.8895811449547931,-0.5060243879552169,-0.4054300282323229,0.7647809318986573,16808
-0.48784858938626624,0.6601931595334521,0.19403609683520437,-0.571391954318476,-0.19038671539818036,0.7350894284387285,0.887310032661933,16809
1.0671340092552157,-0.951242971618668,-0.6680938587689578,0.133462518427686,-0.3390091506449616,-0.6867678491342508,-1.2778587188319563,16810
-1.5219203589242727,-0.3565098415904979,-0.2151777846688872,-0.032395206327523574,0.4788539446990583,-0.2245044866023096,-0.26455565770754286,16811
1.5362866060489067,-0.951242971618668,-0.3203269139488437,0.7205370456173821,-0.716059051133877,-0.6867678491342508,-1.2778587188319563,16812
-1.219473754807221,1.5492685361090064,0.6650402679521705,-0.707727339503471,-0.0346496735304811,1.7381813035599893,0.8093117335984669,16813
-0.8384360967831825,2.5659715372329566,1.7451812685139008,0.11401790616075343,-0.20970325918661817,1.1079002205808004,1.0430780576188126,16814
0.605929045431119,0.39276528972337893,-0.43105848726950297,-1.3225496900808509,-0.9004435827435614,-0.16137409356206325,0.911260257911955,16816
-1.8243669630413246,1.4094682908473293,0.6418321931396622,-0.6057217439229071,-0.5837443588943168,0.6662143359277856,1.0540221847933684,16817
-1.0048844741552696,1.6768961606574022,1.2282489710195104,0.11146805358984636,0.2651803163634835,1.416463147543002,0.8052804973310863,16818
0.5539530431791972,-0.951242971618668,-0.2905817370154477,0.7707506612138272,0.7592854055194841,-0.2245044866023096,-1.2778587188319563,16820
1.1914464861926266,-0.951242971618668,-0.5516398949012873,0.3300515180301129,-0.14385948203870827,0.004760574858854357,-1.2778587188319563,16823
-0.7450737659930379,-0.3565098415904979,-0.3520017935490115,-0.26291257117844913,-0.30089158801982474,-0.32855986216469163,0.6989889311095184,16824
-0.10681093136222787,-0.3565098415904979,0.06225414172244745,0.43522435693472633,0.668844206180127,-0.19237550596065342,0.6963285996674116,16825
0.0888931606621161,-0.951242971618668,-0.5895296268742142,0.2660888648375953,0.022164669264065795,-0.36615913643588405,-1.2778587188319563,16826
0.6678385315359481,-0.951242971618668,-1.4635510799300626,-1.2093697402688435,-1.0830408343107478,-1.2991284475109868,-1.2778587188319563,16828
0.9178780087132298,-0.951242971618668,-1.0260122486729975,-0.4707489302311291,-0.49481997101778535,-0.9409204605414276,-1.2778587188319563,16829
-0.10681093136222787,-0.951242971618668,-0.6271368332555217,0.20260315052782493,0.5916484511421953,-0.32855986216469163,-1.2778587188319563,16830
1.0355557443915884,0.06546002950528196,-1.018287142831238,-1.9229228061594559,-2.858553583814509,-0.9409204605414276,0.11525725198714115,16832
-2.3414028478103273,0.39276528972337893,0.3456828251917171,-0.017295088926304936,-0.3784762845645497,0.2652011103088699,1.017877428815222,16833
1.1947109338838942,-0.951242971618668,-0.4379535923525707,0.5219683557596323,0.930102578343428,-0.29249568749523525,-1.2778587188319563,16834
0.7666173547449812,-0.3565098415904979,-1.0947324173488377,-1.512267193664918,-1.7826523507373542,-1.0177906266090588,0.8954558413812965,16835
-0.0883920916756731,-0.3565098415904979,-0.8318808623998971,-1.0706094122901861,-0.6958500971326627,-0.9409204605414276,0.4381951744305999,16836
-0.2732593087343148,1.6768961606574022,1.1845794286403903,0.03797381725540766,-0.09536523066117816,1.1222655712166019,0.8438533291122697,16837
1.0862124177017818,-0.3565098415904979,-0.1566068263572488,0.06630633597300858,-0.569746308245262,-0.29249568749523525,0.5041911812796596,16838
-1.140882700900234,3.247011464199437,2.503859771119431,0.7447477799884449,0.5915247117446242,1.0556981411370956,1.0485880175949933,16839
-0.14507188746243174,0.8863002017334407,0.7636423883065832,0.14251890891141286,0.9816821493961733,0.949720132392567,0.9050141558443164,16841
0.5914446076620198,0.06546002950528196,0.4517902512898283,0.5474974481996372,0.44338445982359787,0.24620146194085193,0.8192134480695467,16842
-0.0357166753013247,2.1877897649392297,2.115615268896178,1.1031306021855074,1.5675377920434284,1.6564596722608078,0.9552008044201479,16843
0.0744087228930169,-0.951242971618668,-0.9600407039239763,-0.35938063022912925,-0.152026772056516,-0.9409204605414276,-1.2778587188319563,16846
-0.0357166753013247,-0.951242971618668,-1.0413626208977946,-0.49666229735899137,-0.7576103239704249,-0.8702067625832752,-1.2778587188319563,16847
0.11704461884783704,-0.951242971618668,-0.7437677667334975,0.0057154038712446875,0.17888965951286112,-0.7437843797219198,-1.2778587188319563,16848
1.0475547984138642,-0.951242971618668,-1.3899730459212103,-1.0851607256667286,-1.6975094550640906,-1.1950730719486045,-1.2778587188319563,16849
1.4784672060067832,-0.951242971618668,-0.6114403164137289,0.2291008534886028,0.5266885183970197,-0.48963176831474303,-1.2778587188319563,16850
-1.6579185856692376,0.06546002950528196,-0.5877867258471862,-1.2017509966230737,-0.5958841895753848,-0.5827124735718688,0.2514891504230854,16851
-1.0697884448393309,-0.3565098415904979,-1.270282989411349,-1.806806928947244,-1.8748395646877636,-1.1019923666914786,0.741671553492332,16852
-0.45739843875914415,-0.3565098415904979,-0.6210872874913669,-0.7159954894821148,-0.702545793543983,-0.48963176831474303,-0.09437153836547865,16855
-0.7902951935033181,-0.951242971618668,-2.37721667449862,-2.7517526634597793,-2.769319563912303,-2.1656416572948998,-1.2778587188319563,16856
1.552591629160591,-0.951242971618668,-0.5141349624787995,0.39336458097979204,-0.5877762985559805,-1.1019923666914786,-1.2778587188319563,16858
0.858958569555107,-0.3565098415904979,0.03363314218558125,0.38697179082505645,1.090360058789563,0.3373595340158314,0.6034748878920203,16859
0.20796529408005854,-0.3565098415904979,-1.1264383335479924,-1.5654922009107073,-0.8766384768274477,-1.4170967027141252,0.5374788810429604,16861
-0.2732593087343148,-0.3565098415904979,-0.28232599325086916,-0.1455344890414289,0.30816522549796826,-0.2578461642065392,1.020235989410288,16863
0.8382370952284046,0.06546002950528196,-0.9847843559787549,-1.8669139422194783,-2.2346770582740305,-1.0177906266090588,-0.07509660704497219,16866
-0.48784858938626624,0.39276528972337893,0.10420964615010019,-0.423646774876044,-0.06721543333523383,1.0479823750751505,0.7094546484728891,16869
-0.5195948743219904,0.8863002017334407,1.0889212114849054,0.6904282533266828,0.3314289770623303,1.1774991554907075,0.9018536771782983,16871
0.3913397647791676,0.06546002950528196,-0.04202180099506061,-0.2842987956949916,0.2834816318938782,-1.5532810589181636,0.5718533977950185,16872
-1.5219203589242727,0.8863002017334407,1.8297231074991245,1.9395497816311489,1.5763774681551348,1.4515054023778469,1.0474921563478996,16873
0.28899800354496863,0.6601931595334521,0.8544557722701931,0.5401788656429446,0.35750908705350026,0.8775617086856059,0.9382064540794413,16875
-0.9451786088758904,0.8863002017334407,0.13245132878891538,-0.9186877194706933,-0.781381589216866,1.0323456907928181,0.8073012573700791,16877
0.45544638091705564,-0.951242971618668,-3.122104719467208,-4.009217765657434,-2.769319563912303,-1.9114890458877223,-1.2778587188319563,16878
-0.2732593087343148,1.0821630306292318,0.5834844503885996,-0.3672705238867556,-0.41345421563434953,1.1079002205808004,0.7246510499143011,16880
0.28899800354496863,-0.951242971618668,-0.40306445926566126,0.5808656190451078,1.504543923038389,-2.5238496442644585,-1.2778587188319563,16881
0.28899800354496863,0.06546002950528196,-0.013166129239917883,-0.23572687123573327,-0.10128323002001348,0.12272883006199294,0.9050141558443164,16882
1.0475547984138642,-0.3565098415904979,-0.7694131176959766,-0.965555555805772,-1.2131685688592242,-0.02084845295372739,0.7844831836786293,16883
-0.12569611998983565,-0.3565098415904979,-0.40705150946094143,-0.355635492554531,0.036100226984498086,-0.2245044866023096,-1.2778587188319563,16884
-0.7902951935033181,0.06546002950528196,-0.3698678871101706,-0.8357413174029544,-1.0581273930466732,0.7676127182136949,1.0272283440948966,16885
-0.18540198526921478,-0.951242971618668,-1.0459269853616417,-0.5043675210711546,0.00805270739732945,0.02964812480486719,-1.2778587188319563,16887
1.0786395089320147,0.06546002950528196,0.6287770708031525,0.8458506042285854,0.7641010937907086,1.040198627819796,0.6827513965678106,16889
-2.038956243693276,0.6601931595334521,0.02788436022196761,-0.8505214155206884,-1.1817628272373688,1.38527933613509,1.058316332792444,16891
-2.3414028478103273,0.6601931595334521,-0.2583359872920218,-1.3305902349714833,-1.3084354259317872,0.819291168521149,0.7801890356795537,16892
1.5485486647540225,-0.951242971618668,-1.2647290404166036,-0.8737330255643126,-1.009911009233567,0.22678420562437498,-1.2778587188319563,16893
0.26672992881572677,-0.951242971618668,-1.0059550670413662,-0.43688987433598514,-0.5877762985559805,0.45098650481467234,-1.2778587188319563,16895
1.396155819664917,-0.3565098415904979,-0.7205103620639963,-0.8832932859997934,-1.5882779464886838,0.0774137897288553,-0.20802256379332715,16897
-0.3999912659211662,0.06546002950528196,-0.2851319404019269,-0.6932950699758654,-0.13306201166585355,1.296303614824912,1.0283817981296515,16898
-1.219473754807221,0.8863002017334407,0.4561076772081842,-0.3749509748194442,-0.6415633208770076,0.7460640987439856,1.0397348129024189,16899
-0.702437870038218,0.06546002950528196,0.1651979852434442,0.06461205670106927,0.6463750262492541,0.7127224211397556,0.24317183845542084,16900
0.6937863688962194,-0.951242971618668,0.690992801758872,2.4277724593909156,1.5570801631888138,0.2069305701444127,-1.2778587188319563,16902
-0.3214002120141793,-0.951242971618668,-0.5410181158091707,0.34798242271009405,0.517734011610282,0.3373595340158314,-1.2778587188319563,16903
-1.6579185856692376,2.098866031753182,1.2934170169046328,-0.19478898133789338,-0.1808124652308772,2.1254718902266827,1.0507706625185322,16904
-1.5219203589242727,1.0821630306292318,1.1503298137172275,0.5868910172598105,0.2683244954295297,1.0784491734795054,1.0551001055883238,16905
0.43768542024440965,0.39276528972337893,-0.19717022882615204,-0.930157034799674,-0.945452011163761,0.6780728978510595,0.7440442797014072,16906
-0.3214002120141793,0.6601931595334521,0.20619321356129822,-0.5509577910313558,-1.0982605942609223,0.8391448040011109,1.0214100102631878,16907
0.34192268478610366,-0.951242971618668,-0.5068663063788202,0.40563499053641955,1.149290223785688,-0.5349468086478807,-1.2778587188319563,16909
-1.6579185856692376,1.2549262895616227,0.5927944594452534,-0.5304459075678594,-0.3734658037651584,1.9570455224700718,0.4864327881986733,16910
-0.3214002120141793,1.6768961606574022,1.0126217975933343,-0.25129463140196207,-0.561646271875789,0.8292737560736217,0.9688248347261402,16912
1.3734355320652523,-0.951242971618668,-1.4639689679673833,-1.2100751880567442,-0.702545793543983,-1.1950730719486045,-1.2778587188319563,16913
-0.16496440251850533,-0.951242971618668,-1.082075493699098,-0.5653907688436023,-0.35856807514992695,-0.2578461642065392,-1.2778587188319563,16914
-1.140882700900234,0.8863002017334407,-0.11342361791747464,-1.33090754041829,-2.133258981563555,0.2652011103088699,0.9410900999210926,16915
-0.45739843875914415,-0.3565098415904979,-0.19316973075398686,0.004690427930158946,0.36629749877120676,1.1640111133664401,1.0352326818275173,16916
1.3393451483436676,-0.951242971618668,-0.48131578653206425,0.44876749516892317,0.4481794353930975,-1.1019923666914786,-1.2778587188319563,16917
0.0744087228930169,0.8863002017334407,0.31806419897362304,-0.6069900300546696,-0.2807761341487698,0.9143774355896803,0.9309038852239986,16918
0.91314196037818,1.6768961606574022,1.0239759760127882,-0.23220149719592234,-0.2148723224395674,1.2420131817010367,0.8401611739554056,16919
0.22009442484988165,-0.951242971618668,-1.221175125919338,-0.8002085168621736,-0.006240181982486512,0.3373595340158314,-1.2778587188319563,16921
-0.9451786088758904,2.426171291971279,1.8235964809346419,0.38032065514619884,0.141725214729715,1.9430886824581715,1.0374901606918017,16923
-0.5527525600703276,0.06546002950528196,0.11655793121777425,-0.017307208210192642,0.005683248266728222,0.6171211732355907,0.3589186657548093,16924
1.5566127985049394,-0.951242971618668,-0.9031369521501716,-0.26331991006722255,-1.6337875347740454,-0.7437843797219198,-1.2778587188319563,16926
0.6937863688962194,0.06546002950528196,-0.22104710768288727,-0.585524314983035,0.8429368894635905,-1.5532810589181636,0.8970650400472426,16927
0.41949122296488883,2.2716292906855724,1.0873355087716587,-0.7086593000585689,-0.25500732989350533,0.6044094489104112,0.9661373568365093,16928
-1.6579185856692376,1.0821630306292318,0.4712124550006774,-0.5559851326047814,-0.17092264986806707,0.35451443417019673,0.7068640967229638,16929
-0.3999912659211662,0.06546002950528196,-0.5073907993183776,-1.066780156074451,-0.34874571996905257,0.283800736212044,0.20803244687342232,16930
-1.5219203589242727,2.5659715372329566,1.473236049752767,-0.34335878532875136,-0.04102709482928275,2.2590366756499907,1.0529413148270375,16931
0.11704461884783704,-0.951242971618668,-1.2417315977391463,-0.8349104376572762,-0.702545793543983,0.22678420562437498,-1.2778587188319563,16932
-2.3414028478103273,-0.3565098415904979,-0.1920102225836984,0.0066443586486445065,-0.08058973376917059,0.18662048949877436,0.8840040909743437,16933
0.1441721577143484,-0.3565098415904979,0.20813734550541071,0.6812040246981416,0.27513080557142594,0.4809368170315517,-1.2778587188319563,16934
-0.3999912659211662,-0.951242971618668,-0.8008688486692048,-0.0906784345275294,0.10977947304824517,0.4356217766984145,-1.2778587188319563,16936
-1.140882700900234,0.39276528972337893,1.059872767618458,1.18619465647769,1.5645755885848949,1.600221168670596,0.9767792858606247,16938
0.10310168753222393,0.06546002950528196,1.1535453180877935,1.7309047648704867,1.712121339001364,1.6564596722608078,0.8840040909743437,16940
-0.8898996118236581,1.4094682908473293,0.778491146736416,-0.376075590554585,-0.6067872603557498,1.3474500268154646,0.8456865469088336,16942
1.1406836993454563,0.06546002950528196,0.10382949921440172,-0.03874239927939626,-1.2825256996379018,-0.32855986216469163,0.5681784157010902,16943
-0.5195948743219904,2.426171291971279,1.4357284510391062,-0.27230961508779633,-0.08504987105626964,1.2167700472871472,1.0214100102631878,16945
1.2203246128302816,-0.951242971618668,-0.45149475965487545,0.49910915505063674,0.7772379690078435,-0.4054300282323229,-1.2778587188319563,16947
0.8276564198554379,0.06546002950528196,-0.39752318971214473,-0.8822174329103719,1.3831619310599625,-0.6867678491342508,0.790838136683051,16948
-1.6579185856692376,0.8863002017334407,0.4655839683848969,-0.35901606193211216,-0.17829180823151933,0.45098650481467234,0.9922232482364803,16949
0.17034765419645906,0.06546002950528196,0.3959175662992511,0.45333149552030066,0.36199811009782495,0.12272883006199294,0.989690818242538,16950
0.8060338883139719,0.06546002950528196,0.46028963225164826,0.561822951434708,1.157761617901615,0.6662143359277856,0.7510781342259888,16951
0.6477675868397659,-0.3565098415904979,-1.1550003964006168,-1.6134292955571798,-1.3365418751151885,-0.6332090513304633,-1.2778587188319563,16952
-0.2969414599191216,-0.951242971618668,-2.78593939670037,-3.4417282418241766,-2.9555564860361434,-2.5238496442644585,-1.2778587188319563,16953
-2.3414028478103273,1.4094682908473293,0.8504719479385169,-0.2550486340929101,-0.3092502408694816,0.14454350874121646,1.0463932468041202,16954
1.0395769137359367,0.39276528972337893,-0.25759924669650763,-1.031604847895675,-0.9329956793263501,-0.5349468086478807,0.7929339385545909,16955
-0.662107772231435,-0.951242971618668,-0.6701503781499131,0.1299908539661447,-0.3390091506449616,-0.6332090513304633,-1.2778587188319563,16956
1.22970744229283,-0.3565098415904979,-0.43185985026088836,-0.397416604727701,-0.6500735156473001,-0.6867678491342508,0.20803244687342232,16957
0.48131920946767887,-0.951242971618668,-1.4371844620570158,-1.1648595590915694,-1.2675613125215732,-1.2991284475109868,-1.2778587188319563,16959
-0.10681093136222787,0.06546002950528196,-0.2786945390456359,-0.6824708715127003,-0.48005379353861843,0.8585620603175879,0.8420115648149052,16960
0.6937863688962194,-0.951242971618668,-0.8897355732807909,-0.24069668988883183,-0.23716966772977968,-0.7437843797219198,-1.2778587188319563,16961
1.0475547984138642,-0.951242971618668,-1.4843611009157835,-1.2444996840802636,-1.6337875347740454,-1.2991284475109868,-1.2778587188319563,16963
1.1914464861926266,-0.951242971618668,-1.0469999036619053,-0.506178742675802,0.4996062934799718,-0.2578461642065392,-1.2778587188319563,16965
-1.219473754807221,1.0821630306292318,0.8767449024861301,0.12613052557303234,0.668844206180127,-1.1950730719486045,0.8739169627403369,16966
1.0554482594476617,-0.951242971618668,-0.6441196103471778,0.1739340778055478,0.8496325858749109,-0.4054300282323229,-1.2778587188319563,16967
-1.6579185856692376,-0.3565098415904979,-0.38950002946686163,-0.3260742408222832,0.05668229036991024,-0.07440725075751485,0.5569437896339022,16968
-0.10681093136222787,0.06546002950528196,-0.07746197686657683,-0.34394716348826393,0.6248056936762134,0.18662048949877436,0.7094546484728891,16969
-0.12569611998983565,-0.951242971618668,-0.5542396966154969,0.3256627243713422,-0.8456689825605147,0.14454350874121646,-1.2778587188319563,16971
1.312018828634696,-0.951242971618668,-0.8329851236347531,-0.14489476308125745,-0.6247353771966503,-2.1656416572948998,-1.2778587188319563,16976
0.4008421239442265,-0.951242971618668,-0.5834345267270862,0.2763781637210758,0.07689124437112457,0.12272883006199294,-1.2778587188319563,16978
-1.6579185856692376,0.8863002017334407,0.7560118936619524,0.12967216953520105,-0.07930905574059255,0.5516505149897042,0.9688248347261402,16979
1.2778483455726946,-0.3565098415904979,0.2874047275130528,0.8148808514420992,0.9652543489736171,0.6420087231816032,0.14866230143978154,16980
0.22009442484988165,-0.951242971618668,-0.4966138841546873,0.4229423741720187,0.17888965951286112,-0.36615913643588405,-1.2778587188319563,16982
-0.8898996118236581,1.0821630306292318,0.7788591589038345,-0.03862512912078644,0.2307515732545346,1.040198627819796,1.04418621466031,16983
0.4897478314285932,-0.3565098415904979,1.4563730607667809,2.787242013041176,2.2670360230139175,2.0515098608972804,0.1987365420688429,16984
-0.702437870038218,1.5492685361090064,1.6183132364839188,0.8964252577318831,0.18617615670220095,0.5240404679784646,1.0272283440948966,16985
-0.2969414599191216,-0.3565098415904979,0.7650814951353462,1.6206707561443872,1.3452961367514504,-1.9114890458877223,-1.2778587188319563,16986
-1.8243669630413246,1.0821630306292318,0.64779272503213,-0.25912772601253237,-1.0966199315641063,0.6780728978510595,0.8211643543860943,16987
-1.5219203589242727,-0.951242971618668,-1.3801921317732713,-1.06864930721707,-1.4100738030285696,-1.2991284475109868,-1.2778587188319563,16988
-1.3073310782723213,0.8863002017334407,0.3646889854956775,-0.5286371953108369,0.31357703273351795,-1.2991284475109868,0.6855044232228671,16989
1.1648034716087685,-0.951242971618668,-1.1028846636540102,-0.6005192760075285,-0.4837270426650046,-2.5238496442644585,-1.2778587188319563,16990
-1.0048844741552696,0.6601931595334521,0.6465646940911602,0.1899957783492618,0.11624227434337994,0.7886482262425164,0.9410900999210926,16992
-0.2969414599191216,0.8863002017334407,0.5648544881626679,-0.19204467993194976,-0.5918228732394206,-0.804736104337389,1.0058686705948,16996
1.368291200593255,0.06546002950528196,-0.01669664115771796,-0.24166995088603885,-0.28231065620974044,-1.2991284475109868,0.15919779849533364,16997
0.8840762661337572,0.39276528972337893,-0.706325111407296,-1.7832860655249219,-2.289069801936379,-2.5238496442644585,0.7145853404081729,16998
-0.48784858938626624,-0.3565098415904979,-0.3112993873784152,-0.1943465679636933,-0.05775965059743895,-0.4054300282323229,0.27543937567310756,16999
-2.3414028478103273,1.6768961606574022,1.367613010869582,0.3460897025531037,0.2651803163634835,0.6897743881055913,1.0463932468041202,17001
0.47279425831351085,0.06546002950528196,0.5847121716977676,0.7715601949461515,0.42073110938864666,0.16583248100890577,0.826959926191624,17002
0.013483028875857768,-0.3565098415904979,0.48144747837980595,1.1421673360254283,1.0123876078933447,0.10036182276301958,0.24317183845542084,17004
-1.5219203589242727,0.39276528972337893,0.06900473457459529,-0.48285513362429894,-0.9084929325230912,0.0774137897288553,0.4061459011556239,17006
0.0888931606621161,0.8863002017334407,0.17218157155272346,-0.8520017820807014,-0.48925970960990905,0.3373595340158314,0.9845767309527786,17007
-0.662107772231435,-0.951242971618668,-1.0335286757725441,-0.48343760852947865,-0.30089158801982474,-0.9409204605414276,-1.2778587188319563,17010
-0.2969414599191216,-0.951242971618668,-0.7740325589820062,-0.045375388006569164,0.2029950332585253,-0.6867678491342508,-1.2778587188319563,17011
-1.219473754807221,0.06546002950528196,-0.16396654248700657,-0.4895057483030423,-0.716059051133877,0.5379533476192208,0.33300395248729253,17014
-0.3214002120141793,0.06546002950528196,0.7502298762361791,1.050637785032741,1.6095049803008294,1.4661082075503595,0.7196502524280136,17015
-1.8243669630413246,2.497736332885561,1.9885547079558237,0.5892720215241789,0.8518000570304948,0.8292737560736217,1.058316332792444,17017
-0.07041712293760334,-0.3565098415904979,0.19873254325306586,0.6653446473432815,-0.6247353771966503,-0.6867678491342508,0.9565845456816257,17018
-1.0048844741552696,0.39276528972337893,0.44793070183988093,0.15487454827681663,0.31087441298258106,1.38527933613509,1.0452912719577836,17019
-0.2732593087343148,-0.951242971618668,-1.8334072621513327,-1.83373369014928,-0.3987464811895209,-1.2991284475109868,-1.2778587188319563,17022
-0.0025589895529871606,0.06546002950528196,-1.5970216378024433,-2.8857717263404945,-2.0858122423107215,-2.1656416572948998,0.5897323639659863,17024
0.22009442484988165,0.06546002950528196,-0.5529942892462546,-1.1433497409540048,-0.7529162955565013,-1.1950730719486045,0.9922232482364803,17025
1.0395769137359367,-0.3565098415904979,-1.2178426271872185,-1.7188642964869474,-1.2787657294590042,-1.7143529650682148,0.7844831836786293,17026
0.41022495340677506,0.8863002017334407,0.1610345454281664,-0.8707136195909017,-0.8871558199376173,1.0244223228973448,0.8856605199262281,17027
0.661208042483351,-0.3565098415904979,-0.0009754980665079948,0.3286276665259743,0.2834816318938782,-2.5238496442644585,0.635874817110362,17029
0.25534153803420273,-0.951242971618668,-1.259644728298046,-0.8651500645395637,-0.06531784972597772,-0.9409204605414276,-1.2778587188319563,17030
-0.9451786088758904,-0.3565098415904979,-0.5043326256483117,-0.5194539039096631,-0.3055856164337484,-0.48963176831474303,0.6855044232228671,17031
0.47279425831351085,0.06546002950528196,0.2887047355571216,0.2726705656182357,0.5311389438732397,-0.29249568749523525,0.939650908069832,17033
-0.7450737659930379,0.06546002950528196,0.031191235113855232,-0.16105176955292028,-0.13844767480315862,-0.16137409356206325,0.9367566993285864,17034
1.2511523514720058,-0.3565098415904979,-0.4002523140963066,-0.34418405831822935,-0.3341725699514149,-0.19237550596065342,0.37729675735699375,17035
0.4897478314285932,-0.951242971618668,0.4537601880878766,2.027293844101829,1.603863115520413,0.6897743881055913,-1.2778587188319563,17037
-0.2969414599191216,-0.951242971618668,-1.4712473817315068,-1.2223620697828783,-1.8748395646877636,-0.36615913643588405,-1.2778587188319563,17038
0.8223092635746644,-0.951242971618668,-0.3710697790221997,0.6348766803500617,0.17278098613953685,-0.6867678491342508,-1.2778587188319563,17040
-0.37286372705465515,0.06546002950528196,0.3200514811083874,0.3254873756252434,0.7665011595213008,0.4809368170315517,1.017877428815222,17041
-1.8243669630413246,0.6601931595334521,0.2936685542966394,-0.4038876124189229,0.2723332379772021,0.6780728978510595,0.8954558413812965,17042
-0.25030595595327615,0.39276528972337893,0.7040953527532534,0.5864334138688467,0.5289159519078002,0.9410161250555489,0.8789927206942685,17043
-0.42814272410688714,-0.951242971618668,0.22292610376978608,1.637616754519877,1.3105227882535888,-1.4170967027141252,-1.2778587188319563,17044
0.6744106014236233,0.06546002950528196,-0.5948047264894936,-1.2135293767265936,-1.6235125302299842,-0.4465281173678302,0.660007981806236,17045
0.9178780087132298,-0.951242971618668,-0.08779719935373079,1.1130765732717232,1.3236902259875385,-0.36615913643588405,-1.2778587188319563,17046
0.4641707506279294,0.06546002950528196,0.34161970709660483,0.3618304005997696,0.1521735583243124,0.4809368170315517,0.6134768835481179,17047
0.7064294699936315,0.06546002950528196,0.20326379442535514,0.1287301608252327,0.047581585943295285,0.16583248100890577,0.8420115648149052,17048
-1.8243669630413246,1.4094682908473293,1.6456881024707268,1.084127472712856,0.7224889926850819,1.5533767234322848,0.939650908069832,17049
0.5539530431791972,0.8863002017334407,1.1882556548347767,0.8578376016636328,0.5993345556168393,1.4010088246192522,0.8231056739007375,17050
1.0748240269202578,-0.951242971618668,-0.8672732148216856,-0.20277739172561543,0.16046229614454793,0.14454350874121646,-1.2778587188319563,17051
-0.3466882305725439,-0.951242971618668,-0.4660864881843746,0.47447647430012097,0.5355716737740076,0.6541944280815882,-1.2778587188319563,17052
0.7837658135847301,-0.951242971618668,-0.2891918483431731,0.7730969688410342,-0.26403434359720146,-0.804736104337389,-1.2778587188319563,17053
-0.3466882305725439,0.6601931595334521,0.5078354677286498,-0.04356494423200319,0.04162603805627518,0.5516505149897042,0.8475112971565278,17054
0.43768542024440965,0.06546002950528196,0.3968160024916004,0.45484560349301056,0.2685921938583048,0.35451443417019673,0.7246510499143011,17058
-0.2969414599191216,0.6601931595334521,1.1614786363990617,1.0576528376026482,0.9667578287716551,1.8819359682846717,1.024911283339804,17059
1.3092303203146483,-0.951242971618668,-0.8894982983502475,-0.24029613983731746,0.3688691956469732,-1.5532810589181636,-1.2778587188319563,17060
0.3620840501269106,1.6768961606574022,1.5837460841980509,0.7101505403602997,-0.12188445842801743,0.45098650481467234,0.7246510499143011,17061
1.4325496280895416,0.39276528972337893,-0.24297549926150894,-1.0070585267979404,-0.46729190322285824,0.35451443417019673,0.31238756749669155,17062
-0.5527525600703276,1.0821630306292318,0.5671369798852942,-0.394755480757539,-0.3784762845645497,0.5784237638341764,0.9323752378605576,17063
0.19563567275482363,0.06546002950528196,0.14071375353400134,0.02337441643490525,-0.42635978390182366,0.3878561117744264,0.9323752378605576,17064
-0.9451786088758904,2.5659715372329566,1.4716630315717114,-0.34600262095734763,-0.4531392248518698,1.0633471031914083,1.0430780576188126,17068
-0.3466882305725439,1.4094682908473293,1.0592906301787601,0.0962783778218041,0.08575673921312493,1.0323456907928181,1.0318220903460842,17069
0.6809252725881031,-0.951242971618668,-0.6818181957178763,0.11029410422015949,-0.18530775398810617,0.5240404679784646,-1.2778587188319563,17070
-0.3466882305725439,1.4094682908473293,0.9721474028014903,-0.05037305085921398,-0.16854307564279833,0.9583392212310814,0.9510202603690175,17071
-0.662107772231435,0.39276528972337893,0.5581991703689041,0.3406083461414724,0.22366797187742793,1.2420131817010367,0.5085087950342148,17073
-0.662107772231435,0.39276528972337893,0.12060643038123789,-0.39606703258399767,-0.8305009921012262,0.5240404679784646,0.9754646166731504,17075
-0.16496440251850533,0.06546002950528196,0.12722337098062197,0.0006544543470961491,-0.502277056355382,-0.5827124735718688,1.0119186774426234,17076
-0.16496440251850533,-0.3565098415904979,-0.5137752403029103,-0.5353522924703894,1.0281401257449203,-0.19237550596065342,-1.2778587188319563,17078
0.4008421239442265,-0.951242971618668,-1.427475939585049,-1.1484703469343052,-2.0403026540253606,-2.1656416572948998,-1.2778587188319563,17079
-0.5195948743219904,-0.3565098415904979,-0.7264547566418369,-0.8932936547879423,-0.6891943752664562,-1.1950730719486045,0.9002639055107705,17080
-0.42814272410688714,-0.3565098415904979,-0.722899303963334,-0.8873122795070202,-1.5303516654742122,0.41998509241608295,-0.07509660704497219,17081
-0.2280378812240346,-0.3565098415904979,0.8188067762167195,1.7113190435876056,1.3548838412456528,0.6897743881055913,0.9565845456816257,17082
0.6477675868397659,0.06546002950528196,0.5363645413522148,0.6900557187216246,0.563243599895643,-0.29249568749523525,0.8052804973310863,17083
-0.18540198526921478,-0.3565098415904979,1.0704735409501933,2.1359826863885614,1.8936102552205898,1.2725854225592388,-1.2778587188319563,17084
0.7371303096188849,0.6601931595334521,0.620523008630501,0.1461445061611957,0.015131017533362346,1.0633471031914083,0.887310032661933,17085
-1.3073310782723213,0.8863002017334407,0.8369821189051341,0.2660103170670595,0.7694939938053693,0.7013229133180106,0.31937992218130024,17086
-0.3466882305725439,0.39276528972337893,0.8136843237321085,0.771135250451103,0.37399486031426643,0.9053163346348189,0.8635655130798013,17088
-1.6579185856692376,1.0821630306292318,0.8071095370221365,0.008918101092361127,-0.20232839148992285,0.24620146194085193,1.0363630337467562,17090
-1.8243669630413246,1.4094682908473293,1.3346119290927156,0.5598985198354671,0.2496963160467537,1.0932974154082877,1.0540221847933684,17091
0.0744087228930169,0.39276528972337893,0.7217387535243603,0.6161668897185525,0.6668797473435735,0.9322255092582371,0.8670462204089304,17092
1.4512571943548578,-0.951242971618668,-0.6876904568707845,0.1003809857043638,-0.020718698486951147,-0.7437843797219198,-1.2778587188319563,17094
-0.48784858938626624,0.06546002950528196,0.48871211092884753,0.6097300771367405,0.3162731165173717,0.6171211732355907,0.9922232482364803,17095
-0.7902951935033181,0.39276528972337893,0.2824873535742929,-0.12367713856868663,-0.666207373225962,0.2652011103088699,0.8986677105059322,17096
-2.038956243693276,1.2549262895616227,0.22789827444618982,-1.1428368856726745,-1.094913471562653,1.3136835116947465,1.0518574795072897,17097
-0.662107772231435,-0.3565098415904979,0.24222169873926927,0.7386823475858274,1.0534463091944573,0.5651385571139715,-1.2778587188319563,17100
-1.0697884448393309,0.39276528972337893,0.6502185617486743,0.49564488413943253,0.30408905970910266,-0.16137409356206325,0.7464028402964729,17101
1.2979708596357558,-0.951242971618668,-2.630286390982347,-3.1789663085851494,-4.404036266822083,-2.5238496442644585,-1.2778587188319563,17102
0.9272608381757783,-0.3565098415904979,-0.05886912991189058,0.23103707696493533,0.8938062481750321,0.7460640987439856,0.6963285996674116,17105
-0.2280378812240346,0.8863002017334407,2.1612631697448417,2.498910122063044,1.830811589725571,1.8097133893474062,0.8954558413812965,17107
-0.3214002120141793,0.8863002017334407,0.164412217452872,-0.8650438815659885,-0.5060243879552169,1.0002167101511623,0.8231056739007375,17109
0.9547213050134129,-0.951242971618668,-1.175644928889463,-0.7233477936327314,-1.2454847475274144,-0.8702067625832752,-1.2778587188319563,17110
0.02918729538273665,-0.951242971618668,-0.8984619309323535,-0.25542788377797276,0.6649118207932402,-0.13142378134518384,-1.2778587188319563,17111
-1.4069354965926615,1.2549262895616227,0.0884631073457364,-1.3763514971133743,-1.9189484867727329,0.7989810878755099,1.0131176395958414,17114
-1.219473754807221,0.06546002950528196,0.12382668929296112,-0.00506595798596202,-0.24605282310676654,-0.02084845295372739,0.861813591245302,17115
1.368291200593255,-0.951242971618668,-1.4449692814160242,-1.1780013174228885,-0.9084929325230912,-1.1019923666914786,-1.2778587188319563,17117
1.4419620571674556,-0.951242971618668,-1.2067161062931937,-0.7757998655021774,-0.006240181982486512,-1.0177906266090588,-1.2778587188319563,17118
-1.8243669630413246,-0.3565098415904979,-0.1325625775540094,0.10682839152350493,0.08354696623733106,0.02964812480486719,0.31937992218130024,17119
1.2108222536652227,-0.951242971618668,-0.6734518830537379,0.12441749669542991,-0.28231065620974044,-0.5349468086478807,-1.2778587188319563,17120
0.7126715575238268,-0.951242971618668,-1.3071296270581143,-0.9453105711760912,-0.7297381197006924,-1.2991284475109868,-1.2778587188319563,17122
0.9411174305704181,-0.951242971618668,-0.5811982345051576,0.2801533074441969,0.5132296414369405,-1.1019923666914786,-1.2778587188319563,17123
1.0395769137359367,-0.951242971618668,-0.708374764585461,0.06546326177254759,-0.20232839148992285,-0.07440725075751485,-1.2778587188319563,17124
0.0744087228930169,-0.951242971618668,-0.902275514239298,-0.2618656940706704,0.6609655154290626,0.004760574858854357,-1.2778587188319563,17125
0.8938912117790716,0.6601931595334521,0.25660631783797855,-0.46620742639528445,0.00805270739732945,1.4899223070623417,0.8364341866318548,17126
1.480690531369406,-0.951242971618668,-1.2063630124300533,-0.7752037984640526,-0.7861972774880905,-0.7437843797219198,-1.2778587188319563,17128
-1.5219203589242727,0.6601931595334521,0.9832703328376656,0.7572516852166629,0.26446249352592166,0.7239767083482843,0.4061459011556239,17131
-0.7450737659930379,1.0821630306292318,1.5301908793819305,1.2271388129370038,1.025292537731114,-0.804736104337389,0.9050141558443164,17133
0.6340805036168403,-0.3565098415904979,-0.4384538887132708,-0.4085214746509001,-1.2675613125215732,-0.4054300282323229,0.722158563878236,17134
-0.7450737659930379,1.0821630306292318,0.36923079541554277,-0.7272972439470191,0.13450361797126278,0.004760574858854357,1.0430780576188126,17135
1.3366571270314798,-0.951242971618668,-0.5040190932162912,0.4104414459689926,-0.2283567356592486,-0.29249568749523525,-1.2778587188319563,17138
-0.7450737659930379,1.794302194169694,2.1503571949865363,1.5483748927476932,1.1373210739855593,1.9317622504128455,0.939650908069832,17139
1.2541661943878881,-0.951242971618668,-0.3633422260867844,0.647921765725381,0.718741661085247,-0.6332090513304633,-1.2778587188319563,17140
1.22970744229283,-0.951242971618668,-0.17003282724530622,0.9742524467074032,-0.716059051133877,-0.6867678491342508,-1.2778587188319563,17142
-2.3414028478103273,-0.3565098415904979,0.25266846278658694,0.7562998117322942,0.4927316770320133,0.18662048949877436,0.4725696911826578,17144
0.6271416153756115,0.06546002950528196,0.03572785407368396,-0.1534137885436513,-0.8662194280811989,-0.02084845295372739,0.909707966224177,17146
-0.48784858938626624,0.39276528972337893,0.6945838310118045,0.5704046263449001,0.39175134651397964,0.6044094489104112,0.9620715467515544,17147
0.10310168753222393,-0.951242971618668,-1.388007240035423,-1.0818421970425025,-0.702545793543983,-1.1019923666914786,-1.2778587188319563,17148
1.0786395089320147,0.06546002950528196,0.6828380268788835,0.9370007479377633,0.11838824247718788,-1.1019923666914786,0.39485776960636626,17152
-0.45739843875914415,-0.951242971618668,-0.9620426616503084,-0.36276018772631485,-0.4404272273554374,-0.7437843797219198,-1.2778587188319563,17153
0.3719639973065715,-0.951242971618668,-0.6188154059212334,0.2166507708971146,1.2791801186863607,-0.32855986216469163,-1.2778587188319563,17154
-0.662107772231435,-0.3565098415904979,-0.8324170268306558,-1.0715109591117598,-0.27313504802381544,-0.48963176831474303,0.7295893357937872,17155
-1.219473754807221,-0.3565098415904979,-0.6441694375844021,-0.754841421139988,-0.6500735156473001,-0.9409204605414276,0.7487474034168705,17157
-0.25030595595327615,0.06546002950528196,0.45354014917284463,0.5504468395889917,0.5718413039584916,0.3878561117744264,1.0119186774426234,17158
-0.5195948743219904,0.06546002950528196,0.6084377756305392,0.8115592793895445,0.9677590233618716,0.9053163346348189,0.7042564454977935,17159
-0.2732593087343148,0.8863002017334407,1.2673585176314306,0.9911740575463046,1.2469307183045297,1.0323456907928181,0.8364341866318548,17160
-0.3214002120141793,1.5492685361090064,0.6949880307359587,-0.6574404199305073,-0.482623796556881,0.7569041071179524,0.9439528495948398,17162
-0.5195948743219904,-0.3565098415904979,-0.7114591584559244,-0.8680657827447081,-1.6975094550640906,-1.9114890458877223,0.31937992218130024,17163
-0.2280378812240346,1.0821630306292318,0.9846215896237153,0.3077672181161761,0.3607666617220017,0.8681129598094249,0.8889526866970197,17164
1.3578948635647135,-0.951242971618668,-1.198384568232114,-0.7617351769490392,-0.4837270426650046,-1.0177906266090588,-1.2778587188319563,17165
-0.10681093136222787,-0.3565098415904979,-0.9901495223158174,-1.3366232546342398,-1.516328460432592,-0.9409204605414276,0.741671553492332,17166
0.1830988212276959,-0.3565098415904979,0.12218960307308388,0.536277566225604,0.5874335875156811,0.35451443417019673,0.6327518148686244,17169
1.3708678011065525,-0.951242971618668,-0.9217631041707723,-0.29476320723427724,0.19701737764317123,-0.6332090513304633,-1.2778587188319563,17171
0.41022495340677506,-0.951242971618668,-0.6472648240235911,0.16862455986690067,1.2562404183452307,-0.6867678491342508,-1.2778587188319563,17172
-1.5219203589242727,1.2549262895616227,1.3217738017297591,0.6964366311246393,-0.10980092723890811,0.05385373755105001,0.6327518148686244,17173
1.1614051736721587,-0.951242971618668,-1.96689497002552,-2.059077801063591,-1.461935716770243,-1.7143529650682148,-1.2778587188319563,17174
-0.018953607897127814,0.39276528972337893,0.5575647885332787,0.33953964782225915,0.37143497376750595,0.18662048949877436,0.9081495510819382,17175
1.1048150054141253,-0.951242971618668,-0.6768968980565192,0.11860187625178668,0.10327898756762396,-0.6867678491342508,-1.2778587188319563,17176
1.0109625792667192,0.06546002950528196,-0.005670561376406346,-0.2231089771535584,-0.5211409599194071,0.4356217766984145,0.7823419441480298,17179
0.15737471665462005,0.39276528972337893,0.07123213318825707,-0.47910933913678055,0.08685998532124858,0.8585620603175879,0.9189315227589347,17180
0.17034765419645906,-0.3565098415904979,-0.8704767272931846,-1.1355011731639046,-0.2777134121640168,-0.32855986216469163,0.9972399216963374,17181
-1.219473754807221,0.8863002017334407,1.2277110275810288,0.9243414462980117,0.3688691956469732,0.18662048949877436,0.533468108256264,17183
0.02918729538273665,-0.3565098415904979,-1.2752708524036538,-1.8151695782568626,-0.4837270426650046,-2.5238496442644585,-0.2352787307309386,17186
1.1914464861926266,-0.951242971618668,-0.9993928919750157,-0.42581209399545694,-0.08058973376917059,-1.0177906266090588,-1.2778587188319563,17187
-1.0048844741552696,1.0821630306292318,0.9868406928723171,0.3115042733764925,0.22492129421435386,0.6420087231816032,1.0386140810124724,17188
0.6271416153756115,-0.3565098415904979,-0.49725599281301597,-0.5075387602598479,-0.34874571996905257,0.3713425543694715,0.909707966224177,17189
0.19563567275482363,-0.3565098415904979,-0.3799454179746959,-0.3099811712088915,-0.7228776051191612,-0.48963176831474303,0.6989889311095184,17190
-0.3466882305725439,1.0821630306292318,0.8537519505063852,0.08742480368990052,0.08069937822352466,1.3692647054946885,1.0260715124446789,17191
-0.16496440251850533,1.0821630306292318,0.6874464831148771,-0.19242849284482993,0.1613467310193983,-0.5827124735718688,0.679979050269439,17193
1.5362866060489067,-0.951242971618668,-0.9151908369019267,-0.28366838998125254,-0.35856807514992695,-0.2578461642065392,-1.2778587188319563,17194
-0.2969414599191216,-0.951242971618668,0.2753488493554259,1.7261129702674503,0.23241178220063982,-0.13142378134518384,-1.2778587188319563,17197
-0.45739843875914415,0.06546002950528196,-0.027865851253706667,-0.2604711234177498,-0.29156241139212863,0.8391448040011109,1.0340990864263035,17198
0.1307317020707626,-0.951242971618668,-0.7205103620639963,0.04497684045507348,0.44338445982359787,0.10036182276301958,-1.2778587188319563,17201
-0.16496440251850533,0.8863002017334407,1.276828767952943,1.0071384874095848,1.2430286138612352,1.0709304081093147,-0.006216954354261173,17203
0.9983550942366815,0.39276528972337893,0.621623747153769,0.4474639160032895,0.046438756421095975,0.22678420562437498,0.49541175939118237,17204
0.1307317020707626,-0.951242971618668,-0.4965724755427924,0.42301227713896794,1.9359750456483085,-0.804736104337389,-1.2778587188319563,17205
0.11704461884783704,-0.951242971618668,-0.998265581976641,-0.42390905233451254,-0.7861972774880905,-1.2991284475109868,-1.2778587188319563,17206
-0.37286372705465515,1.2549262895616227,0.9345932717294629,0.04438657661045252,0.07271114910530083,1.296303614824912,1.0283817981296515,17211
1.271997922586503,-0.951242971618668,-0.9149458651043471,-0.28325484664603634,-0.05775965059743895,-1.7143529650682148,-1.2778587188319563,17212
-0.0883920916756731,1.0821630306292318,1.0800559712256552,0.4685042726774535,0.09016318803794067,0.7989810878755099,1.009509781404251,17213
0.20796529408005854,0.8863002017334407,0.3108025086525444,-0.6191913946907728,-1.3524682902802374,0.7350894284387285,0.9741455579309978,17214
1.2140031757859513,-0.951242971618668,-1.4635510799300626,-1.2093697402688435,-2.0403026540253606,-1.1019923666914786,-1.2778587188319563,17217
-1.6579185856692376,1.5492685361090064,0.7979042314649427,-0.4845552955239721,-0.5345382210779279,1.2725854225592388,1.0518574795072897,17218
-0.25030595595327615,-0.951242971618668,-1.4584842425431774,-1.200816278798285,-0.6122790453592394,-0.29249568749523525,-1.2778587188319563,17219
-0.45739843875914415,2.0042014208754995,1.1887333717340856,-0.2783484539557552,-0.14793564782757387,1.9144955848590632,1.024911283339804,17220
-1.3073310782723213,-0.3565098415904979,-0.6065057683236726,-0.6914538702359845,-0.08444061877699624,0.4809368170315517,0.052417515398891834,17221
0.26672992881572677,-0.951242971618668,-0.6204824314507108,0.213836621251474,-0.26403434359720146,-0.19237550596065342,-1.2778587188319563,17222
1.4230169091244451,-0.3565098415904979,-0.5011195429685342,-0.5140439722368486,-1.1512176260683369,0.18662048949877436,0.33300395248729253,17223
1.4206145717599752,-0.951242971618668,-0.47732446017796465,0.4555053581748648,1.0700034962213896,-0.4054300282323229,-1.2778587188319563,17226
-0.6238468161312312,0.8863002017334407,0.21519728031059626,-0.7797804064370011,-0.25052108600730755,-0.16137409356206325,1.0363630337467562,17227
-0.7450737659930379,1.2549262895616227,0.7789511354091796,-0.21748382248745443,0.23531121192671559,1.2357696956551651,1.04418621466031,17228
0.5539530431791972,-0.3565098415904979,-0.6447676074578657,-0.755848060509182,-0.569746308245262,0.12272883006199294,0.24317183845542084,17229
1.3036218344423172,1.2549262895616227,1.2941753360148713,0.6499348458311284,0.31829090910673014,0.35451443417019673,0.5253222995369005,17230
-0.9451786088758904,1.5492685361090064,1.1728665989561737,0.1461101589888715,0.1188169408486615,1.8819359682846717,1.0363630337467562,17231
-1.8243669630413246,-0.3565098415904979,-0.429705631279209,-0.39378868598779726,-0.4727434060236277,-0.1024556255368702,-0.2961771478045446,17232
-0.18540198526921478,-0.951242971618668,-1.0519290802603418,-0.5144998153483599,-0.18530775398810617,-0.2578461642065392,-1.2778587188319563,17233
1.0315127799850192,-0.951242971618668,-1.2435260420359633,-0.8379396862756774,-1.141219082803132,-0.7437843797219198,-1.2778587188319563,17234
-0.42814272410688714,-0.3565098415904979,-0.21084014417137287,-0.025086021318552816,-0.35856807514992695,-0.29249568749523525,1.0340990864263035,17235
-0.8898996118236581,0.8863002017334407,0.1952888719654541,-0.8132083288388042,-0.7435871189288051,0.8292737560736217,1.0374901606918017,17236
-1.0048844741552696,-0.3565098415904979,-0.6549805131390368,-0.7730346411228747,-1.1921334145912181,-0.5349468086478807,-0.2961771478045446,17237
-1.8243669630413246,2.2716292906855724,1.3116584414224322,-0.33184543443525755,-0.41633187324857235,1.896884710708246,1.0572471637332093,17238
1.4301778451471832,-0.951242971618668,-0.49985040027314787,0.4174787261793381,-0.035387727249114306,-0.6867678491342508,-1.2778587188319563,17239
0.6409554380614055,-0.3565098415904979,0.3659461790390004,0.9473462022348651,0.7538427741987374,-0.1024556255368702,0.41712043258818987,17242
-2.3414028478103273,2.8663624207137426,1.973503965986181,0.2117543818545809,-0.21493297201123224,1.4515054023778469,1.0572471637332093,17243
0.11704461884783704,-0.951242971618668,0.22829871513465697,1.6466864010857316,1.5338350687519187,-0.07440725075751485,-1.2778587188319563,17244
1.115757868270254,-0.951242971618668,-1.1370468955764836,-0.6581894383169593,-0.8007704275057291,-1.1019923666914786,-1.2778587188319563,17245
-0.7902951935033181,-0.951242971618668,-0.7475311736360931,-0.0006377023134348532,-0.42986003827261077,0.3878561117744264,-1.2778587188319563,17247
0.718861842900669,-0.951242971618668,-0.6450419187099563,0.17237710479800283,0.35334926841635583,0.6044094489104112,-1.2778587188319563,17248
-1.6579185856692376,-0.3565098415904979,-0.5009529828741358,-0.5137635301190174,-0.6825781534658466,0.41998509241608295,0.9158808687870189,17250
1.5403963966487852,-0.951242971618668,-0.777176184961162,-0.05068222571171327,-0.3987464811895209,0.0774137897288553,-1.2778587188319563,17251
0.7001347059966991,-0.3565098415904979,-0.5729302206765396,-0.6349390665982876,-0.5287768123827928,0.8091944917842315,0.400542151507909,17252
-0.662107772231435,-0.951242971618668,-1.106169046880588,-0.6060637297245152,-1.4100738030285696,-0.5349468086478807,-1.2778587188319563,17253
-1.5219203589242727,-0.3565098415904979,-0.7731826788978676,-0.9718958127090819,-0.23275449324093914,0.9410161250555489,-0.3305516645566027,17254
-0.07041712293760334,-0.3565098415904979,-0.7158628736601896,-0.8754745491977466,-0.343866805830731,0.6171211732355907,0.917409140426984,17255
0.6340805036168403,-0.3565098415904979,-0.8702120325002658,-1.1350561816657625,-0.8688150755896876,-0.8702067625832752,0.8250375003724938,17256
0.8741304506943587,-0.3565098415904979,-0.16697337504955512,0.04883610393162705,0.2496963160467537,0.9753291602051491,0.8547271639977393,17259
0.10310168753222393,0.6601931595334521,0.44493633955570494,-0.14942202484031203,-0.8244911117716349,-1.1019923666914786,0.9934834015418288,17262
1.1265425155085649,-0.951242971618668,-1.921848636885631,-1.9830339011943576,-1.603242333605013,-0.32855986216469163,-1.2778587188319563,17263
0.8276564198554379,-0.3565098415904979,-0.21091248628298956,-0.025207922717449063,0.25255119622732664,0.9919985150884222,0.1987365420688429,17265
-2.038956243693276,0.06546002950528196,-0.7020807807519995,-1.3934932439647663,-1.2238368809047284,0.49553962220406433,0.6909535817020049,17266
0.7608124608036914,-0.3565098415904979,-0.6486666894846677,-0.7624096328758924,-0.7435871189288051,0.0774137897288553,-1.2778587188319563,17267
0.6409554380614055,0.39276528972337893,0.05031172065766754,-0.5142894070349683,0.34288130323117655,-1.9114890458877223,0.6686909187201814,17268
-0.05286513414107354,0.39276528972337893,0.8743969665199501,0.8734774531863336,1.1707663686219234,0.6296525833243007,0.8547271639977393,17272
-0.18540198526921478,-0.951242971618668,-1.5041154512218649,-1.2778475224490915,-0.7718121733680524,-0.29249568749523525,-1.2778587188319563,17274
1.1947109338838942,-0.3565098415904979,0.3154740520346073,0.8622202319120064,0.36371985577020566,0.5915121454230086,0.5253222995369005,17277
1.2358977276696723,-0.951242971618668,-0.8504771724081786,-0.17442355072537843,0.16046229614454793,-0.6867678491342508,-1.2778587188319563,17278
0.1830988212276959,-0.951242971618668,-1.0647036182901195,-0.5360648490170367,-1.2900838987664411,-1.1950730719486045,-1.2778587188319563,17279
0.7780933519752427,0.06546002950528196,0.6809304325924297,0.9337842977257886,1.5446238313514027,0.7350894284387285,0.7510781342259888,17282
0.20796529408005854,0.8863002017334407,0.6627704231691485,-0.027281937573144625,0.4239956215347347,1.6680587395138318,0.9439528495948398,17284
-0.5195948743219904,-0.951242971618668,-1.2357442362119164,-0.824803015171995,-0.31029949280696056,0.22678420562437498,-1.2778587188319563,17286
-0.3999912659211662,1.0821630306292318,0.3032007841597217,-0.8381563222982424,-0.7376307551535426,0.8292737560736217,1.0329622288755542,17287
-1.140882700900234,1.0821630306292318,0.5430521334515633,-0.4352450564748237,0.11347708871419446,1.085904488596606,1.0363630337467562,17288
-0.25030595595327615,0.06546002950528196,0.20812879143541255,0.13692525082954518,0.10977947304824517,0.8091944917842315,0.6989889311095184,17289
-1.6579185856692376,-0.3565098415904979,-0.26633026734380116,-0.11858464347185708,0.27513080557142594,0.8681129598094249,-0.26455565770754286,17290
1.418204472387306,-0.951242971618668,-0.20977024769646066,0.9071706619933133,-0.8456689825605147,-2.5238496442644585,-1.2778587188319563,17291
-1.219473754807221,1.4094682908473293,0.7568977246514165,-0.41237357912406997,-0.22738180765546523,0.8775617086856059,1.0397348129024189,17293
-0.3214002120141793,0.06546002950528196,-0.21527961803665077,-0.5758235964534831,-0.5097843581341145,0.3878561117744264,0.13783812499523687,17295
-0.702437870038218,-0.951242971618668,-1.3673759598839907,-1.0470139903350326,-0.9580490954918934,0.3198649108815007,-1.2778587188319563,17297
0.5914446076620198,-0.3565098415904979,-0.28928762498266536,-0.15726322021757677,0.2468341062556218,-0.1024556255368702,-0.022343998690729533,17298
-0.9451786088758904,0.39276528972337893,-0.0699096807083759,-0.7163825254343138,0.08354696623733106,0.3373595340158314,0.7320355214809848,17299
-0.5527525600703276,-0.951242971618668,-1.175936130223052,-0.7238393782637037,-0.13575159101930387,0.4809368170315517,-1.2778587188319563,17301
-0.7902951935033181,0.6601931595334521,0.3663601272398806,-0.28162554144157986,-0.3293568816801894,0.6044094489104112,0.963431471420636,17302
1.5362866060489067,-0.951242971618668,-0.8376715532430631,-0.15280604817458207,-0.08058973376917059,0.3878561117744264,-1.2778587188319563,17303
-1.0048844741552696,2.426171291971279,1.9827618838695884,0.6483932772673399,1.513392985088247,-0.804736104337389,1.0283817981296515,17306
0.5462231801517399,-0.951242971618668,-1.7128853195698184,-1.6302774286761688,-1.461935716770243,-0.9409204605414276,-1.2778587188319563,17309
0.4008421239442265,-0.3565098415904979,0.524413814557718,1.2146462041773067,1.3072064840690587,0.41998509241608295,0.8856605199262281,17311
0.8276564198554379,0.06546002950528196,-0.08497529747509106,-0.356591592414022,-0.24605282310676654,-0.9409204605414276,-0.07509660704497219,17312
-0.2732593087343148,-0.951242971618668,0.9385795321210735,2.845730131420432,2.449666944771389,-0.29249568749523525,-1.2778587188319563,17313
-0.42814272410688714,1.2549262895616227,1.0039491208976914,0.16113039378016258,0.4718497534839625,1.1006289894230767,0.9593375723366822,17314
-2.038956243693276,3.328520898307597,1.724299954994483,-0.6433241526897434,-0.4133308459555556,1.7592168115888107,1.0430780576188126,17315
0.013483028875857768,0.06546002950528196,1.0264592689579555,1.5165198229049972,1.0022461335272235,-1.1950730719486045,0.21711463367102732,17317
0.5840955323843802,0.06546002950528196,0.410690136563742,0.47822763605142055,0.3446328041433398,0.45098650481467234,0.9309038852239986,17320
-1.219473754807221,-0.3565098415904979,-0.0692431608523806,0.21355079877821043,0.17888965951286112,0.8869104689250991,0.33964373443430285,17321
-0.7902951935033181,1.0821630306292318,0.18389830146871064,-1.03832025989445,-0.3987464811895209,1.129361590077745,0.9453764825814174,17323
-0.662107772231435,0.39276528972337893,0.25421203079526394,-0.17126740757018452,0.34156586933073807,0.2069305701444127,1.0352326818275173,17324
1.3473515769843623,-0.951242971618668,-1.5892394267849412,-1.4215475446925796,-1.0458763895276026,-1.4170967027141252,-1.2778587188319563,17325
-0.8384360967831825,-0.3565098415904979,-0.2508164784913984,-0.09244576970830627,-0.8610461932702582,-0.13142378134518384,0.9767792858606247,17329
-0.48784858938626624,-0.3565098415904979,-0.5394872348113968,-0.5786406485625414,-1.0458763895276026,-1.5532810589181636,0.22599270900645435,17330
0.7431217081509497,-0.951242971618668,-1.1198959249350122,-0.6292364336390869,-2.470250796567878,-2.5238496442644585,-1.2778587188319563,17331
0.47279425831351085,-0.951242971618668,-0.29597244835894854,0.7616504595979464,0.9816821493961733,-0.16137409356206325,-1.2778587188319563,17333
1.4035780212704345,-0.3565098415904979,-0.6745899403191918,-0.8060320103257482,0.018653390451865363,-0.9409204605414276,-0.5091118798447538,17334
0.8889998820755748,0.39276528972337893,0.809108604418223,0.7634225072330295,0.7754556663080395,2.2021513082425064,0.7246510499143011,17337
-0.702437870038218,1.2549262895616227,1.7548213179076027,1.426429093772066,0.9978713858547449,2.132311534184399,1.0306786518452138,17338
0.5384123746786584,-0.3565098415904979,-0.8591734682348604,-1.1164981645534706,-0.7861972774880905,-1.1019923666914786,0.9353016047691758,17339
-0.2969414599191216,1.6768961606574022,2.268572856835322,1.864744252774765,1.3923375392458877,1.6680587395138318,1.0214100102631878,17340
0.9178780087132298,0.06546002950528196,-0.039368762493003216,-0.27983322418050677,-0.0527491697980477,1.2785749343045216,0.8345574243076903,17341
1.5238196009665996,-0.951242971618668,-1.0405429840321947,-0.4952786468064982,-1.1214870614728398,-0.5827124735718688,-1.2778587188319563,17343
0.013483028875857768,-0.951242971618668,-1.2036946497627194,-0.77069926525689,-0.9580490954918934,-0.07440725075751485,-1.2778587188319563,17344
-0.7902951935033181,0.39276528972337893,-0.256035929799105,-1.028980904426544,-0.6597257846120723,0.6296525833243007,0.7780243303934746,17345
-1.6579185856692376,2.098866031753182,1.0333375890456062,-0.6318461847568401,-0.40079391996753483,1.9027940946045314,1.058316332792444,17346
0.47279425831351085,-0.951242971618668,-0.907596825077938,-0.27084873886878935,0.3688691956469732,-2.5238496442644585,-1.2778587188319563,17347
-0.7902951935033181,0.6601931595334521,0.380934971677114,-0.25710686476453004,0.6554171138527957,1.4563998725063791,0.953812199383254,17348
1.0151181616408786,-0.951242971618668,-1.577505867848397,-1.4017398152130365,-0.4618669285212062,-1.1950730719486045,-1.2778587188319563,17349
-1.219473754807221,0.39276528972337893,0.4625123146261557,0.17943217097060246,0.241087546617811,0.5784237638341764,0.20803244687342232,17350
-0.16496440251850533,0.06546002950528196,-0.1589079199838984,-0.48099518670632163,-1.5541229307206528,-0.36615913643588405,0.8840040909743437,17351
0.772377422803206,-0.3565098415904979,0.7063056490729399,1.5215046147313858,1.504543923038389,-1.5532810589181636,0.009277491406272221,17353
0.0888931606621161,-0.951242971618668,0.5291229810062253,2.1545157571652456,2.079947825572846,-0.6867678491342508,-1.2778587188319563,17354
1.427798496696187,-0.951242971618668,-1.1063469671466581,-0.6063640816056709,0.07689124437112457,-0.48963176831474303,-1.2778587188319563,17356
-0.45739843875914415,-0.3565098415904979,-0.49593091692763286,-0.5053076588209022,-0.7861972774880905,0.16583248100890577,-1.2778587188319563,17357
1.406035766844578,-0.3565098415904979,-0.5462672445473111,-0.5900547478815555,-0.5403295593031474,0.41998509241608295,0.29063577711451954,17358
-1.0048844741552696,-0.951242971618668,-1.3693533553083277,-1.0503520835641351,0.04300322180309394,-0.804736104337389,-1.2778587188319563,17359
-0.702437870038218,0.06546002950528196,-0.18496230395497756,-0.5248267664841314,-0.3851921488579436,1.0479823750751505,0.7440442797014072,17360
0.059637446009859096,0.06546002950528196,-0.3057718043733162,-0.7279977129325559,-1.1956118264654807,-0.2245044866023096,0.8922176451669513,17361
1.22970744229283,-0.3565098415904979,-0.6612174632956924,-0.7835300245055408,-0.5345382210779279,-0.1024556255368702,0.4061459011556239,17362
-2.3414028478103273,1.6768961606574022,1.4569376702433883,0.4965243860671069,0.5074703587323316,1.8697921399802677,1.0143129740214183,17364
-0.8898996118236581,1.2549262895616227,1.5087367877116258,1.011531917568442,1.4898395757969611,1.8355093708372305,1.0021936885008718,17365
1.2265929279270458,-0.951242971618668,-1.1552841527361366,-0.6889762318397833,-0.04279526348110981,-0.02084845295372739,-1.2778587188319563,17367
-0.48784858938626624,1.2549262895616227,0.7674897995394163,-0.2367607378321569,0.11704749655337865,0.8775617086856059,0.9947395479936569,17368
0.35207148225049756,0.39276528972337893,-0.37737395263365897,-1.2325480011758516,-0.152026772056516,-0.07440725075751485,0.5294161986208543,17370
-0.702437870038218,0.06546002950528196,-0.42850712896768267,-0.9342787325751672,-1.238221985024767,0.7781930793856414,1.0295318942148675,17371
-0.07041712293760334,1.2549262895616227,0.4965071480798032,-0.6921940499675189,-0.5593619208418827,1.6125773085278983,1.0034224849076023,17372
-0.0883920916756731,0.39276528972337893,-0.08174487122852069,-0.7362704170528301,-0.4618669285212062,0.283800736212044,0.9382064540794413,17373
1.1648034716087685,-0.3565098415904979,-0.2935292774028097,-0.16440931831483221,-1.4228148571510875,-0.29249568749523525,0.3589186657548093,17374
1.0937092155478652,0.06546002950528196,-0.46407639384322946,-0.9940327424606619,-0.2610172102230957,0.5379533476192208,0.7344666536224932,17375
0.33163389949978844,-0.3565098415904979,-1.0023157623230057,-1.3570620721033007,-1.4100738030285696,-0.32855986216469163,0.8889526866970197,17376
-0.45739843875914415,2.497736332885561,1.3812313352075054,-0.43261940764326023,-0.4629498136003053,1.5039086086519053,1.0363630337467562,17377
-1.0048844741552696,-0.951242971618668,-0.48498023626022907,0.4425814411933633,1.5464118511433094,0.6420087231816032,-1.2778587188319563,17379
-1.140882700900234,3.020904421999449,2.663587342046061,1.227653182658871,1.936539593556546,0.14454350874121646,1.0518574795072897,17381
0.26672992881572677,-0.951242971618668,-1.897960714349854,-1.9427080708153681,-1.9965782224085158,-2.1656416572948998,-1.2778587188319563,17382
-1.6579185856692376,-0.951242971618668,-1.041567661844569,-0.49700843237462505,-0.0502523488187054,0.3198649108815007,-1.2778587188319563,17383
-0.6238468161312312,-0.3565098415904979,-0.6019559385900056,-0.6837959447455314,-1.3850203868630266,-0.8702067625832752,0.8152824929871839,17384
-0.7902951935033181,-0.951242971618668,-0.8186236236958521,-0.1206507372704482,0.2667169535485704,0.18662048949877436,-1.2778587188319563,17385
-1.219473754807221,0.8863002017334407,1.0524140344859847,0.6289113999738992,0.794906010767853,-0.32855986216469163,0.722158563878236,17386
-0.5874530077066066,-0.3565098415904979,0.03256772701326536,0.3851756357308683,0.5789557512128829,0.6420087231816032,-0.2352787307309386,17387
0.4008421239442265,0.39276528972337893,0.448867300707137,0.15645188934943427,0.6041982658609889,-0.804736104337389,0.8345574243076903,17388
-2.3414028478103273,3.247011464199437,3.023222285302951,1.6202180914738107,0.40864637390562386,0.24620146194085193,1.0143129740214183,17389
0.950214190956817,-0.3565098415904979,-0.27288712164951257,-0.12963186085269152,0.4858144049868057,-2.1656416572948998,-1.2778587188319563,17391
1.415786560685345,-0.3565098415904979,-0.44217747448240674,-0.41479218299894194,-0.1317196513576402,0.3713425543694715,0.2831106405200873,17392
1.1648034716087685,-0.951242971618668,-0.999704154761244,-0.42633754489232484,0.4904306852940468,-1.7143529650682148,-1.2778587188319563,17394
-0.10681093136222787,1.0821630306292318,1.8506165865492994,1.7675122597317743,0.6816680996847743,-0.32855986216469163,1.0166928470393448,17396
-0.5195948743219904,-0.3565098415904979,-0.040396205593206974,0.26217554353377853,-0.23716966772977968,0.8292737560736217,-1.2778587188319563,17397
0.6873835389654623,0.06546002950528196,-0.0738352552822461,-0.33784349668770297,-0.4475280800326194,-0.1024556255368702,0.6771871112552025,17398
0.7549620378174998,0.6601931595334521,0.8553337269792102,0.5416581432990284,0.3770589852884113,1.4316517668978843,0.8653097001348805,17400
-1.5219203589242727,1.794302194169694,1.0260024817654745,-0.3453846230512252,-1.0767600847333259,-0.04722204126276407,1.0529413148270375,17402
-0.16496440251850533,-0.951242971618668,-0.7947664861415944,-0.08037687582852736,-0.3684777412993455,-0.04722204126276407,-1.2778587188319563,17403
-1.6579185856692376,1.903003202857391,3.021922455868453,2.9110784114060873,3.102460750853006,1.0164272493406568,1.04418621466031,17404
-2.3414028478103273,0.06546002950528196,0.28968607473301117,0.27432398509325406,0.4950279293397705,0.7127224211397556,0.7016314675593354,17405
1.4762372339216803,0.06546002950528196,0.8875615708957866,1.282239730113131,0.5746925333931637,0.9322255092582371,0.11525725198714115,17406
0.9456796778623334,-0.951242971618668,-2.439846062363347,-2.8574789805135272,-4.083319632854972,-2.1656416572948998,-1.2778587188319563,17408
1.0395769137359367,-0.3565098415904979,0.058826342066510974,0.4294452597629704,-1.1921334145912181,-0.804736104337389,0.36514017585093383,17409
-0.7450737659930379,0.6601931595334521,0.41999085841861916,-0.19139717805464682,-0.25321066536075787,0.45098650481467234,0.8152824929871839,17410
-0.9451786088758904,0.06546002950528196,0.06610693726460966,-0.10226375410499394,-0.4618669285212062,0.12272883006199294,0.9034370769984014,17411
-1.8243669630413246,1.0821630306292318,0.44791803756054804,-0.5951252294569132,-0.4253617264481651,0.302016837212944,1.058316332792444,17412
-0.018953607897127814,-0.3565098415904979,0.06514548248477657,0.44009903635704084,2.12762518274944,-1.5532810589181636,0.679979050269439,17414
0.41949122296488883,-0.951242971618668,-0.27438985177435876,0.7980846085995946,-0.3390091506449616,-0.7437843797219198,-1.2778587188319563,17415
-0.2969414599191216,1.0821630306292318,1.803537874686541,1.6881045531289103,1.5312508531736397,1.4852105647016722,0.9065849639824395,17416
-0.05286513414107354,-0.3565098415904979,-0.34714641691994647,-0.2547337452279034,-0.07675210484611623,-0.13142378134518384,0.9510202603690175,17418
-1.0048844741552696,1.794302194169694,1.4136095978275625,0.3067601149569958,0.010417141160150164,1.3250830195164915,1.0430780576188126,17419
0.0744087228930169,0.06546002950528196,-0.14323037466329105,-0.4546183282500976,-0.6205677831794749,-0.16137409356206325,1.0058686705948,17420
-0.7450737659930379,0.8863002017334407,0.8090119906658779,0.21891006384109601,0.9831636514099162,0.8775617086856059,0.9482084497355389,17422
0.013483028875857768,-0.3565098415904979,-0.02077843207058578,0.29524495465684286,0.4361531040822187,-0.2245044866023096,0.7556987451010523,17423
-0.6238468161312312,-0.3565098415904979,0.045637347355093914,0.40720958117741574,0.3027270190982906,0.18662048949877436,0.1987365420688429,17425
-1.219473754807221,0.8863002017334407,1.553475774199099,1.4736001918800716,1.3359849413994302,1.4515054023778469,0.9410900999210926,17426
0.34192268478610366,-0.951242971618668,-1.557280811050017,-1.3675973648331257,-1.6651932763959008,-2.1656416572948998,-1.2778587188319563,17427
-2.3414028478103273,2.9711778844066976,2.5350682041605923,1.058171982691927,0.867371850066467,1.7522604795962515,1.0572471637332093,17428
0.7666173547449812,0.06546002950528196,-0.24806790309362722,-0.6309689069147564,0.3269927193130994,0.05385373755105001,0.5041911812796596,17429
-0.2280378812240346,-0.3565098415904979,-0.7892482587833177,-0.998916263214616,-0.5403295593031474,-0.7437843797219198,1.0166928470393448,17430
1.4301778451471832,-0.951242971618668,-0.4577410382596665,0.488564647836187,0.7036250891210568,0.16583248100890577,-1.2778587188319563,17431
-0.662107772231435,-0.3565098415904979,-0.5354336905063067,-0.5718164080076997,-0.44574862219068784,0.22678420562437498,-0.09437153836547865,17432
0.4897478314285932,-0.951242971618668,-0.6846440653178911,0.10552367941688623,0.19701737764317123,0.3878561117744264,-1.2778587188319563,17433
-2.038956243693276,1.0821630306292318,0.9538247908212603,0.2559068591425402,0.49437233972883043,0.9410161250555489,0.467838404378517,17434
-2.038956243693276,-0.3565098415904979,-0.9527429034252254,-1.2737722857218763,-1.3605176400597676,-1.2991284475109868,0.8635655130798013,17436
1.27492886980311,-0.951242971618668,-0.48757588078571795,0.4381996653942225,-0.45109553940094166,-0.5827124735718688,-1.2778587188319563,17438
0.9178780087132298,0.06546002950528196,-1.0706791285203237,-2.010462971027401,-0.702545793543983,-1.9114890458877223,0.5041911812796596,17440
-0.14507188746243174,0.8863002017334407,0.9106236219125472,0.39003767278111007,0.5281739684519405,0.9053163346348189,0.909707966224177,17442
1.1681863577104021,-0.951242971618668,-0.23406311423201942,0.8661612349966717,1.3105227882535888,-2.5238496442644585,-1.2778587188319563,17443
0.8938912117790716,-0.3565098415904979,0.9589380709564275,1.9477702121787912,2.13713113414977,1.1774991554907075,-0.056718515442787575,17444
1.0067837161975963,-0.3565098415904979,-1.4136216605619008,-2.046977478843313,-0.49481997101778535,-1.4170967027141252,0.6570707361101835,17446
-0.0883920916756731,-0.3565098415904979,-0.22327766055165948,-0.046043789938666806,0.3967731122181558,-0.02084845295372739,0.09130702673711896,17447
-2.038956243693276,1.0821630306292318,1.0002488834245145,0.33408471485678926,0.036100226984498086,1.4416343544503578,1.0452912719577836,17449
-1.219473754807221,3.6794211827676713,4.465721550498532,3.647423341994888,2.540539462254753,1.129361590077745,1.0474921563478996,17450
-2.3414028478103273,1.0821630306292318,0.6977422768064832,-0.1751086179303118,0.11532130766458713,0.7781930793856414,0.5607242751938752,17451
-0.662107772231435,-0.3565098415904979,-0.3081874510013955,-0.18910399645719395,-0.38350938612142094,-0.48963176831474303,0.24317183845542084,17453
1.0671340092552157,0.39276528972337893,-0.25935011853909434,-1.034543557207671,-1.0322530415706341,0.45098650481467234,0.7464028402964729,17454
1.1121280552344204,-0.951242971618668,-1.3459422748378365,-1.0108312228183767,-0.9412844171465856,-1.1950730719486045,-1.2778587188319563,17455
1.5444836677351161,-0.951242971618668,-0.8382434079303054,-0.1537714111141439,0.39927553773862884,-0.5827124735718688,-1.2778587188319563,17456
0.7608124608036914,0.6601931595334521,0.7052517077000489,0.2888309150008496,0.07153790826801756,-0.7437843797219198,0.8401611739554056,17457
-0.7902951935033181,-0.951242971618668,-0.6504224948073917,0.163294012757602,0.10327898756762396,0.3713425543694715,-1.2778587188319563,17458
-0.0357166753013247,-0.3565098415904979,-0.06907359018608873,0.213836621251474,0.6104205895561753,0.8292737560736217,-0.15857589712667391,17459
0.5384123746786584,0.8863002017334407,-0.1124639183662089,-1.329300344073455,-1.5070767052502043,-0.5349468086478807,0.9467950037688883,17460
-0.48784858938626624,0.06546002950528196,0.020764038229857833,-0.17860685419995745,0.5603629003566681,0.9753291602051491,-0.5091118798447538,17461
0.20796529408005854,-0.3565098415904979,-0.04710705568666696,0.25086342764627384,-0.343866805830731,-0.2578461642065392,0.8600538657243214,17462
-0.7450737659930379,0.6601931595334521,0.7662122228983169,0.39151254361071913,0.3750171713453528,1.3638613271917142,0.971494153842742,17463
0.9225841764182786,-0.951242971618668,-0.7200169906878119,0.045809713652818676,0.3892319553823654,-1.1019923666914786,-1.2778587188319563,17464
-1.0697884448393309,-0.3565098415904979,0.049936274119554654,0.4144572039727694,-0.013455935984303228,0.16583248100890577,0.39485776960636626,17466
-1.0697884448393309,-0.3565098415904979,-1.314719357936281,-1.8812961226513016,-1.0830408343107478,-1.5532810589181636,-0.6420378365931088,17468
-0.7450737659930379,0.6601931595334521,0.7641323168594242,0.38800887634815223,0.017949805637551563,0.5099049728398658,0.7929339385545909,17469
-0.0025589895529871606,0.6601931595334521,0.358918456481916,-0.29414376154450095,0.8562883077411183,0.5915121454230086,1.0058686705948,17470
1.0632590649207432,0.06546002950528196,-0.021770766426368247,-0.25021133790910804,-0.023150171863620228,1.24821285344886,0.5754945086044693,17472
0.41022495340677506,-0.951242971618668,-1.0375584400604954,-0.49024035962262397,0.1542515274278425,-0.7437843797219198,-1.2778587188319563,17475
0.4008421239442265,-0.951242971618668,-0.26817816946662426,0.8085707128949644,0.8661979738905359,-0.13142378134518384,-1.2778587188319563,17480
-1.6579185856692376,0.39276528972337893,0.4463524504686163,0.15221659996785325,0.596894720124035,0.6171211732355907,0.5041911812796596,17481
0.26672992881572677,0.06546002950528196,-0.43683867665263454,-0.9482763367641223,-0.9808015199194694,-0.5349468086478807,0.6068371016011076,17483
1.295129236744246,-0.951242971618668,-0.4705226086423106,0.46698774266765825,0.23241178220063982,-0.29249568749523525,-1.2778587188319563,17486
0.19563567275482363,-0.3565098415904979,-0.5121268279118796,-0.5325769210080635,0.358546620959264,-0.16137409356206325,0.712028323544415,17489
-2.3414028478103273,1.0821630306292318,0.8532341498367171,0.08655318822492977,0.04986373638462604,0.5379533476192208,0.7647809318986573,17490
-2.3414028478103273,1.5492685361090064,1.276557825040238,0.320682709063174,0.29066875885246346,0.6541944280815882,1.0551001055883238,17491
1.2571679091304642,-0.951242971618668,-0.5165089625686646,0.3893569689825484,0.0009291681357348864,-0.8702067625832752,-1.2778587188319563,17492
-1.219473754807221,-0.3565098415904979,-0.29066168935152076,-0.1595781751384564,-0.3341725699514149,-0.4054300282323229,0.09130702673711896,17495
1.532154046409882,-0.951242971618668,-0.7735928527245424,-0.04463310830734009,-0.7435871189288051,-1.0177906266090588,-1.2778587188319563,17496
0.38171479114733853,-0.951242971618668,-0.7701714414565574,-0.038857333949277366,1.0366395069481684,-0.5827124735718688,-1.2778587188319563,17498
1.3734355320652523,-0.951242971618668,-0.11188865265905863,1.0724071572469949,1.6934886473147115,0.14454350874121646,-1.2778587188319563,17499
-0.702437870038218,0.06546002950528196,0.36802077379785925,0.40631930867657895,-3.5138358509768426,-1.9114890458877223,-0.26455565770754286,17500
1.1715539711365526,-0.3565098415904979,-0.7237522688590169,-0.8887472396604937,-0.7297381197006924,-0.5349468086478807,-1.2778587188319563,17501
-1.140882700900234,0.39276528972337893,-0.031462210201521866,-0.6517661224096282,-0.5520032795947103,-0.2578461642065392,-0.09437153836547865,17502
-1.8243669630413246,-0.3565098415904979,-0.19806670698341425,-0.0035615948111089287,0.4996062934799718,0.05385373755105001,0.13783812499523687,17503
1.1193701034501191,1.4094682908473293,1.139613452453276,0.2314938346383244,0.19635121084636767,1.040198627819796,0.6034748878920203,17504
0.9411174305704181,-0.3565098415904979,0.37348970291617,0.9600694764631829,0.6490420851798467,0.302016837212944,0.22599270900645435,17505
0.38171479114733853,-0.951242971618668,-0.6871643857801367,0.10126906015022559,-0.11971059338832668,-0.7437843797219198,-1.2778587188319563,17506
1.2979708596357558,-0.3565098415904979,-0.13430875441307827,0.10388547078849761,0.163554753332153,0.7350894284387285,0.2514891504230854,17507
1.3500014025309162,-0.951242971618668,-0.4899130487014888,0.4342542307588985,0.6921516077346167,-0.36615913643588405,-1.2778587188319563,17508
0.1830988212276959,1.2549262895616227,1.7039242741586527,1.3406041060550813,1.1569173693938106,0.6897743881055913,-0.5700102969183597,17509
-0.42814272410688714,-0.951242971618668,-0.6708198907512775,0.128860632132966,0.358546620959264,-0.4465281173678302,-1.2778587188319563,17510
-1.8243669630413246,3.1155690328771315,3.861142880626259,3.1581058884723077,2.890364590090668,2.2688202706375438,1.059382616101722,17511
-0.3214002120141793,1.5492685361090064,1.1202220618428478,0.05750327171391634,0.6382008642388775,0.5099049728398658,0.9382064540794413,17512
0.34192268478610366,-0.951242971618668,-0.26603562026504357,0.8121876065596262,0.5487650833911784,-1.4170967027141252,-1.2778587188319563,17513
0.7666173547449812,-0.951242971618668,-0.98131625975664,-0.39529645566107124,-0.152026772056516,0.14454350874121646,-1.2778587188319563,17514
-0.2732593087343148,0.39276528972337893,-0.09152551099735269,-0.7527048091064613,-1.0322530415706341,0.3198649108815007,0.9579634571208487,17515
-0.7902951935033181,0.6601931595334521,0.05160357374733877,-0.810691534032517,-0.6918518976244833,1.0479823750751505,0.9353016047691758,17516
1.4206145717599752,-0.951242971618668,-1.2224091166864404,-0.8022916491349316,-0.4618669285212062,-0.9409204605414276,-1.2778587188319563,17517
-0.702437870038218,0.8863002017334407,0.7525710521669271,0.12387925944493869,0.3162731165173717,0.49553962220406433,1.0386140810124724,17519
0.1307317020707626,-0.951242971618668,-0.21555608847626812,0.8974034319825447,0.9516310010166474,-0.1024556255368702,-1.2778587188319563,17520
-0.2969414599191216,0.06546002950528196,0.0070015457603493135,-0.20177624357094404,0.12266782585648715,0.10036182276301958,0.7510781342259888,17521
-2.038956243693276,0.6601931595334521,0.31607195088349577,-0.36621107526353874,0.30762259706122586,0.46608857510276935,0.8475112971565278,17522
-1.0048844741552696,0.39276528972337893,-0.07461537773957298,-0.7242901552950195,0.3790970664799492,-0.2578461642065392,-0.4563592714905112,17523
1.5362866060489067,-0.951242971618668,-1.269791375790172,-0.8822788870677704,-0.5999603553642504,-1.4170967027141252,-1.2778587188319563,17524
1.5342231881164607,-0.951242971618668,-0.42037463988157703,0.5516438478215271,-0.702545793543983,-1.1019923666914786,-1.2778587188319563,17525
-1.5219203589242727,0.39276528972337893,0.4075523053980124,0.08687690544549762,-0.7646886341064578,-0.5827124735718688,1.0485880175949933,17526
0.1307317020707626,0.39276528972337893,0.2152396722363862,-0.23685346812525662,-0.26403434359720146,0.24620146194085193,0.7392844904820263,17527
-2.3414028478103273,1.2549262895616227,1.2920014589079087,0.6462721211617668,0.6052377345621957,1.4709226586943238,0.4061459011556239,17528
-2.3414028478103273,1.5492685361090064,0.9500255398424597,-0.22882817591953727,-0.02729588630351232,1.9202887177388621,1.0518574795072897,17530
1.0593638857982834,-0.951242971618668,-0.701759347858673,0.07663092076052529,-0.14385948203870827,-0.7437843797219198,-1.2778587188319563,17531
0.1307317020707626,-0.951242971618668,-0.9272520729234021,-0.3040292797670648,-0.45109553940094166,-1.1019923666914786,-1.2778587188319563,17534
1.3473515769843623,-0.951242971618668,-1.1703250014774007,-0.714367084233408,-0.14385948203870827,-0.804736104337389,-1.2778587188319563,17535
1.0067837161975963,-0.951242971618668,-1.7747194524692371,-1.7346612549046456,-3.4594431073144936,-1.9114890458877223,-1.2778587188319563,17536
-0.2969414599191216,-0.3565098415904979,0.17015661069538504,0.6171581268704175,0.9033893739573917,0.6780728978510595,0.939650908069832,17537
-0.3999912659211662,-0.951242971618668,-1.5761414509399456,-1.3994365071403465,-0.1602543378225628,-1.1019923666914786,-1.2778587188319563,17538
-0.42814272410688714,-0.3565098415904979,-0.1701702978394822,0.04344856633604915,-0.5173425572626533,-0.4465281173678302,0.96478673081582,17540
1.3203223478520192,-0.951242971618668,-1.1402896803856928,-0.6636636686513838,-0.1602543378225628,-0.29249568749523525,-1.2778587188319563,17542
-0.0357166753013247,0.06546002950528196,-0.08742532532816852,-0.3607147501811284,-0.3552843316821737,1.1151120940875108,-1.2778587188319563,17545
1.2140031757859513,-0.951242971618668,-1.5379382633843997,-1.3349447013336948,-1.0830408343107478,-1.5532810589181636,-1.2778587188319563,17548
-0.45739843875914415,-0.3565098415904979,-1.2489869347428,-1.7710979917371759,-0.42986003827261077,-1.5532810589181636,0.03855441838287629,17549
1.0862124177017818,0.06546002950528196,-0.7850750458129887,-1.5326126468096346,-1.8495014262371137,0.18662048949877436,0.23467564592039966,17550
1.532154046409882,-0.951242971618668,-0.7189764304528565,0.04756631075627491,-0.09607373408590039,0.12272883006199294,-1.2778587188319563,17551
0.20796529408005854,0.39276528972337893,0.20760681953431567,-0.2496975152614299,0.16509777101969497,0.2069305701444127,0.9909590624336839,17552
0.7780933519752427,-0.951242971618668,0.5814358227696861,2.2428264413796954,2.125501696200223,-2.1656416572948998,-1.2778587188319563,17553
-2.3414028478103273,0.6601931595334521,0.7981001577310486,0.4452311783499361,0.9132061489751339,0.46608857510276935,0.6936502319422302,17554
-0.5874530077066066,-0.3565098415904979,-0.31873514443605416,-0.20687315999659825,0.12905655452269313,0.949720132392567,0.9947395479936569,17555
1.1193701034501191,-0.951242971618668,-1.2022885458551225,-0.7683255842644109,-0.4727434060236277,-1.4170967027141252,-1.2778587188319563,17556
-0.8384360967831825,0.06546002950528196,-0.2233805338494852,-0.5894489843338219,-0.4618669285212062,-0.19237550596065342,0.3832375869963684,17557
0.5462231801517399,0.39276528972337893,0.14024817263490844,-0.36302653199902146,0.027410938245904508,-0.36615913643588405,0.8456865469088336,17560
-0.6238468161312312,-0.951242971618668,-1.166861991022729,-0.7085210851940772,-0.08058973376917059,0.22678420562437498,-1.2778587188319563,17561
-0.8384360967831825,1.0821630306292318,0.3570116505254513,-0.7478159485004416,-0.31300211255789745,0.302016837212944,0.7271279089759665,17562
-0.45739843875914415,0.06546002950528196,-0.3635349429039672,-0.8250974790890384,-1.2750183978591692,0.10036182276301958,0.31238756749669155,17564
-1.219473754807221,-0.3565098415904979,0.15393388177237505,0.5898032086267437,0.5244566255569162,1.0479823750751505,-0.1359950241185782,17566
-1.3073310782723213,1.2549262895616227,1.4331526633630998,0.8841327519604565,0.8362007354266999,1.0244223228973448,1.0540221847933684,17567
1.4740005752536045,-0.951242971618668,-0.5838732989793884,0.27563746074052775,0.029154222574982094,-0.13142378134518384,-1.2778587188319563,17569
0.0744087228930169,0.39276528972337893,0.5468589656092456,0.32150457022078,0.38290845515394506,1.7310566714100388,0.9018536771782983,17571
0.33163389949978844,0.39276528972337893,-0.9152958478619209,-2.1320144467729634,-2.051507070962791,-1.2991284475109868,0.979395571755513,17572
-0.3214002120141793,0.06546002950528196,-0.5038101400742353,-1.0607671366711462,-0.45467445130693906,-0.29249568749523525,0.3712652245313046,17573
1.242037063618065,-0.951242971618668,-1.0739613570494528,-0.551693081331619,-0.7718121733680524,-1.1950730719486045,-1.2778587188319563,17574
-1.219473754807221,2.426171291971279,1.2778914975028448,-0.5375436696491281,-0.44546791462247265,1.7274726924642467,1.0452912719577836,17576
1.1614051736721587,-0.951242971618668,-1.2782455037010583,-0.8965505227709624,-0.12770224123977408,-1.5532810589181636,-1.2778587188319563,17578
-1.5219203589242727,0.06546002950528196,-0.3725392538914872,-0.840230996768368,-0.6500735156473001,0.2652011103088699,0.7625298846329416,17579
1.271997922586503,0.06546002950528196,-0.9658006119800948,-1.835167563217208,-1.8370450943997028,0.18662048949877436,0.5644689262283344,17580
-2.3414028478103273,2.811005195293644,2.1779039964270694,0.6085824347986969,0.4699745131742281,1.6680587395138318,1.0604460291967368,17581
1.2203246128302816,-0.951242971618668,-1.119579255429181,-0.6287018555166393,-0.25500732989350533,-0.16137409356206325,-1.2778587188319563,17582
-1.3073310782723213,-0.3565098415904979,0.4378755217698316,1.0686698984090646,0.4337321908588257,-0.1024556255368702,0.616755389718751,17584
0.6477675868397659,0.39276528972337893,0.3529560733964283,-0.00504994527010735,1.087667231148712,1.4366571604490637,0.868775141007578,17585
0.5840955323843802,0.06546002950528196,0.43652776738262755,0.5217735035371253,0.4158163471247964,-0.48963176831474303,0.6541114883687211,17588
0.20796529408005854,0.39276528972337893,0.9635347032271154,1.0237547852532256,1.0741046538861274,1.4113416862522459,0.7758476982963317,17589
-2.038956243693276,0.06546002950528196,0.5702009533970602,0.7470964586583215,0.6315910469496918,1.3584246971207208,0.15919779849533364,17590
0.35207148225049756,1.0821630306292318,0.8945533943024809,0.15611099923550337,-0.08941138297520712,0.7569041071179524,0.9674833810560453,17591
-1.6579185856692376,0.6601931595334521,1.3543757755772705,1.3829125463575398,1.5370826745156123,1.5039086086519053,1.0363630337467562,17593
0.4641707506279294,-0.3565098415904979,0.2596031343184558,0.7679945985977423,0.6369897504844825,0.18662048949877436,0.7510781342259888,17594
-0.9451786088758904,-0.3565098415904979,-0.491187022270375,-0.4973200300187506,-0.3390091506449616,0.6044094489104112,-0.006216954354261173,17595
-0.48784858938626624,1.0821630306292318,1.08731847158756,0.48073802774603136,1.550233692737784,1.395796717474644,1.0318220903460842,17596
1.1476550127690195,-0.951242971618668,0.8347595302752691,2.670468855430024,2.253853756738972,0.41998509241608295,-1.2778587188319563,17597
-0.662107772231435,-0.951242971618668,-1.1835939500293011,-0.7367667453094219,-0.08058973376917059,-0.804736104337389,-1.2778587188319563,17600
1.22970744229283,-0.951242971618668,-1.4462628177119146,-1.1801849700690747,-0.45109553940094166,-1.1019923666914786,-1.2778587188319563,17601
-2.038956243693276,0.8863002017334407,1.5561865807525246,1.4781718464942262,1.6536405847135192,2.0029142761391134,1.0034224849076023,17602
0.4008421239442265,-0.951242971618668,-0.47484250863602107,0.45969520585791,-0.8155366049848971,-0.9409204605414276,-1.2778587188319563,17603
1.1579913228304088,-0.3565098415904979,-0.6685561133401642,-0.7958789860942936,-0.6694623539361633,0.45098650481467234,0.5211855316203662,17604
-0.2280378812240346,-0.3565098415904979,-1.0473303230662927,-1.43267141307346,-0.3341725699514149,0.40406665096392086,-1.2778587188319563,17608
-0.07041712293760334,0.6601931595334521,0.3397217941191203,-0.32643405934289926,-0.12449870426158884,1.540157779573428,0.9579634571208487,17609
-1.3073310782723213,2.098866031753182,1.3619087362327549,-0.07959134988511696,0.10327898756762396,2.243154007905534,1.0408523744008888,17611
0.11704461884783704,0.8863002017334407,0.8363482813163172,0.26494292222678495,0.7385834324723598,1.0709304081093147,0.8954558413812965,17612
-0.48784858938626624,2.0042014208754995,1.4714280386858134,0.1972433796017837,0.15336144346736494,1.5960637511229432,0.9524186962584894,17613
0.17034765419645906,-0.951242971618668,-0.4919482678922955,0.43081852370862583,0.4624418486968267,0.9143774355896803,-1.2778587188319563,17614
0.7780933519752427,0.06546002950528196,-0.6181881544460041,-1.2527696160921233,-1.3208397831263636,-0.804736104337389,0.5085087950342148,17615
0.9941047972275256,0.06546002950528196,-0.18082735689088789,-0.5178708296939686,-0.8056707874893924,-2.5238496442644585,0.8052804973310863,17616
-1.4069354965926615,0.06546002950528196,0.2074955354319354,0.13585852468505719,-0.41592448055217845,0.4356217766984145,1.04418621466031,17618
1.427798496696187,-0.951242971618668,-0.9598555914968178,-0.35906813707165774,-0.24605282310676654,0.6420087231816032,-1.2778587188319563,17619
0.20796529408005854,-0.951242971618668,-1.725454465256795,-1.6514957341283358,-1.0458763895276026,-1.7143529650682148,-1.2778587188319563,17620
-0.5527525600703276,0.06546002950528196,0.5215610488795678,0.6651013623741858,0.11193790567075068,-0.29249568749523525,1.017877428815222,17621
-0.2280378812240346,-0.951242971618668,-0.24484548192048908,0.847959236483075,0.5958474395385367,-0.02084845295372739,-1.2778587188319563,17623
-0.7902951935033181,-0.3565098415904979,0.12949240023902187,0.548590962190153,0.6450391002640132,0.3198649108815007,0.8231056739007375,17624
-0.662107772231435,0.39276528972337893,0.825361132775814,0.7908177527867406,0.7149816909063483,1.644706289169554,0.887310032661933,17625
0.4286437930933301,-0.951242971618668,-1.7824724540103378,-1.7477493007406208,-0.7435871189288051,-1.5532810589181636,-1.2778587188319563,17628
-1.4069354965926615,1.2549262895616227,0.7395449791265116,-0.28375702294447336,0.3034082474123545,0.9919985150884222,1.0419667833944715,17629
0.9768572055406751,-0.3565098415904979,-0.28106100177731247,-0.1434032506327035,-0.7435871189288051,-0.29249568749523525,0.3589186657548093,17630
-2.038956243693276,0.06546002950528196,-0.24291525020448496,-0.6223034253883729,-0.36516472221542795,0.12272883006199294,0.8722104472303812,17631
-0.2732593087343148,0.39276528972337893,0.4891211168088741,0.22424807298803615,0.04300322180309394,0.4809368170315517,0.49541175939118237,17633
-0.16496440251850533,1.4094682908473293,0.9486953987823582,-0.0898311646559092,-0.562483545742615,1.5876897585818852,0.9780895946116086,17634
-0.6238468161312312,-0.951242971618668,-0.7321655396408601,0.025301428610544886,0.17888965951286112,-0.4465281173678302,-1.2778587188319563,17636
-0.2732593087343148,-0.3565098415904979,-0.21519233149652625,-0.03241971848498964,-0.11177582607472476,0.02964812480486719,0.4725696911826578,17637
1.3366571270314798,-0.951242971618668,-1.499148988824976,-1.269463506639403,-1.2675613125215732,-1.2991284475109868,-1.2778587188319563,17639
0.48131920946767887,-0.951242971618668,-0.11344922572607387,1.069772712803355,0.5311389438732397,-1.5532810589181636,-1.2778587188319563,17640
0.718861842900669,-0.3565098415904979,-0.005111503860966759,0.32165531595689784,0.4718497534839625,0.004760574858854357,0.31937992218130024,17642
1.5606124065159652,-0.951242971618668,-1.551428614166789,-1.357718117338747,-0.8610461932702582,-1.1950730719486045,-1.2778587188319563,17643
-2.3414028478103273,1.6768961606574022,1.112184525542911,-0.0838359305945992,0.05668229036991024,0.9583392212310814,0.9189315227589347,17644
1.1648034716087685,0.06546002950528196,0.27170809530158424,0.24403422946705133,-0.4021609711520505,0.2652011103088699,0.6909535817020049,17646
0.26672992881572677,-0.951242971618668,-1.3378129903993865,-0.9971079639256656,-1.80049001290108,-1.2991284475109868,-1.2778587188319563,17647
0.22009442484988165,0.39276528972337893,0.7322112990970115,0.6338162350535826,-0.26630256432121374,0.7569041071179524,0.7929339385545909,17648
0.8223092635746644,-0.951242971618668,0.15276107553482277,1.5191693247401439,1.0506627119897882,0.3713425543694715,-1.2778587188319563,17649
-0.5527525600703276,-0.951242971618668,-1.162267919003574,-0.7007657113763732,-0.035387727249114306,-1.1950730719486045,-1.2778587188319563,17650
-0.9451786088758904,1.5492685361090064,1.3586584414904848,0.4589467594134773,0.7743849153680885,1.2904334962277955,0.741671553492332,17651
-0.42814272410688714,1.794302194169694,1.5261857669464396,0.49634286501948705,0.33275641929252847,1.085904488596606,0.912806474078564,17652
-0.14507188746243174,0.39276528972337893,0.4152814987126108,0.09989229486360973,0.9121021224706826,0.22678420562437498,0.4725696911826578,17653
1.3393451483436676,-0.951242971618668,-1.435838306044586,-1.1625870777177876,-1.461935716770243,-0.36615913643588405,-1.2778587188319563,17654
-1.0048844741552696,1.0821630306292318,1.0382025147898353,0.3980064448367757,0.032136382448494476,0.5784237638341764,1.0430780576188126,17655
0.35207148225049756,0.6601931595334521,0.6758226728525273,0.23926714265949212,0.6562114352980681,0.5915121454230086,0.31238756749669155,17656
-0.3999912659211662,-0.3565098415904979,-0.1477756894073494,0.0811893179740433,0.7628991205192576,-0.5827124735718688,0.786612880082922,17658
-0.702437870038218,1.794302194169694,1.140259396225366,-0.15326182772167768,-0.2188873606496527,1.1503139459959568,1.0419667833944715,17659
0.8382370952284046,-0.951242971618668,-1.1039927398698373,-0.6023898486142303,-0.27313504802381544,0.0774137897288553,-1.2778587188319563,17660
-0.3999912659211662,1.0821630306292318,0.7346059091930042,-0.11308927676181303,-0.3403948936466003,0.5379533476192208,0.9219587998423999,17663
-0.6238468161312312,-0.3565098415904979,-0.13554520524976246,0.1018016236764799,0.7410390063754583,0.16583248100890577,0.8032493477346694,17664
-1.6579185856692376,-0.3565098415904979,0.012432311179993646,0.3512304814415588,0.7262237703866882,-0.7437843797219198,0.3525976072831403,17666
0.27794705909668965,0.6601931595334521,0.8390899866189802,0.5142893527518411,0.3194998339690367,0.7989810878755099,0.8756161383759573,17667
-2.3414028478103273,-0.3565098415904979,-0.5755776408013248,-0.6393954890688107,-1.3247446210984977,-0.7437843797219198,0.14866230143978154,17668
-0.0357166753013247,1.0821630306292318,1.2417330137652032,0.7409038365915936,0.6317843086475455,0.24620146194085193,0.8288730424061476,17669
1.1947109338838942,-0.951242971618668,-0.9926142467874135,-0.41436888474922834,-0.3784762845645497,-0.9409204605414276,-1.2778587188319563,17670
-0.7450737659930379,0.39276528972337893,0.6257633652025725,0.45443878318896563,0.24396452912099448,0.14454350874121646,1.0363630337467562,17671
0.0744087228930169,-0.3565098415904979,1.1863845527348253,2.331588889394606,1.8857315644695254,0.9837031527462071,0.9189315227589347,17672
-2.038956243693276,0.8863002017334407,0.636961539875405,-0.07071669496613081,0.50264812374714,1.085904488596606,0.9997245696742453,17673
0.3620840501269106,-0.3565098415904979,-0.209423562355899,-0.022698980174511017,0.8596013268250359,-0.48963176831474303,0.9688248347261402,17674
-2.3414028478103273,3.1155690328771315,2.667457561543004,1.1445511633001022,0.6152805654468826,1.7056580137850237,1.0551001055883238,17675
-1.6579185856692376,0.8863002017334407,0.516510606007978,-0.2733677368087053,-0.008640247713078676,0.3198649108815007,1.0507706625185322,17676
-2.038956243693276,3.069000284184918,2.491808322802921,0.8925695448637767,0.8251100592536672,1.4465836648656025,1.056175093261845,17677
1.3036218344423172,-0.951242971618668,-0.6979921868152725,0.08299036440904596,0.3216458021028456,-0.6332090513304633,-1.2778587188319563,17678
0.11704461884783704,-0.3565098415904979,0.8141244544193234,1.7034186452354565,0.9501069678315532,-0.13142378134518384,0.10346360824317884,17679
-0.45739843875914415,-0.951242971618668,-1.0793185920232355,-0.5607367706072185,-0.5287768123827928,-0.9409204605414276,-1.2778587188319563,17680
-1.0697884448393309,0.8863002017334407,0.9868729017823819,0.5184838235727547,0.42806286464974136,0.302016837212944,1.0463932468041202,17682
-0.018953607897127814,-0.951242971618668,-0.8721662256154382,-0.2110374119519837,-0.07292764105672737,-0.6867678491342508,-1.2778587188319563,17684
-0.702437870038218,1.0821630306292318,1.1807624321396268,0.6381657821349496,0.6265544471348372,0.8292737560736217,1.0430780576188126,17685
-1.3073310782723213,1.0821630306292318,1.6575012051324745,1.4418114368946457,0.9176113540911458,1.5706998196078175,0.9701617487812266,17686
-0.2969414599191216,2.098866031753182,1.5027693502347856,0.15743146774741956,-0.3015163177090665,1.4852105647016722,1.0283817981296515,17690
1.5300791490861363,-0.3565098415904979,-0.7188122555456737,-0.8804364818876926,-0.9247681135603033,-0.5349468086478807,-0.3305516645566027,17691
0.7608124608036914,0.39276528972337893,0.009606346677101758,-0.5827297270176274,0.00805270739732945,-0.02084845295372739,0.8756161383759573,17692
0.8169234993330678,-0.951242971618668,-1.0130464280997238,-0.4488609874692936,0.44338445982359787,-0.6332090513304633,-1.2778587188319563,17693
0.8434716788641091,-0.951242971618668,-0.7389831186130359,0.01379249421846555,0.19100749731358085,-0.6867678491342508,-1.2778587188319563,17694
0.7893954637552344,-0.3565098415904979,0.05208227776782501,0.4180752016809955,1.0238660114951683,-0.1024556255368702,0.17946161074833644,17695
-0.12569611998983565,1.2549262895616227,0.9236823232315661,0.02602334744580965,0.38670685781069886,0.7239767083482843,1.009509781404251,17696
1.2203246128302816,-0.951242971618668,-0.5959530614589189,0.2552452959535541,-0.5638005336114014,-0.48963176831474303,-1.2778587188319563,17697
1.295129236744246,-0.951242971618668,-1.2172289169441108,-0.7935468176902712,-0.5638005336114014,-1.1950730719486045,-1.2778587188319563,17698
-0.702437870038218,0.39276528972337893,1.0060648407660675,1.095463884020015,0.7931517537555575,1.0709304081093147,0.926456659353367,17700
1.271997922586503,-0.951242971618668,-0.42936301816308625,0.5364703300147998,-0.3885653136137629,-0.29249568749523525,-1.2778587188319563,17701
-0.2969414599191216,0.39276528972337893,0.7440344538185036,0.6537422210995805,0.8670198169806693,0.46608857510276935,0.7647809318986573,17702
-0.18540198526921478,0.06546002950528196,0.08609400906805578,-0.06860828235661141,0.2648385536075029,0.283800736212044,0.5569437896339022,17703
0.9724822656860589,-0.3565098415904979,0.16792859513925112,0.6134011887137053,0.11301555689171496,-0.19237550596065342,0.41167127410905197,17704
-1.8243669630413246,1.4094682908473293,0.7436631157152415,-0.4346185379068694,-0.4090214857335816,0.5379533476192208,0.9741455579309978,17705
-1.6579185856692376,2.2716292906855724,2.1393325958791554,1.0616451564518112,0.43544161634265854,1.812979380492225,1.0507706625185322,17706
1.0395769137359367,-0.3565098415904979,-1.2303729987704703,-1.739881210150904,-0.8456689825605147,-1.9114890458877223,0.7068640967229638,17707
1.0515119700655031,-0.3565098415904979,-0.7965440355535394,-1.0111862484423937,-1.3605176400597676,-0.16137409356206325,0.6686909187201814,17708
0.9768572055406751,-0.951242971618668,-1.3121238243070594,-0.9537414069190718,-2.4065288762778327,-1.2991284475109868,-1.2778587188319563,17709
-1.0048844741552696,-0.3565098415904979,-0.4944634830965781,-0.5028368504644203,-0.25500732989350533,-0.36615913643588405,0.9482084497355389,17711
-0.0025589895529871606,-0.951242971618668,-0.25112077066850463,0.8373657564827671,0.36371985577020566,-0.13142378134518384,-1.2778587188319563,17712
1.4489442464336824,-0.951242971618668,-1.227260721393494,-0.8104817706572001,-0.5757239638606161,-1.0177906266090588,-1.2778587188319563,17714
1.1011314171533835,-0.951242971618668,-0.6259427270354889,0.20461895264755384,1.008052553430503,-2.5238496442644585,-1.2778587188319563,17715
-0.48784858938626624,1.6768961606574022,1.6458234103341316,0.8147526107299317,0.6541160930993948,1.4113416862522459,0.8970650400472426,17716
1.2076277087101308,-0.951242971618668,-1.3012571184370543,-0.9353970349027988,-0.6891943752664562,-1.4170967027141252,-1.2778587188319563,17718
-0.12569611998983565,2.098866031753182,1.6083192353251885,0.33512017658626897,0.06615874173390592,1.0323456907928181,0.8493276577182843,17719
-0.3999912659211662,0.39276528972337893,0.40757894914058596,0.08692177099566764,-0.08058973376917059,0.12272883006199294,1.0272283440948966,17720
0.5539530431791972,0.39276528972337893,0.9705085665587584,1.0355129376509866,1.0499657253454682,1.0323456907928181,0.9353016047691758,17722
0.7608124608036914,0.8863002017334407,1.2106454103283308,0.8955759472023035,-0.17689390196525065,-1.7143529650682148,0.4909477827848426,17723
0.33163389949978844,0.06546002950528196,0.29091298011713157,0.276391154872326,-0.4837270426650046,0.10036182276301958,0.3890904011009562,17724
-0.7450737659930379,1.6768961606574022,1.249268148725027,0.14684686969338165,0.2641547136220812,1.0633471031914083,0.9050141558443164,17725
-0.7902951935033181,-0.951242971618668,0.31165186985433463,1.7873970540839235,1.5850397502851525,0.5784237638341764,-1.2778587188319563,17727
-1.6579185856692376,0.06546002950528196,1.106763245063453,1.65198400126591,1.2784230184187049,1.3136835116947465,0.467838404378517,17728
-1.8243669630413246,1.903003202857391,1.5937756432652133,0.5027222764772094,0.6373004179244972,1.1503139459959568,1.0058686705948,17730
0.41022495340677506,0.39276528972337893,0.4364699555349239,0.1355736811309973,-0.2527619512869691,0.40406665096392086,0.5607242751938752,17731
1.5606124065159652,-0.951242971618668,-0.6825237246520596,0.10910308226817796,-0.5638005336114014,-0.5349468086478807,-1.2778587188319563,17732
-0.10681093136222787,-0.3565098415904979,-0.027900354497728742,0.28323949209815685,0.44578452555419007,-0.02084845295372739,0.8582862666848654,17733
0.1307317020707626,0.06546002950528196,-0.018251851451691403,-0.24428788712418745,-0.1065171837711549,0.14454350874121646,0.7758476982963317,17734
-2.038956243693276,2.426171291971279,2.3159697881517034,1.2099332940270675,1.1699099471694578,1.9598106251922005,1.0540221847933684,17735
-1.140882700900234,0.06546002950528196,-0.5104396815644582,-1.071900048182988,-0.7389516440536571,-0.29249568749523525,0.5607242751938752,17736
-1.140882700900234,-0.3565098415904979,-1.1520270364550007,-1.608439427446011,-1.1613066551175502,-1.1950730719486045,0.2676161947595539,17737
-0.6238468161312312,0.39276528972337893,0.7675661346357588,0.693402441348316,0.5628839192662034,0.8391448040011109,0.9234637834768021,17738
-0.9451786088758904,1.0821630306292318,1.0829506421202875,0.4733803463575168,-0.25500732989350533,-0.13142378134518384,1.0352326818275173,17739
0.6744106014236233,-0.3565098415904979,-0.5589273780809366,-0.6113672768279077,-1.3727016968680372,-0.804736104337389,0.8529355159098748,17742
-1.6579185856692376,0.8863002017334407,0.9363727419087642,0.43341057662444005,1.444851972819639,1.0244223228973448,1.0419667833944715,17744
1.2328090064575377,-0.951242971618668,-1.4865081238711961,-1.2481241300064463,-1.8370450943997028,-1.4170967027141252,-1.2778587188319563,17746
0.6744106014236233,-0.951242971618668,-1.8289902940173643,-1.8262772900586886,-2.769319563912303,-2.5238496442644585,-1.2778587188319563,17747
1.0109625792667192,-0.3565098415904979,-0.048486716038612536,0.24853782642159902,0.036100226984498086,-0.02084845295372739,0.44832541476442095,17749
-1.5219203589242727,1.4094682908473293,0.6850327169835161,-0.5331457615802966,1.08271342331507,0.9410161250555489,0.7246510499143011,17750
1.532154046409882,-0.951242971618668,-1.7332288877490027,-1.6646199412353304,0.23820312042585934,-2.5238496442644585,-1.2778587188319563,17752
-2.3414028478103273,0.6601931595334521,0.6710314683608598,0.23119830325650834,0.9461347034353097,0.7676127182136949,0.9189315227589347,17754
-2.3414028478103273,3.069000284184918,1.6363886649081592,-0.5469088840491734,-0.3727994378748596,1.8259239285369007,1.059382616101722,17757
-0.6238468161312312,1.2549262895616227,1.242079195286413,0.5621644345210658,0.5607233951379104,1.9346075011765653,0.8722104472303812,17758
-0.702437870038218,0.06546002950528196,0.10575760280672222,-0.035495448669247025,0.4481794353930975,0.7569041071179524,0.7094546484728891,17759
-0.5195948743219904,-0.3565098415904979,-0.7265376305396903,-0.8934330733174981,-0.2869269365169816,-0.2578461642065392,1.0386140810124724,17760
-0.2280378812240346,-0.951242971618668,-0.004564007574537892,1.2535847136745852,1.0478721470752133,-0.48963176831474303,-1.2778587188319563,17761
1.3008016983537334,-0.951242971618668,-3.0325490738192453,-3.858036524573291,-2.769319563912303,-2.5238496442644585,-1.2778587188319563,17763
0.0888931606621161,-0.3565098415904979,0.059548124961469946,0.43066214662152225,0.1385715206852373,0.6420087231816032,0.7295893357937872,17764
0.9272608381757783,0.06546002950528196,-0.5313790236243141,-1.1070600253857772,-1.2976936900971907,0.35451443417019673,0.5374788810429604,17765
-0.7902951935033181,-0.951242971618668,-0.7731533888407747,-0.04389123776552261,-0.21093716091886555,-0.4054300282323229,-1.2778587188319563,17767
-1.219473754807221,0.06546002950528196,0.8492556842259741,1.217635121875823,0.9787132259336963,0.7127224211397556,0.722158563878236,17768
-0.8898996118236581,1.5492685361090064,1.3611658857415991,0.4631700247566556,0.19701737764317123,1.5489923491804716,0.9871420498775906,17769
1.0937092155478652,0.6601931595334521,0.3717010844025396,-0.2726408442165573,-0.8305009921012262,-0.02084845295372739,0.4725696911826578,17770
0.17034765419645906,-0.3565098415904979,-0.8527718214306684,-1.1057352451744142,-0.09997857205803377,0.3373595340158314,0.929427032190964,17771
-1.0048844741552696,-0.3565098415904979,-1.1278538192711736,-1.5678681122358489,-1.8942284029766272,0.3373595340158314,-1.2778587188319563,17772
0.5616036241630114,0.39276528972337893,0.41934135882347245,0.10672892412624131,-0.21961292533603674,1.1222655712166019,0.8326717036568722,17774
1.2778483455726946,-0.951242971618668,-2.0140839315920616,-2.1387387283394137,-0.8456689825605147,-1.9114890458877223,-1.2778587188319563,17775
-0.42814272410688714,0.06546002950528196,-0.08095774470875404,-0.34983035852086064,0.08354696623733106,1.2420131817010367,0.43303094760914873,17777
-0.5527525600703276,0.06546002950528196,-0.07757213547798457,-0.34413255589501923,-0.17689390196525065,0.6662143359277856,0.6232318909334276,17779
0.9272608381757783,-0.3565098415904979,-1.063901821029473,-1.4605004860777704,-2.4065288762778327,-0.8702067625832752,0.5170049875692359,17781
0.34192268478610366,-0.3565098415904979,-0.7380015984196588,-0.9127183902782957,0.148005964307137,0.5915121454230086,0.7647809318986573,17783
0.11704461884783704,-0.951242971618668,-1.3445016587995116,-1.0083992809902107,-0.9247681135603033,-0.804736104337389,-1.2778587188319563,17785
0.4641707506279294,-0.3565098415904979,-0.7859972332622166,-0.9934485764358589,-0.5116691093882318,0.45098650481467234,0.8739169627403369,17786
0.8987506759163418,0.39276528972337893,0.7410457427806457,0.6487051932851335,0.40922944405556677,0.8869104689250991,0.8511357053879716,17787
0.3620840501269106,-0.3565098415904979,0.3502909495061525,0.920941669773854,-0.42986003827261077,-2.1656416572948998,0.31238756749669155,17788
1.3500014025309162,-0.951242971618668,-0.9182769207406695,-0.2888780892855807,-0.8155366049848971,-0.7437843797219198,-1.2778587188319563,17789
-0.37286372705465515,2.0042014208754995,0.8029218831269831,-0.926249734135436,-1.0524226802181362,1.1079002205808004,1.0237476367657676,17790
-0.2969414599191216,-0.951242971618668,-1.516817539271941,-1.2992902514013145,-1.3365418751151885,-1.0177906266090588,-1.2778587188319563,17791
-0.42814272410688714,-0.951242971618668,-0.6920702963826814,0.09298726341731997,0.4190952615510715,0.3198649108815007,-1.2778587188319563,17793
1.019250721279904,-0.3565098415904979,-0.5869051081650984,-0.6584626216626004,-0.017081402923456793,0.2069305701444127,0.4818655959872372,17795
-0.0883920916756731,0.39276528972337893,-0.03042313303169798,-0.6500196163661379,-1.3850203868630266,0.5379533476192208,1.0131176395958414,17796
-0.5195948743219904,0.06546002950528196,0.06762857379782701,-0.09970160330524873,0.07689124437112457,0.9583392212310814,0.7295893357937872,17797
-0.5195948743219904,1.5492685361090064,1.1507416402350534,0.1088691652665209,0.13730754084317331,1.8449919262607615,1.024911283339804,17799
-0.14507188746243174,1.4094682908473293,0.4010714812664302,-1.0098061189908716,-0.7130419177597722,0.3373595340158314,0.971494153842742,17800
0.43768542024440965,0.06546002950528196,0.46482181322544225,0.569461931671516,0.5340960546290152,0.9583392212310814,0.963431471420636,17802
0.3620840501269106,-0.951242971618668,-0.2674167498081432,0.8098560854487791,1.2515952862028457,-1.0177906266090588,-1.2778587188319563,17805
-1.0048844741552696,-0.951242971618668,-0.21667750391601803,0.8955103410810649,1.7182636691471114,0.2069305701444127,-1.2778587188319563,17806
-0.7450737659930379,1.794302194169694,1.6106601409798864,0.6386412271179415,0.11247686149525697,0.2652011103088699,1.0452912719577836,17809
-1.6579185856692376,3.4428742930952287,1.8974311251700136,-0.4597319717426617,-0.416457254804267,2.0614085593967033,1.0131176395958414,17811
-0.8898996118236581,0.39276528972337893,-0.019184160649713882,-0.6311282535544885,-0.6991929185316604,1.0479823750751505,1.0430780576188126,17812
-0.8384360967831825,0.6601931595334521,0.6868695346127708,0.2578715367227207,-0.03243843954680316,1.896884710708246,0.32625066451270673,17813
-0.14507188746243174,0.39276528972337893,-2.3522059047107455,-4.471891895653461,-3.2429921380716653,-0.6332090513304633,1.0119186774426234,17816
-1.6579185856692376,0.06546002950528196,-0.4891537429585356,-1.0361531129390176,-2.117217983932577,-0.04722204126276407,0.9382064540794413,17817
0.34192268478610366,1.0821630306292318,1.3086029392389598,0.8535983881521678,-0.055609543660423,0.05385373755105001,0.9754646166731504,17819
0.0888931606621161,-0.951242971618668,-0.6972195827695956,0.08429461762107932,1.0754683606020778,-0.804736104337389,-1.2778587188319563,17824
-1.5219203589242727,0.6601931595334521,0.8122101178879416,0.4690023262278601,0.5222202554964798,1.5039086086519053,1.0474921563478996,17827
-0.48784858938626624,0.39276528972337893,0.3867608551112914,0.051867216441674684,0.06176897646290396,0.3878561117744264,0.7344666536224932,17828
1.396155819664917,-0.951242971618668,0.17156387653574823,1.550910827697448,1.2927207317206055,-0.1024556255368702,-1.2778587188319563,17829
-2.038956243693276,0.06546002950528196,-0.466864021539717,-0.9987152210491997,-1.7767693286351736,-0.5349468086478807,0.9593375723366822,17830
-0.2280378812240346,-0.951242971618668,-2.37721667449862,-2.7517526634597793,-2.769319563912303,-2.1656416572948998,-1.2778587188319563,17831
0.0744087228930169,-0.951242971618668,-1.2150846437652674,-0.7899270137342448,0.3269927193130994,0.5099049728398658,-1.2778587188319563,17832
-1.8243669630413246,0.06546002950528196,-0.5882743541921408,-1.2025694075779785,-0.3325650280704556,0.24620146194085193,-0.07509660704497219,17835
0.02918729538273665,-0.951242971618668,-1.4895237029145634,-1.2532148083111476,-0.6373324615247817,-0.36615913643588405,-1.2778587188319563,17836
-0.05286513414107354,1.2549262895616227,0.6065976692833241,-0.5072509495998928,-0.9836785024226529,1.0164272493406568,0.616755389718751,17837
-0.37286372705465515,0.6601931595334521,1.0625486536246012,0.8908770306364495,0.9552802026424939,0.9053163346348189,1.0318220903460842,17838
-0.05286513414107354,-0.951242971618668,-0.6462899789350065,0.17027022150320137,0.5618041805849218,0.3373595340158314,-1.2778587188319563,17839
-2.038956243693276,5.114187814655374,3.215100127340773,0.20536101312313218,0.19100749731358085,3.213722593251829,1.0604460291967368,17841
1.406035766844578,-0.951242971618668,-1.02396361189108,-0.46729057259236695,-0.6247353771966503,0.02964812480486719,-1.2778587188319563,17843
0.6340805036168403,-0.951242971618668,-2.0843137736960777,-2.2572955721163543,-1.2026013797763975,-1.5532810589181636,-1.2778587188319563,17844
0.4286437930933301,1.4094682908473293,0.1822034288684239,-1.3764402138184502,-1.379528601859537,0.16583248100890577,0.9439528495948398,17848
1.1614051736721587,0.39276528972337893,-0.1340196490085209,-0.8240965645166461,-1.8557821758145352,-0.7437843797219198,0.6000838136265219,17849
1.5586152832160842,3.247011464199437,1.607605419354391,-0.7627048136587116,-1.2244676193098292,-0.4054300282323229,-1.0040255697181413,17850
-0.9451786088758904,-0.3565098415904979,-1.4577235305282759,-2.1208043084958517,-1.9340479966213375,-0.4054300282323229,-1.2778587188319563,17852
1.0395769137359367,-0.3565098415904979,-0.6636902238758041,-0.7876910518065049,-1.435703209959329,-0.6867678491342508,0.1987365420688429,17854
1.5606124065159652,-0.951242971618668,-0.9801002858930516,-0.393243738197051,0.2667169535485704,-0.5827124735718688,-1.2778587188319563,17855
-2.038956243693276,0.39276528972337893,0.5432768991287004,0.31547031809103626,0.3402488814619518,-0.8702067625832752,0.9482084497355389,17856
-1.6579185856692376,2.6311730437506724,2.8401301870249527,1.8967421206997108,1.6335449656697016,-0.5349468086478807,1.0496808474101464,17857
-1.4069354965926615,1.794302194169694,1.5696722850702722,0.5695925382007827,0.41170409568495153,0.949720132392567,1.0518574795072897,17858
1.410927096548075,-0.951242971618668,-1.286790240595956,-0.9109751178834367,-0.4618669285212062,-0.32855986216469163,-1.2778587188319563,17859
1.552591629160591,-0.951242971618668,-0.9163467188958117,-0.2856196647793737,-0.5638005336114014,0.3198649108815007,-1.2778587188319563,17860
-1.8243669630413246,1.2549262895616227,0.8553489211457378,-0.08896454444161891,0.5227797687334576,1.416463147543002,0.9972399216963374,17861
1.4558616849442962,-0.951242971618668,-0.6150592782138549,0.2229915888808768,-0.4837270426650046,-0.9409204605414276,-1.2778587188319563,17862
0.19563567275482363,0.8863002017334407,1.181814875031917,0.8469818540679882,1.1586052275531293,1.0244223228973448,0.989690818242538,17863
-0.8898996118236581,0.06546002950528196,-0.20394003009949577,-0.5567500585194928,0.46401535651101417,0.6296525833243007,0.9234637834768021,17864
-0.2732593087343148,2.497736332885561,2.140828499574501,0.8458191197703232,0.6875289469249205,1.5039086086519053,1.017877428815222,17865
0.8486697842687917,-0.951242971618668,-0.6180675857185225,0.2179131858519244,0.12905655452269313,-1.1019923666914786,-1.2778587188319563,17866
-0.2969414599191216,0.8863002017334407,0.38180916491234845,-0.49986166609733945,-0.6672913111832813,0.5240404679784646,0.917409140426984,17867
0.6340805036168403,0.6601931595334521,-0.41012923886356384,-1.5846801156635006,-2.1236067125987828,0.0774137897288553,0.920448060998455,17869
-2.038956243693276,1.794302194169694,0.7619658346195352,-0.7888874027148914,-0.3528278559884433,1.6084777670717536,1.0529413148270375,17870
1.115757868270254,-0.951242971618668,-1.2123869799040874,-0.7853730164110141,0.17888965951286112,-1.0177906266090588,-1.2778587188319563,17871
0.41949122296488883,0.6601931595334521,0.6968993938240435,0.2747636869948145,0.3205733343902398,-0.32855986216469163,0.9674833810560453,17873
1.0395769137359367,0.8863002017334407,-0.038004777470897436,-1.2045590514166402,-1.5784121289931796,0.0774137897288553,0.4061459011556239,17874
0.9768572055406751,-0.951242971618668,-0.8781579421642464,-0.221152186263745,-0.5060243879552169,-0.8702067625832752,-1.2778587188319563,17877
-0.018953607897127814,-0.951242971618668,-0.5062164139704013,0.4067320910057987,1.0562229733976656,-0.2245044866023096,-1.2778587188319563,17878
0.9941047972275256,-0.951242971618668,-1.1050135319655263,-0.6041130746018109,-1.3605176400597676,-1.4170967027141252,-1.2778587188319563,17879
1.5444836677351161,-0.951242971618668,-0.3549778124987643,0.6620419523203029,0.7843388216850264,-0.2245044866023096,-1.2778587188319563,17880
1.408485440990152,-0.951242971618668,-1.336090210357207,-0.9941996936205691,-1.7307904369956801,-1.1950730719486045,-1.2778587188319563,17881
-1.8243669630413246,0.39276528972337893,-0.06059278223760375,-0.7007254355613128,-0.5578863016968904,1.1907843622109124,0.8922176451669513,17883
-1.6579185856692376,0.39276528972337893,-0.024594833384365498,-0.640223087302721,0.30680815886505414,1.0002167101511623,1.056175093261845,17884
-0.9451786088758904,-0.951242971618668,-1.210154323710157,-0.7816040107623986,-0.3784762845645497,0.3373595340158314,-1.2778587188319563,17885
-0.25030595595327615,0.06546002950528196,0.15348512067108613,0.044884267165230446,0.010417141160150164,0.8775617086856059,0.8493276577182843,17886
0.772377422803206,-0.951242971618668,-1.4786638139003847,-1.2348819440085055,-1.80049001290108,-1.0177906266090588,-1.2778587188319563,17887
-0.5527525600703276,1.2549262895616227,-0.0009754980665079948,-1.5259535671060296,-0.267438407619955,0.49553962220406433,1.020235989410288,17888
1.1406836993454563,-0.3565098415904979,-1.0094928631929305,-1.3691186154950745,-1.5303516654742122,-0.4465281173678302,0.5791023667960601,17889
1.4535629925028948,-0.3565098415904979,-0.15926043824467828,0.06183429822936222,0.28901429883878266,0.8292737560736217,0.16945961509223864,17890
0.9411174305704181,-0.951242971618668,-0.9997430711554112,-0.4264032406809727,1.0338135736193426,0.004760574858854357,-1.2778587188319563,17891
0.15737471665462005,0.06546002950528196,-0.8567627569443222,-1.652693472528048,-1.5932437903398085,-0.19237550596065342,0.5414493438733692,17892
1.1848744163049514,-0.951242971618668,-1.5085971386670187,-1.2854131769112678,-0.04279526348110981,-0.6867678491342508,-1.2778587188319563,17893
0.34192268478610366,1.2549262895616227,0.3542817411987097,-0.9309214253703135,-1.2400332447266456,1.1433848940169402,0.9688248347261402,17894
-0.018953607897127814,-0.951242971618668,-1.6003212212351754,-1.440255013398813,-0.21961292533603674,-0.6867678491342508,-1.2778587188319563,17895
-0.48784858938626624,-0.951242971618668,-0.8179727100314886,-0.11955191279204594,0.6883007227267911,-2.1656416572948998,-1.2778587188319563,17896
0.9898301430825142,0.06546002950528196,-0.22286630004995864,-0.588584080522892,-0.8155366049848971,0.9410161250555489,0.81725285979615,17897
0.4641707506279294,-0.3565098415904979,-1.2321420306327622,-1.7428481963950608,-0.5403295593031474,-0.19237550596065342,0.6200069119935872,17898
0.9272608381757783,-0.951242971618668,-1.2192764576109743,-0.7970033249483784,0.10327898756762396,-0.13142378134518384,-1.2778587188319563,17899
1.0593638857982834,-0.3565098415904979,-1.47265472668468,-2.1457913738606376,-1.5882779464886838,-1.7143529650682148,-1.2778587188319563,17900
-0.3214002120141793,-0.951242971618668,-1.4855770372796022,-1.246552338239936,-2.0403026540253606,-0.48963176831474303,-1.2778587188319563,17901
-0.5527525600703276,-0.951242971618668,-1.0937684836417847,-0.5851300127374905,-1.0643037528959158,-0.02084845295372739,-1.2778587188319563,17904
0.33163389949978844,0.39276528972337893,0.08634319509177207,-0.4536961675148569,-0.46729190322285824,-0.02084845295372739,0.979395571755513,17905
1.2541661943878881,-0.951242971618668,-1.8126412445175557,-1.798678029553738,-1.9545041687411562,-0.8702067625832752,-1.2778587188319563,17906
1.562604197037004,-0.951242971618668,-0.8970236971527508,-0.2529999635034186,0.09674037585450283,0.35451443417019673,-1.2778587188319563,17908
-1.140882700900234,-0.951242971618668,-0.5344126613794238,0.35913326408238916,0.4042636002044418,0.12272883006199294,-1.2778587188319563,17911
1.4230169091244451,0.6601931595334521,-0.6667599602317555,-2.0131941569962994,-1.5793947911116966,0.02964812480486719,0.30526921768224496,17912
0.19563567275482363,-0.3565098415904979,-0.44726028091721187,-0.42335177381630706,-0.08058973376917059,0.41998509241608295,0.971494153842742,17913
-1.6579185856692376,-0.951242971618668,-0.6187671382833227,0.21673225276630045,1.2016158771768437,0.6541944280815882,-1.2778587188319563,17914
-0.0025589895529871606,0.06546002950528196,-0.6051997758947433,-1.2309743770093133,-1.0217710157819386,0.7127224211397556,0.9984841990281161,17917
0.4897478314285932,-0.951242971618668,0.4765144085787779,2.06570584223804,1.7618113913717892,-0.32855986216469163,-1.2778587188319563,17919
-1.6579185856692376,2.2716292906855724,1.3908517733295178,-0.19870220747344064,-0.07023589704978324,2.172273353583185,1.058316332792444,17920
0.25534153803420273,0.39276528972337893,0.10723460577355734,-0.41855888263238017,-0.4167903680530111,1.0556981411370956,0.8211643543860943,17921
1.3526418481444065,-0.951242971618668,-0.9857015383737825,-0.4026993598447499,-1.2454847475274144,-2.5238496442644585,-1.2778587188319563,17923
-0.9451786088758904,1.0821630306292318,1.1303776622630797,0.5532764781345888,0.07498228825181887,-0.2245044866023096,1.0496808474101464,17924
1.5606124065159652,-0.951242971618668,-0.8568278155521311,-0.18514423846358452,-0.8456689825605147,-2.5238496442644585,-1.2778587188319563,17925
0.7949829438656929,-0.3565098415904979,-0.46968144724555533,-0.46110805906304103,-0.013455935984303228,-0.5827124735718688,0.4061459011556239,17926
-0.0025589895529871606,-0.3565098415904979,-1.0790606205895177,-1.4859545029173198,-1.6651932763959008,-0.36615913643588405,0.81725285979615,17928
-1.0048844741552696,0.39276528972337893,0.12903911071163116,-0.38188229039252863,-1.9139604243069195,-1.7143529650682148,0.9728220802233335,17929
-0.16496440251850533,0.6601931595334521,0.7065254264400572,0.29097618171502915,0.8011985774344493,-0.2245044866023096,0.8231056739007375,17930
0.8005288809889273,-0.3565098415904979,-0.44782487870053017,-0.4243025643807454,-0.24160239763054658,0.5379533476192208,0.6200069119935872,17931
-0.3214002120141793,0.06546002950528196,0.49315779740652266,0.6172236791612439,0.5874335875156811,0.7886482262425164,0.7801890356795537,17932
0.10310168753222393,-0.3565098415904979,-0.01414902799026428,0.30642031404556147,0.48117893011165863,-0.4054300282323229,-0.4563592714905112,17934
0.8223092635746644,-0.3565098415904979,-1.2813975008990697,-1.8254410243018766,-1.4752871350477703,-0.19237550596065342,-0.7301924206043262,17935
-1.5219203589242727,-0.951242971618668,-0.5047926963671144,0.4091355061412815,0.5618041805849218,0.6044094489104112,-1.2778587188319563,17936
-1.140882700900234,1.0821630306292318,1.4275646967132198,1.0541192672445536,0.5336740901647515,-0.48963176831474303,1.0408523744008888,17937
0.931908361664679,-0.951242971618668,-1.5703884924191034,-1.3897247865358702,-1.4888003926376643,-0.8702067625832752,-1.2778587188319563,17939
0.059637446009859096,1.4094682908473293,0.875712514340539,-0.21259960969743882,2.112436203469264,-1.5532810589181636,0.909707966224177,17940
0.7837658135847301,-0.951242971618668,-0.6809828209627837,0.11170432231787396,0.5399868482628482,-2.1656416572948998,-1.2778587188319563,17941
-1.219473754807221,-0.951242971618668,-1.76449802132307,-1.7174061881229477,-1.5445535148718397,-2.1656416572948998,-1.2778587188319563,17942
1.2108222536652227,-0.3565098415904979,-1.2451656805199642,-1.7646898902437678,-1.5589386189918777,-0.5349468086478807,0.024187099567388393,17946
-0.14507188746243174,-0.951242971618668,-1.1132272647748294,-0.6179788930106836,0.09016318803794067,-1.1019923666914786,-1.2778587188319563,17947
0.8691073670195009,-0.951242971618668,-0.5512406768007244,0.33072544860667974,-0.08058973376917059,-2.5238496442644585,-1.2778587188319563,17948
-2.3414028478103273,3.6156375520276196,3.5019210227999387,2.0809182862197613,1.6634079409877907,-0.16137409356206325,1.059382616101722,17949
0.34192268478610366,0.06546002950528196,-0.31561060520150513,-0.7445388073398502,-0.26403434359720146,0.5379533476192208,0.9674833810560453,17950
-0.0883920916756731,0.06546002950528196,0.2718265631103366,0.24423382264768642,0.31267688726573833,-0.5349468086478807,1.017877428815222,17951
-1.5219203589242727,1.794302194169694,0.9335298787391301,-0.5007928746151427,0.19751674163865482,1.9789277457495436,1.0540221847933684,17954
1.0937092155478652,0.39276528972337893,-0.2004336945336654,-0.9356367920556325,-0.9044609928614274,-0.7437843797219198,-0.07509660704497219,17955
1.2601575929199522,-0.951242971618668,-3.1533738530412756,-4.062004012545052,-4.856060974358759,-2.5238496442644585,-1.2778587188319563,17956
0.27794705909668965,-0.951242971618668,-1.4831470162047775,-1.2424501557444099,0.6369897504844825,-0.1024556255368702,-1.2778587188319563,17957
0.7001347059966991,-0.951242971618668,-0.27341901469171304,0.7997235042156436,-0.6760009656492845,-1.2991284475109868,-1.2778587188319563,17958
0.9812066353969326,-0.951242971618668,-1.8032035579873935,-1.7827460226738847,-1.461935716770243,-0.2245044866023096,-1.2778587188319563,17960
-0.5527525600703276,3.4428742930952287,0.4718579281350948,-2.8340050022182335,-2.583420981730749,1.5960637511229432,1.0374901606918017,17961
0.8434716788641091,-0.951242971618668,-1.5447705427494496,-1.346478451845663,-0.21961292533603674,-0.02084845295372739,-1.2778587188319563,17962
-0.25030595595327615,-0.3565098415904979,-0.3475756655918153,-0.25545681398817516,-0.05775965059743895,0.7886482262425164,1.0260715124446789,17964
-0.12569611998983565,2.0042014208754995,1.0261067381332825,-0.5516467276429946,-0.3842302591509211,1.8259239285369007,1.0155047026061468,17965
-0.12569611998983565,0.6601931595334521,0.33983057527400445,-0.3262510887519372,1.332815762081054,0.3878561117744264,0.8600538657243214,17966
1.5586152832160842,-0.951242971618668,-1.472161873314223,-1.2239058470783877,-0.8305009921012262,0.16583248100890577,-1.2778587188319563,17967
1.562604197037004,-0.951242971618668,-0.7912232328364972,-0.07439541672269082,-0.028029086001941865,0.6780728978510595,-1.2778587188319563,17968
0.9592013491526777,-0.3565098415904979,-0.9102360736716384,-1.2023355250899685,-0.7861972774880905,-0.7437843797219198,0.8052804973310863,17969
1.13717345707023,-0.951242971618668,-0.19263218802709256,0.9361018713195689,1.3302160793609699,-0.19237550596065342,-1.2778587188319563,17970
1.2389737118509432,-0.951242971618668,-1.3252453643167244,-0.9758922237575129,-1.603242333605013,-0.1024556255368702,-1.2778587188319563,17972
0.10310168753222393,-0.951242971618668,-0.6004450804636589,0.24766220051387985,0.141725214729715,-0.6867678491342508,-1.2778587188319563,17973
-0.42814272410688714,0.06546002950528196,-0.014443003181261066,-0.23787630283853903,0.08133280443447248,1.2543693215583391,0.8052804973310863,17974
-0.7902951935033181,1.903003202857391,1.460018103260177,0.2774779701248082,-0.28018649532332696,1.4946090533247598,1.0386140810124724,17975
1.5586152832160842,-0.951242971618668,-0.6372484483134263,0.18553346717331823,-0.5638005336114014,0.4356217766984145,-1.2778587188319563,17976
-0.3214002120141793,-0.951242971618668,-0.7250196428208877,0.0373646049975406,0.8792753097816125,-0.48963176831474303,-1.2778587188319563,17977
1.5444836677351161,-0.951242971618668,-0.6905372547300923,0.09557523135608247,1.299429859900807,-0.8702067625832752,-1.2778587188319563,17978
-0.16496440251850533,0.39276528972337893,0.013361156591095383,-0.5764171366165707,-0.54323654948035,1.0633471031914083,0.861813591245302,17979
0.9592013491526777,0.06546002950528196,0.0986649759551189,-0.04743942664972208,0.4256242998394213,-0.32855986216469163,0.8032493477346694,17980
0.858958569555107,-0.951242971618668,-1.2289190906007978,-0.8132813073376841,-0.5060243879552169,0.302016837212944,-1.2778587188319563,17984
-0.5195948743219904,-0.951242971618668,-0.1011375950744266,1.0905563003507244,0.10977947304824517,-0.4465281173678302,-1.2778587188319563,17985
0.15737471665462005,-0.951242971618668,-2.78593939670037,-3.4417282418241766,-2.9555564860361434,-2.5238496442644585,-1.2778587188319563,17986
1.0395769137359367,-0.951242971618668,-1.0206008200839058,-0.4616137552880216,0.5789557512128829,-0.804736104337389,-1.2778587188319563,17987
-0.9451786088758904,1.0821630306292318,-1.0104783768156003,-3.024109788389818,-3.436920521069626,0.0774137897288553,0.9947395479936569,17988
1.2234653547626348,0.06546002950528196,-0.10178085753279455,-0.3848729167972553,-0.12770224123977408,-0.19237550596065342,0.6296039278845866,17990
1.1848744163049514,-0.3565098415904979,-1.617871693970291,-2.38858345936695,-2.7272455102449435,-1.7143529650682148,-1.2778587188319563,17991
0.7310903972103813,0.39276528972337893,-0.048050155010231986,-0.6796461985855133,-0.24828471594687113,0.5379533476192208,0.7510781342259888,17994
1.3526418481444065,-0.951242971618668,-1.7788450022129536,-1.7416257039452028,-0.16854307564279833,-2.1656416572948998,-1.2778587188319563,17995
0.3620840501269106,1.2549262895616227,0.8021751030682762,-0.1784201472878357,0.6732516228196368,1.1907843622109124,0.4998258581202694,17997
-0.14507188746243174,-0.3565098415904979,-0.5042490049429942,-0.519313110774731,-0.38350938612142094,0.819291168521149,1.0131176395958414,17999
-0.9451786088758904,-0.3565098415904979,-0.4347476130412767,-0.4022798473418552,0.17278098613953685,0.4356217766984145,0.4277983184455203,18001
1.5383443317867234,-0.951242971618668,-1.2021882046922003,-0.7681561957079147,-0.8007704275057291,-0.04722204126276407,-1.2778587188319563,18004
-1.6579185856692376,-0.3565098415904979,-0.9162766177167504,-1.21248826174258,-1.4100738030285696,0.3713425543694715,0.21711463367102732,18005
-0.48784858938626624,-0.951242971618668,-0.38005274256379923,0.6197123033082049,0.3892319553823654,-0.4054300282323229,-1.2778587188319563,18006
0.3212012104594013,1.4094682908473293,0.8622738229418487,-0.23520113192850495,0.1396237436055188,-0.29249568749523525,0.9018536771782983,18008
1.2171705907657024,-0.951242971618668,-0.8461322412535054,-0.16708875815439117,-0.23716966772977968,-0.07440725075751485,-1.2778587188319563,18009
1.2836532395139844,-0.951242971618668,-1.1217078818716553,-0.6322952458054302,-1.0458763895276026,-0.7437843797219198,-1.2778587188319563,18010
1.5606124065159652,-0.951242971618668,-1.5418462241291218,-1.3415418326616029,-0.8610461932702582,-0.16137409356206325,-1.2778587188319563,18011
0.9083756495481708,-0.3565098415904979,-1.0669868229839705,-1.4656808992381765,-0.09218252559339854,-0.07440725075751485,-1.2778587188319563,18013
-0.3466882305725439,-0.951242971618668,-1.2207128713481314,-0.7994281727614063,-0.9580490954918934,-0.16137409356206325,-1.2778587188319563,18014
-1.6579185856692376,-0.951242971618668,-1.4193321103387821,-1.1347225345689327,0.015131017533362346,0.2652011103088699,-1.2778587188319563,18015
-0.25030595595327615,0.6601931595334521,0.5760943285356207,0.07134010472805309,0.3130370326739029,0.8489067773437937,1.0155047026061468,18016
0.4286437930933301,0.06546002950528196,-0.25098382481631915,-0.6358726686131043,-0.4837270426650046,-2.5238496442644585,0.8704965281592473,18017
0.6409554380614055,-0.3565098415904979,-1.4055526782094498,-2.033466296722989,-1.8942284029766272,-0.13142378134518384,0.5085087950342148,18018
0.10310168753222393,-0.951242971618668,-2.3130648741805593,-2.643456321898121,-3.3105782913511854,-1.5532810589181636,-1.2778587188319563,18019
-0.16496440251850533,-0.951242971618668,-0.1249790708559082,1.0503088779593932,1.680891562986579,1.2420131817010367,-1.2778587188319563,18022
0.8987506759163418,-0.3565098415904979,-0.48485781618951634,-0.48666291069109335,-0.5757239638606161,-0.4054300282323229,-1.2778587188319563,18024
0.5766733307788626,-0.951242971618668,-1.4510466696809883,-1.1882607164121959,-0.7576103239704249,-0.4054300282323229,-1.2778587188319563,18027
-1.6579185856692376,-0.3565098415904979,-0.9017590979140312,-1.188087155669951,-1.6812342740268784,-1.1950730719486045,0.16945961509223864,18030
1.4784672060067832,-0.951242971618668,-1.80619435729466,-1.7877948696542696,-1.435703209959329,-1.5532810589181636,-1.2778587188319563,18032
0.26672992881572677,-0.951242971618668,-1.6139100372146389,-1.4631946510930676,0.5399868482628482,-0.04722204126276407,-1.2778587188319563,18033
-0.5195948743219904,-0.3565098415904979,-0.42797503904349943,-0.3908741798474327,0.6550197407952019,0.9322255092582371,-1.2778587188319563,18034
-0.16496440251850533,0.06546002950528196,-0.003325149664732204,-0.21916068807763095,0.25350120063187687,0.22678420562437498,-0.4563592714905112,18035
-0.25030595595327615,0.06546002950528196,-0.45809606888726667,-0.9839871016528849,-0.7670580932370591,0.7127224211397556,0.8420115648149052,18036
0.9035786869909719,0.8863002017334407,-1.8443333944873659,-4.172099195305391,-3.9940856129527664,-0.48963176831474303,0.8307769387477173,18037
-0.6238468161312312,-0.3565098415904979,-0.5542619537227114,-0.6035134413667319,-0.8155366049848971,-0.5349468086478807,0.8653097001348805,18040
-0.9451786088758904,2.5659715372329566,1.3888641990416348,-0.4851326244734761,0.16016732852772542,1.8605734518255959,1.0496808474101464,18041
0.1307317020707626,-0.951242971618668,-1.1671980132429927,-0.7090883331428107,-1.6975094550640906,-1.2991284475109868,-1.2778587188319563,18042
-0.42814272410688714,0.06546002950528196,-0.24147063706015323,-0.6198739072263078,-0.6205677831794749,0.9919985150884222,1.0283817981296515,18043
-1.6579185856692376,1.5492685361090064,0.8518160922983538,-0.39394900675105426,-0.44788431269303297,0.8292737560736217,1.04418621466031,18044
-0.0025589895529871606,-0.951242971618668,-1.1058133254206102,-0.6054632269710526,-0.12770224123977408,0.2069305701444127,-1.2778587188319563,18045
1.108480492431023,-0.3565098415904979,-1.1331728843933673,-1.5767960174375428,-0.9836785024226529,-1.4170967027141252,-1.2778587188319563,18048
1.532154046409882,-0.951242971618668,-1.7966207314087597,-1.7716333799722552,-1.4888003926376643,-1.5532810589181636,-1.2778587188319563,18050
0.33163389949978844,-0.951242971618668,-0.6929173760389135,0.09155728596810701,0.7410390063754583,-0.4465281173678302,-1.2778587188319563,18053
-1.3073310782723213,1.5492685361090064,1.7881161380807797,1.1826494623954427,0.5096129956007225,1.644706289169554,1.0507706625185322,18055
1.368291200593255,-0.951242971618668,-0.5400336406370123,0.34964434114378484,0.34288130323117655,-0.48963176831474303,-1.2778587188319563,18056
-1.0697884448393309,-0.951242971618668,-1.1430331657459818,-0.6682950184525461,-0.6247353771966503,-1.9114890458877223,-1.2778587188319563,18058
-0.48784858938626624,0.06546002950528196,-0.6760407303374308,-1.34982311014005,-0.6500735156473001,-0.5827124735718688,0.22599270900645435,18059
-0.5195948743219904,1.5492685361090064,0.863485442715733,-0.37433353875962455,-0.5345382210779279,-0.5349468086478807,1.0306786518452138,18061
0.9898301430825142,0.06546002950528196,0.004034693330089215,-0.2067708462578953,-0.17689390196525065,-0.32855986216469163,0.7392844904820263,18062
0.7949829438656929,-0.3565098415904979,0.1011633832445077,0.5008255822279281,0.23820312042585934,-1.2991284475109868,0.5531267770778089,18064
-1.4069354965926615,2.0042014208754995,0.9601813094849967,-0.6623601234244882,-0.8251334800413683,1.0244223228973448,1.0463932468041202,18065
0.3719639973065715,-0.951242971618668,-0.646664778303634,0.16963751283032327,-0.3987464811895209,-1.0177906266090588,-1.2778587188319563,18066
-0.0883920916756731,-0.951242971618668,-0.4716054075583306,0.46515984133565336,0.22073806190907697,0.05385373755105001,-1.2778587188319563,18067
1.3708678011065525,-0.951242971618668,-1.5502633120704883,-1.3557509402179515,-3.4594431073144936,-2.5238496442644585,-1.2778587188319563,18068
-0.3999912659211662,0.6601931595334521,0.8209473199169274,0.48372237557955716,0.5712701819678881,2.000281041407156,0.9780895946116086,18069
1.2865388334681638,-0.3565098415904979,-0.36530661460703523,-0.2853238351762771,-0.19378559029090436,-0.32855986216469163,0.5754945086044693,18071
1.0435765217469621,-0.951242971618668,-0.8459717717344263,-0.16681786533825405,0.6883007227267911,-0.5349468086478807,-1.2778587188319563,18072
0.6809252725881031,1.794302194169694,1.34125997136125,0.18495656105506958,0.5682669818800555,-0.32855986216469163,0.467838404378517,18073
1.562604197037004,-0.951242971618668,-0.3034934501129868,0.7489540587050186,0.22659020186326767,-0.804736104337389,-1.2778587188319563,18074
-0.48784858938626624,1.5492685361090064,1.0299485678421565,-0.09439508940977413,-0.06228841823877588,0.9143774355896803,1.0225805525306857,18075
-1.219473754807221,1.6768961606574022,1.021562019995835,-0.23626088246305035,0.08475283990955741,0.949720132392567,1.0463932468041202,18077
1.1579913228304088,-0.3565098415904979,-0.6025941916044386,-0.6848702112177879,-0.838059191229765,-0.19237550596065342,0.1987365420688429,18078
-0.0025589895529871606,0.39276528972337893,1.2886225076330982,1.5719822129699152,2.7505921378549556,0.9322255092582371,0.8032493477346694,18079
-0.6238468161312312,-0.3565098415904979,0.43091981430299886,1.0569372636454533,0.8088415684882854,-2.1656416572948998,0.8600538657243214,18080
-0.16496440251850533,0.06546002950528196,-0.5854687689623144,-1.1978606144551416,-0.9580490954918934,-0.7437843797219198,0.533468108256264,18081
-0.3999912659211662,-0.951242971618668,-0.041062415790083066,1.1919707907141925,1.519285692900753,0.5240404679784646,-1.2778587188319563,18082
-0.7450737659930379,-0.951242971618668,-1.6424997969250577,-1.511457776483386,0.7772379690078435,-2.5238496442644585,-1.2778587188319563,18084
1.469507036923992,-0.3565098415904979,-0.030480824026980057,0.2788896189283831,-0.17271066965997373,-0.2578461642065392,0.21711463367102732,18085
1.331251848980856,-0.951242971618668,-1.5530629038588777,-1.36047700475621,-0.4193920730874314,-1.2991284475109868,-1.2778587188319563,18086
1.37599445432411,-0.951242971618668,1.1925672327331325,3.274493449699434,3.591428013474965,-2.5238496442644585,-1.2778587188319563,18087
0.22009442484988165,-0.951242971618668,-1.1625065412282605,-0.7011685358305697,-0.4090214857335816,0.02964812480486719,-1.2778587188319563,18088
-2.038956243693276,1.6768961606574022,2.022129448059123,1.4491108732078677,1.0153990716224028,-0.16137409356206325,1.0518574795072897,18092
0.530518913644861,0.39276528972337893,0.8586240933654812,0.8468883281115055,0.8986081081528384,-0.07440725075751485,0.8345574243076903,18093
0.43768542024440965,1.0821630306292318,1.1449856762900925,0.5778872767450273,0.9354134106241291,0.12272883006199294,0.8364341866318548,18094
1.4301778451471832,-0.3565098415904979,-0.16859081532056222,0.046110346798570165,0.33496531658992956,-0.4465281173678302,-0.07509660704497219,18095
-0.9451786088758904,0.06546002950528196,0.13474306512240436,0.013318710718705004,0.5860250843576623,1.3363373067250204,0.29063577711451954,18096
-1.219473754807221,0.8863002017334407,1.045256129392934,0.6168504927049204,0.6450391002640132,0.5651385571139715,1.0329622288755542,18097
0.7608124608036914,-0.951242971618668,-1.1516973465987212,-0.6829212500520995,-0.04279526348110981,-0.48963176831474303,-1.2778587188319563,18099
-1.0048844741552696,-0.3565098415904979,-0.9306707411980825,-1.236680042838243,-1.397476718700437,0.0774137897288553,0.6541114883687211,18101
-2.3414028478103273,4.061852477235433,4.696521252539808,3.6794329254641793,2.147321225429902,1.296303614824912,1.0551001055883238,18102
-0.14507188746243174,-0.951242971618668,0.04087210400207354,1.330286608775556,0.9424553928307224,0.10036182276301958,-1.2778587188319563,18104
-0.12569611998983565,-0.951242971618668,-1.4636903516063617,-1.2096048484489972,-1.3365418751151885,-0.5349468086478807,-1.2778587188319563,18105
1.469507036923992,-0.951242971618668,-0.42188139338264347,0.5491002576028318,-0.2283567356592486,-0.02084845295372739,-1.2778587188319563,18106
1.27492886980311,-0.951242971618668,-0.7737393945334187,-0.044880489389530244,-0.6760009656492845,-0.5827124735718688,-1.2778587188319563,18108
-2.038956243693276,2.8663624207137426,1.922703539310861,0.12625550330119473,0.0545887120996543,1.0932974154082877,1.0572471637332093,18109
-0.5874530077066066,-0.951242971618668,-1.019682523850683,-0.46006355526191467,-0.8456689825605147,-0.02084845295372739,-1.2778587188319563,18110
-0.9451786088758904,-0.3565098415904979,-0.5643637781695015,-0.6205188203569836,-0.2152666036466048,-0.2245044866023096,0.7145853404081729,18112
1.552591629160591,-0.951242971618668,-1.776573308460348,-1.737790797966946,-0.8456689825605147,-2.5238496442644585,-1.2778587188319563,18113
1.3734355320652523,-0.951242971618668,-0.9389214318435778,-0.3237286315102635,-1.141219082803132,-0.16137409356206325,-1.2778587188319563,18114
0.29988761456406465,1.2549262895616227,0.5328032185411293,-0.63123343267247,-0.4578154518588625,1.6680587395138318,0.971494153842742,18116
-0.3999912659211662,-0.951242971618668,-0.655713231521103,0.15436258094399524,1.5119391747088529,0.5915121454230086,-1.2778587188319563,18117
-1.0048844741552696,2.8663624207137426,1.6411150319487082,-0.347327850411249,-0.38118359229884297,2.208424349499679,1.0463932468041202,18118
1.5505728860964363,-0.951242971618668,-1.0953903137214327,-0.5878678667554564,-0.24605282310676654,-0.13142378134518384,-1.2778587188319563,18119
1.1476550127690195,-0.951242971618668,-1.4800843233344396,-1.2372799433491202,-1.765095608343611,-0.5827124735718688,-1.2778587188319563,18120
0.8791199348959138,-0.3565098415904979,-0.07393272885377644,0.20564626112722387,0.38417602789002336,-0.16137409356206325,-0.5700102969183597,18121
-1.219473754807221,0.8863002017334407,0.7296983098792097,0.0853730445809183,0.2972621547176033,1.7019692835887885,0.6827513965678106,18122
-0.45739843875914415,-0.3565098415904979,-0.1763257160281604,0.03307540006493408,0.6998137004470599,-0.07440725075751485,-0.4563592714905112,18123
-0.2969414599191216,0.39276528972337893,0.36363394249793113,0.012927713735215757,0.2834816318938782,1.3746352363102152,0.9579634571208487,18125
0.22009442484988165,-0.951242971618668,-1.0205608721591095,-0.4615463181453853,-0.20232839148992285,0.35451443417019673,-1.2778587188319563,18126
-0.6238468161312312,0.06546002950528196,-0.5771107689376088,-1.18383228280937,-1.0040279871313869,0.16583248100890577,0.5966633790454322,18127
1.242037063618065,-0.951242971618668,-1.470193500931718,-1.2205829858835435,-1.2900838987664411,-0.804736104337389,-1.2778587188319563,18129
-0.7902951935033181,0.06546002950528196,0.31100553565319977,0.31024526280700154,0.6356425236120364,0.46608857510276935,0.1987365420688429,18130
1.1406836993454563,-0.951242971618668,0.2085392833032922,1.6133299844604085,2.4075623289739125,-2.5238496442644585,-1.2778587188319563,18133
-0.3214002120141793,0.6601931595334521,-0.03981226868128188,-0.9641637188886854,-0.8797832746850911,-0.9409204605414276,0.7320355214809848,18135
0.24377657603468808,0.06546002950528196,0.07159768608929512,-0.09301830324148573,-0.2254345056734089,0.004760574858854357,0.9143466620966694,18136
1.3861432517885042,-0.951242971618668,-1.2290747397163704,-0.8135440627038663,-1.5445535148718397,-1.1950730719486045,-1.2778587188319563,18138
-0.662107772231435,0.8863002017334407,1.96473738689777,2.1673238906635643,1.9878655884548722,0.02964812480486719,-1.2778587188319563,18139
0.9178780087132298,-0.3565098415904979,0.2804509465753613,0.8031534325702742,1.572893621253479,-1.1019923666914786,0.33300395248729253,18142
0.7001347059966991,-0.3565098415904979,0.26518103327089776,0.7774013677250771,0.6766676074178869,0.4809368170315517,0.009277491406272221,18143
-1.219473754807221,1.794302194169694,1.110285887918845,-0.2036725665685378,-0.3593905245426533,-0.19237550596065342,1.0540221847933684,18144
-0.8898996118236581,0.39276528972337893,1.1027460680525545,1.258492359214543,1.604287247198071,1.4266178524318345,0.9754646166731504,18145
0.8382370952284046,-0.3565098415904979,-1.1900897833585422,-1.6723076162215977,-0.7789815234862738,-1.0177906266090588,0.45329475986215134,18146
0.013483028875857768,-0.3565098415904979,-1.1013801472445852,-1.5234277723418874,-0.46729190322285824,-1.2991284475109868,0.3589186657548093,18147
0.0888931606621161,0.06546002950528196,-0.12581090473268636,-0.42530872931356717,-0.4475280800326194,-0.9409204605414276,0.8582862666848654,18149
-0.25030595595327615,0.06546002950528196,-0.1872906474350167,-0.5287435228899036,-0.3718006352684551,-0.13142378134518384,0.7510781342259888,18150
0.8060338883139719,-0.3565098415904979,-0.07387180647504034,0.20574894886037368,0.1511331195168518,0.10036182276301958,0.7171259133198687,18151
-1.8243669630413246,-0.3565098415904979,-0.46588724274200477,-0.4547189658374525,-0.2152666036466048,-0.6867678491342508,0.1892166181336462,18154
0.3719639973065715,0.06546002950528196,-0.5227959519141566,-1.0926484866048602,-0.6164157109636774,-0.48963176831474303,0.8475112971565278,18155
-0.8898996118236581,-0.3565098415904979,-0.047165966721619115,0.25076412513142515,-0.09997857205803377,0.9410161250555489,1.04418621466031,18156
-1.140882700900234,-0.3565098415904979,-0.3646044915242725,-0.28414116658183586,0.148005964307137,-0.29249568749523525,0.45329475986215134,18158
1.4011121509027604,-0.951242971618668,-0.24017872350926334,0.8558373141111718,-0.11971059338832668,-0.32855986216469163,-1.2778587188319563,18159
0.17034765419645906,-0.3565098415904979,-0.09272226245043584,0.17397613316916014,-0.05775965059743895,0.0774137897288553,0.6855044232228671,18160
-0.7902951935033181,0.6601931595334521,0.6487235837597812,0.19363126638744974,0.05259616447132121,0.3198649108815007,0.9819946451186197,18161
-0.14507188746243174,-0.951242971618668,-0.46497135450852606,0.4763589607907238,0.19100749731358085,-0.29249568749523525,-1.2778587188319563,18164
1.0067837161975963,-0.951242971618668,-0.686481011906738,0.10242268156133143,0.5487650833911784,-1.0177906266090588,-1.2778587188319563,18165
-0.48784858938626624,0.06546002950528196,0.5244195674013344,0.6699199362882702,-0.21671349560996098,-0.29249568749523525,0.467838404378517,18167
1.0025813101137504,0.8863002017334407,0.38330065056738094,-0.49735465643278615,-0.49854227865377465,0.9143774355896803,0.8093117335984669,18168
0.22009442484988165,-0.951242971618668,-1.0044660315677227,-0.4343761943854364,-1.0277486713972925,-1.1019923666914786,-1.2778587188319563,18169
-0.2280378812240346,0.06546002950528196,0.24921493645977286,0.20613909080794424,-0.1411502945540955,-0.13142378134518384,0.7823419441480298,18170
0.19563567275482363,0.6601931595334521,0.430796900540883,-0.17321463526928835,-0.5264805600750356,0.2069305701444127,0.9410900999210926,18171
-0.7902951935033181,2.497736332885561,1.877295042764237,0.4018910446397802,0.030546889965683995,0.9410161250555489,0.9425240678339961,18172
0.48131920946767887,0.39276528972337893,0.8587451380341942,0.8470923763653682,0.7520226430168362,-0.32855986216469163,0.790838136683051,18173
-1.3073310782723213,-0.951242971618668,-1.5326053959491448,-1.3259421475408464,-1.2454847475274144,-2.5238496442644585,-1.2778587188319563,18174
1.5300791490861363,-0.951242971618668,-0.3253217765364664,0.7121050866986791,0.668844206180127,-0.1024556255368702,-1.2778587188319563,18176
-0.2732593087343148,0.8863002017334407,0.49870255031109995,-0.3033196162790318,-0.29933129371155714,0.3878561117744264,0.861813591245302,18177
0.772377422803206,0.39276528972337893,0.634880714704324,0.46980090235413446,0.5121006994657538,0.7460640987439856,0.8806702507149227,18178
-1.140882700900234,0.8863002017334407,0.7302895303059693,0.08636832465566015,0.42236456037871534,0.8091944917842315,1.0107160654750915,18179
-1.5219203589242727,0.8863002017334407,0.7524543725951383,0.12368282197472245,0.6837911466794825,1.0083591604032482,0.6686909187201814,18180
-0.45739843875914415,-0.951242971618668,-0.5330677689683556,0.36140361233747487,-0.16854307564279833,0.14454350874121646,-1.2778587188319563,18181
1.1914464861926266,-0.3565098415904979,-0.10023034250628603,0.1613214413096002,0.20001021192723978,0.05385373755105001,0.2514891504230854,18183
-0.7902951935033181,-0.951242971618668,-2.1114676918020368,-2.3031348155259006,-1.0458763895276026,-2.5238496442644585,-1.2778587188319563,18184
1.2601575929199522,-0.951242971618668,-0.6817920770031055,0.11033819590958911,0.18496504294780686,-0.5827124735718688,-1.2778587188319563,18185
-0.7902951935033181,0.06546002950528196,0.8176885508801541,1.1643979575302736,1.023390096823574,0.5379533476192208,0.9425240678339961,18188
0.4008421239442265,-0.3565098415904979,0.33386929801381904,0.8932449692703606,0.668844206180127,0.5651385571139715,0.7970924793348777,18189
1.0671340092552157,-0.3565098415904979,-0.7352318235500547,-0.9080590112042614,-0.8766384768274477,-0.7437843797219198,0.6715433334676023,18190
1.2979708596357558,-0.951242971618668,-0.9845552251512117,-0.40076423834118047,-0.11177582607472476,-1.2991284475109868,-1.2778587188319563,18191
0.34192268478610366,-0.951242971618668,0.23085512102493658,1.6510019371126452,0.8694817173582902,0.24620146194085193,-1.2778587188319563,18192
0.9547213050134129,-0.951242971618668,-0.8578694759439185,-0.18690269277072735,-0.24605282310676654,-0.6332090513304633,-1.2778587188319563,18193
0.43768542024440965,-0.951242971618668,0.24394101002573326,1.6730925705452544,1.5623762781433095,-1.2991284475109868,-1.2778587188319563,18194
0.5462231801517399,-0.3565098415904979,-0.034320877808252166,0.27241651414243967,0.36629749877120676,1.1774991554907075,0.8073012573700791,18196
-1.6579185856692376,2.2716292906855724,1.612668101595991,0.17448316793399465,0.4841805550100314,0.7569041071179524,1.0166928470393448,18198
0.6271416153756115,-0.951242971618668,-1.2410992275224126,-0.8338429168605833,-0.4404272273554374,-0.13142378134518384,-1.2778587188319563,18200
1.0974295479827447,0.06546002950528196,0.5313673796777454,0.68163189230431,0.24778899291038337,0.41998509241608295,0.5862207166105062,18202
0.9178780087132298,-0.951242971618668,-1.1897439751948258,-0.7471487645612018,-1.4100738030285696,-0.48963176831474303,-1.2778587188319563,18203
0.33163389949978844,0.06546002950528196,0.8073919674381793,1.1470334834615348,1.0441404947164337,1.3474500268154646,0.6200069119935872,18204
-0.16496440251850533,-0.3565098415904979,-0.259611543225871,-0.10726451918156779,-0.5287768123827928,-0.1024556255368702,0.16945961509223864,18205
-0.3214002120141793,-0.951242971618668,-1.3026785142654134,-0.9377965305889544,-1.0830408343107478,-1.1950730719486045,-1.2778587188319563,18209
-2.038956243693276,0.8863002017334407,1.0328816867090804,0.5960003178823865,0.45295387567241147,1.0164272493406568,0.9279446374825362,18210
-0.3999912659211662,0.6601931595334521,-0.14158393677430872,-1.134900469394116,-0.8487275032752692,0.0774137897288553,0.9081495510819382,18211
1.4604379269474606,-0.951242971618668,-0.9535872065778166,-0.3484863116067069,-0.5757239638606161,-0.1024556255368702,-1.2778587188319563,18212
1.2234653547626348,-0.951242971618668,-0.8954856060923171,-0.2504034715264543,0.4481794353930975,-0.6867678491342508,-1.2778587188319563,18213
0.49808227687187545,-0.951242971618668,-0.6947204141962631,0.08851352982768795,-0.30089158801982474,-0.804736104337389,-1.2778587188319563,18215
-0.2732593087343148,-0.951242971618668,-0.3163534331842812,0.7272447830142169,0.2834816318938782,-0.2245044866023096,-1.2778587188319563,18216
-0.3214002120141793,-0.3565098415904979,-0.11333399706413828,0.13923599190893787,0.5109706131031176,-0.19237550596065342,0.1987365420688429,18217
1.13717345707023,-0.3565098415904979,-0.08792119591819875,0.18206831528689815,0.6083503380767865,-0.5827124735718688,0.4061459011556239,18218
-1.8243669630413246,1.5492685361090064,0.8445991756968255,-0.4060795893543696,-0.6184898140759447,0.46608857510276935,1.0551001055883238,18219
1.1914464861926266,-0.951242971618668,-0.6791064219845669,0.11487192078967716,0.6883007227267911,-2.1656416572948998,-1.2778587188319563,18220
-0.5195948743219904,0.6601931595334521,0.2975241916969785,-0.39740374527476674,0.023566090066183286,0.4809368170315517,0.7950186807341812,18221
0.530518913644861,-0.951242971618668,-0.3830637118629263,0.6146294068340099,0.8562883077411183,-0.48963176831474303,-1.2778587188319563,18222
-1.5219203589242727,2.0042014208754995,1.7547955032432332,0.6744548719753296,0.3406253224924664,1.0709304081093147,1.0408523744008888,18223
1.3036218344423172,-0.951242971618668,-1.1970376330719796,-0.7594613802755225,-0.8924519348921129,-1.0177906266090588,-1.2778587188319563,18224
-1.8243669630413246,1.794302194169694,1.6242488923630414,0.6615346265278418,0.6172937932092286,1.296303614824912,1.0496808474101464,18225
-0.018953607897127814,1.6768961606574022,1.5831090242186336,0.7090771545677113,0.788193035035701,1.2420131817010367,0.9674833810560453,18226
1.1614051736721587,-0.951242971618668,-1.6144988250203356,-1.4641885992752999,-2.1828151445323565,-1.5532810589181636,-1.2778587188319563,18227
0.17034765419645906,-0.3565098415904979,0.0670876532599738,0.4433734676672555,-0.29156241139212863,-0.32855986216469163,-0.039157503193415405,18228
-0.9451786088758904,2.497736332885561,1.846693573164799,0.3503638689737373,-0.24249106256503014,0.5784237638341764,1.0496808474101464,18229
-1.140882700900234,1.0821630306292318,1.0883145350279935,0.4824159252322708,0.21485503980689688,-0.04722204126276407,0.9674833810560453,18230
1.0671340092552157,0.6601931595334521,0.8453688178587099,0.5248683172000432,0.062107265071562244,0.9919985150884222,0.5294161986208543,18231
0.43768542024440965,0.39276528972337893,-0.15105745671883716,-0.8527155219887286,-0.7934600399907384,-0.07440725075751485,0.6000838136265219,18232
1.4604379269474606,-0.951242971618668,-0.3884688899153411,0.6055047835862802,-3.8345524849439534,-2.5238496442644585,-1.2778587188319563,18233
0.34192268478610366,0.06546002950528196,0.7317590129636421,1.019490892687975,1.358061506393589,0.9410161250555489,0.6909535817020049,18235
-0.2969414599191216,0.8863002017334407,0.1652702008874196,-0.863603654639732,-0.9220390299421732,0.18662048949877436,0.8364341866318548,18236
-1.8243669630413246,0.6601931595334521,0.2547124424776823,-0.46939165220779805,-0.24249106256503014,0.14454350874121646,0.6511299064708088,18237
1.1648034716087685,0.6601931595334521,0.6201200438456935,0.14546598715591033,0.029154222574982094,0.7460640987439856,0.712028323544415,18239
0.013483028875857768,-0.951242971618668,-0.4206004714501582,0.5512626156103465,-0.2283567356592486,-1.4170967027141252,-1.2778587188319563,18240
-1.0697884448393309,2.2716292906855724,0.8458763749845142,-1.1135779848557166,-1.0130381644432809,0.49553962220406433,0.8326717036568722,18241
0.34192268478610366,0.39276528972337893,0.9049078549820564,0.9249132595257454,0.5498575186586795,0.6541944280815882,0.679979050269439,18242
-1.3073310782723213,1.0821630306292318,1.0161937824542724,0.36093834606660985,0.5549932007139684,1.3136835116947465,1.0340990864263035,18245
-0.45739843875914415,-0.3565098415904979,-0.14686722144578038,0.08272036104304654,-0.6891943752664562,-1.9114890458877223,0.8345574243076903,18246
0.7371303096188849,-0.3565098415904979,0.09134034089767668,0.4842634933454762,0.5553036951042996,0.12272883006199294,0.36514017585093383,18248
-0.702437870038218,-0.951242971618668,-1.6012310058453845,-1.4417908447302212,-0.21093716091886555,-1.1950730719486045,-1.2778587188319563,18249
1.4230169091244451,-0.951242971618668,-0.5721103918310636,0.2954947337083515,0.2779213704860009,-0.4054300282323229,-1.2778587188319563,18250
0.48131920946767887,-0.951242971618668,1.4300625160005873,3.6754154844435476,4.3657376308450315,-0.6332090513304633,-1.2778587188319563,18251
0.0888931606621161,-0.3565098415904979,-0.2582131499042712,-0.10490839598964338,-0.31029949280696056,0.8489067773437937,0.6200069119935872,18252
0.49808227687187545,-0.951242971618668,-1.5379382633843997,-1.3349447013336948,-0.8155366049848971,-1.4170967027141252,-1.2778587188319563,18255
-0.10681093136222787,1.2549262895616227,0.9415817705045018,0.05614868405933496,-0.19272232831113895,0.9143774355896803,0.9143466620966694,18257
-0.42814272410688714,0.06546002950528196,0.9419123839624818,1.3739096706946436,0.47652410037924225,-0.19237550596065342,1.0272283440948966,18259
0.9898301430825142,0.8863002017334407,1.0349979076130655,0.5995659765538716,0.5124771404962684,0.8091944917842315,0.786612880082922,18260
-0.0357166753013247,-0.3565098415904979,-0.6312200297416912,-0.733048737185131,-0.8305009921012262,-0.48963176831474303,0.29063577711451954,18261
0.8329655177619129,-0.951242971618668,-1.2456953162990574,-0.8416016952196543,0.17888965951286112,-0.804736104337389,-1.2778587188319563,18262
-0.3999912659211662,0.06546002950528196,0.4189671643457946,0.4921772065355106,1.2776654036418225,0.4809368170315517,0.8653097001348805,18263
0.34192268478610366,-0.3565098415904979,0.0888506504960109,0.4800658040313514,0.004496627504056175,0.22678420562437498,0.4818655959872372,18265
0.8005288809889273,-0.951242971618668,-2.630286390982347,-3.1789663085851494,-4.404036266822083,-2.5238496442644585,-1.2778587188319563,18268
1.546518935319535,-0.951242971618668,-1.1503329391629746,-0.6806179579705322,-0.7861972774880905,-1.2991284475109868,-1.2778587188319563,18269
-0.12569611998983565,-0.3565098415904979,-0.7388989409464664,-0.9142279083911798,-1.2346082700249934,-0.9409204605414276,0.868775141007578,18270
-1.8243669630413246,0.8863002017334407,1.1610101900587249,0.8119171127648365,0.8781913718242932,0.9322255092582371,0.8954558413812965,18272
-2.038956243693276,0.06546002950528196,-0.9991984144258258,-1.8910136867003988,-1.9273118425844469,-2.5238496442644585,0.912806474078564,18273
-0.2969414599191216,-0.951242971618668,-1.1166447439997484,-0.6237480295834184,-0.6247353771966503,-0.9409204605414276,-1.2778587188319563,18274
-0.018953607897127814,-0.951242971618668,-0.603232955986495,0.24295591451168563,0.2029950332585253,-0.7437843797219198,-1.2778587188319563,18276
0.1830988212276959,-0.951242971618668,-1.4855770372796022,-1.246552338239936,-0.9084929325230912,-1.1950730719486045,-1.2778587188319563,18277
0.3620840501269106,-0.951242971618668,-1.125799904758784,-0.6392030972774935,-0.9412844171465856,-1.1019923666914786,-1.2778587188319563,18278
1.3420235178529878,-0.951242971618668,-1.0958292131043577,-0.5886087843485525,-1.3605176400597676,-1.0177906266090588,-1.2778587188319563,18280
1.023360511879782,-0.951242971618668,-1.7314730210462381,-1.661655816468191,-1.1613066551175502,-1.2991284475109868,-1.2778587188319563,18281
-1.219473754807221,-0.3565098415904979,-1.1071035715550275,-1.533036164451857,-1.2131685688592242,-0.8702067625832752,0.6101709418605287,18282
-1.6579185856692376,2.1877897649392297,0.8328902560328978,-1.0543923254235523,-0.6670202278746437,1.7865069999439451,1.017877428815222,18283
-0.0357166753013247,0.06546002950528196,0.7496532647610541,1.0496654495272781,1.3636884210586608,0.4809368170315517,0.7246510499143011,18287
